,,,text,favorited,favoriteCount,replyToSN,created,truncated,replyToSID,id,replyToUID,statusSource,screenName,retweetCount,isRetweet,retweeted,longitude,latitude
0,0,1,"RT @MersalSiva__: #9GloriousYrsOfPrinceSK

#Active Prince SK  Fans Follow Me &amp; Retweet  Tweet !

Will Follow Back Everyone Who RetweetsÂ",False,0,,2021-02-02 14:27:53,False,,1356610295381151750,,"<a href=""http://twitter.com/download/android"" rel=""nofollow"">Twitter for Android</a>",Selvamediawork1,44,True,False,,
1,1,2,"RT @MersalSiva__: #9GloriousYrsOfPrinceSK

#Active Prince SK  Fans Follow Me &amp; Retweet  Tweet !

Will Follow Back Everyone Who RetweetsÂ",False,0,,2021-02-02 14:24:40,False,,1356609483707834370,,"<a href=""http://twitter.com/download/android"" rel=""nofollow"">Twitter for Android</a>",Gokulskfc,44,True,False,,
2,2,3,"RT @MersalSiva__: #9GloriousYrsOfPrinceSK

#Active Prince SK  Fans Follow Me &amp; Retweet  Tweet !

Will Follow Back Everyone Who RetweetsÂ",False,0,,2021-02-02 13:57:25,False,,1356602625513332737,,"<a href=""http://twitter.com/download/android"" rel=""nofollow"">Twitter for Android</a>",nandhaskfc,44,True,False,,
3,3,4,"RT @MersalSiva__: #9GloriousYrsOfPrinceSK

#Active Prince SK  Fans Follow Me &amp; Retweet  Tweet !

Will Follow Back Everyone Who RetweetsÂ",False,0,,2021-02-02 13:24:37,False,,1356594372087713794,,"<a href=""http://twitter.com/download/android"" rel=""nofollow"">Twitter for Android</a>",ranganathan02,44,True,False,,
4,4,5,"RT @SKfanabi: #9GloriousYrsOfPrinceSK

#Active Prince SK  Fans Follow Me &amp; Retweet  Tweet !

Will Follow Back Everyone Who Retweets thiÂ",False,0,,2021-02-02 13:13:00,False,,1356591449450504206,,"<a href=""http://twitter.com/download/android"" rel=""nofollow"">Twitter for Android</a>",MahroofSKFC,5,True,False,,
5,5,6,"RT @SKfanabi: #9GloriousYrsOfPrinceSK

#Active Prince SK  Fans Follow Me &amp; Retweet  Tweet !

Will Follow Back Everyone Who Retweets thiÂ",False,0,,2021-02-02 13:00:41,False,,1356588350098968583,,"<a href=""http://twitter.com/download/android"" rel=""nofollow"">Twitter for Android</a>",SNBalajiSK6,5,True,False,,
6,6,7,"RT @MersalSiva__: #9GloriousYrsOfPrinceSK

#Active Prince SK  Fans Follow Me &amp; Retweet  Tweet !

Will Follow Back Everyone Who RetweetsÂ",False,0,,2021-02-02 12:57:38,False,,1356587582545555458,,"<a href=""http://twitter.com/download/android"" rel=""nofollow"">Twitter for Android</a>",Ajithaj21,44,True,False,,
7,7,8,"RT @MersalSiva__: #9GloriousYrsOfPrinceSK

#Active Prince SK  Fans Follow Me &amp; Retweet  Tweet !

Will Follow Back Everyone Who RetweetsÂ",False,0,,2021-02-02 12:56:39,False,,1356587333609381909,,"<a href=""http://twitter.com/download/android"" rel=""nofollow"">Twitter for Android</a>",SsJds77,44,True,False,,
8,8,9,"RT @MersalSiva__: #9GloriousYrsOfPrinceSK

#Active Prince SK  Fans Follow Me &amp; Retweet  Tweet !

Will Follow Back Everyone Who RetweetsÂ",False,0,,2021-02-02 12:56:24,False,,1356587272305577985,,"<a href=""http://twitter.com/download/iphone"" rel=""nofollow"">Twitter for iPhone</a>",vesagan246,44,True,False,,
9,9,10,"RT @MersalSiva__: #9GloriousYrsOfPrinceSK

#Active Prince SK  Fans Follow Me &amp; Retweet  Tweet !

Will Follow Back Everyone Who RetweetsÂ",False,0,,2021-02-02 12:55:53,False,,1356587143922126848,,"<a href=""http://twitter.com/download/android"" rel=""nofollow"">Twitter for Android</a>",bsk5496,44,True,False,,
10,10,11,"RT @SKfanabi: #9GloriousYrsOfPrinceSK

#Active Prince SK  Fans Follow Me &amp; Retweet  Tweet !

Will Follow Back Everyone Who Retweets thiÂ",False,0,,2021-02-02 12:48:30,False,,1356585283643351041,,"<a href=""http://twitter.com/download/android"" rel=""nofollow"">Twitter for Android</a>",Sasikumar996665,5,True,False,,
11,11,12,"RT @MersalSiva__: #9GloriousYrsOfPrinceSK

#Active Prince SK  Fans Follow Me &amp; Retweet  Tweet !

Will Follow Back Everyone Who RetweetsÂ",False,0,,2021-02-02 12:47:03,False,,1356584920148246529,,"<a href=""http://twitter.com/download/android"" rel=""nofollow"">Twitter for Android</a>",Vjsiva05,44,True,False,,
12,12,13,"RT @MersalSiva__: #9GloriousYrsOfPrinceSK

#Active Prince SK  Fans Follow Me &amp; Retweet  Tweet !

Will Follow Back Everyone Who RetweetsÂ",False,0,,2021-02-02 12:46:40,False,,1356584824165728256,,"<a href=""http://twitter.com/download/android"" rel=""nofollow"">Twitter for Android</a>",RithisKumar4,44,True,False,,
13,13,14,"RT @MersalSiva__: #9GloriousYrsOfPrinceSK

#Active Prince SK  Fans Follow Me &amp; Retweet  Tweet !

Will Follow Back Everyone Who RetweetsÂ",False,0,,2021-02-02 12:46:18,False,,1356584731924594689,,"<a href=""http://twitter.com/download/android"" rel=""nofollow"">Twitter for Android</a>",BalamuruganSk5,44,True,False,,
14,14,15,"RT @MersalSiva__: #9GloriousYrsOfPrinceSK

#Active Prince SK  Fans Follow Me &amp; Retweet  Tweet !

Will Follow Back Everyone Who RetweetsÂ",False,0,,2021-02-02 12:45:25,False,,1356584509957939201,,"<a href=""http://twitter.com/download/android"" rel=""nofollow"">Twitter for Android</a>",Karthik_MrLocal,44,True,False,,
15,15,16,"RT @MersalSiva__: #9GloriousYrsOfPrinceSK

#Active Prince SK  Fans Follow Me &amp; Retweet  Tweet !

Will Follow Back Everyone Who RetweetsÂ",False,0,,2021-02-02 12:45:10,False,,1356584443822018570,,"<a href=""http://twitter.com/download/android"" rel=""nofollow"">Twitter for Android</a>",SkFan01480084,44,True,False,,
16,16,17,"RT @MersalSiva__: #9GloriousYrsOfPrinceSK

#Active Prince SK  Fans Follow Me &amp; Retweet  Tweet !

Will Follow Back Everyone Who RetweetsÂ",False,0,,2021-02-02 12:44:54,False,,1356584377489059840,,"<a href=""http://twitter.com/download/android"" rel=""nofollow"">Twitter for Android</a>",AzhagarSridhara,44,True,False,,
17,17,18,"RT @MersalSiva__: #9GloriousYrsOfPrinceSK

#Active Prince SK  Fans Follow Me &amp; Retweet  Tweet !

Will Follow Back Everyone Who RetweetsÂ",False,0,,2021-02-02 12:44:43,False,,1356584333817991169,,"<a href=""http://twitter.com/download/android"" rel=""nofollow"">Twitter for Android</a>",Ganesh_2001_,44,True,False,,
18,18,19,"RT @MersalSiva__: #9GloriousYrsOfPrinceSK

#Active Prince SK  Fans Follow Me &amp; Retweet  Tweet !

Will Follow Back Everyone Who RetweetsÂ",False,0,,2021-02-02 12:44:27,False,,1356584266210115587,,"<a href=""http://twitter.com/download/android"" rel=""nofollow"">Twitter for Android</a>",SkGuru72582759,44,True,False,,
19,19,20,"RT @MersalSiva__: #9GloriousYrsOfPrinceSK

#Active Prince SK  Fans Follow Me &amp; Retweet  Tweet !

Will Follow Back Everyone Who RetweetsÂ",False,0,,2021-02-02 12:44:18,False,,1356584226074685441,,"<a href=""http://twitter.com/download/android"" rel=""nofollow"">Twitter for Android</a>",AnufTomnic,44,True,False,,
20,20,21,"RT @MersalSiva__: #9GloriousYrsOfPrinceSK

#Active Prince SK  Fans Follow Me &amp; Retweet  Tweet !

Will Follow Back Everyone Who RetweetsÂ",False,0,,2021-02-02 12:44:12,False,,1356584200812462080,,"<a href=""http://twitter.com/download/android"" rel=""nofollow"">Twitter for Android</a>",KarthiS52538765,44,True,False,,
21,21,22,"RT @MersalSiva__: #9GloriousYrsOfPrinceSK

#Active Prince SK  Fans Follow Me &amp; Retweet  Tweet !

Will Follow Back Everyone Who RetweetsÂ",False,0,,2021-02-02 12:44:03,False,,1356584164250640385,,"<a href=""http://twitter.com/download/android"" rel=""nofollow"">Twitter for Android</a>",DON72281525,44,True,False,,
22,22,23,"RT @MersalSiva__: #9GloriousYrsOfPrinceSK

#Active Prince SK  Fans Follow Me &amp; Retweet  Tweet !

Will Follow Back Everyone Who RetweetsÂ",False,0,,2021-02-02 12:43:54,False,,1356584128465010689,,"<a href=""http://twitter.com/download/android"" rel=""nofollow"">Twitter for Android</a>",SkArunachalam,44,True,False,,
23,23,24,"RT @MersalSiva__: #9GloriousYrsOfPrinceSK

#Active Prince SK  Fans Follow Me &amp; Retweet  Tweet !

Will Follow Back Everyone Who RetweetsÂ",False,0,,2021-02-02 12:43:40,False,,1356584067664281601,,"<a href=""http://twitter.com/download/android"" rel=""nofollow"">Twitter for Android</a>",remo_lokesh,44,True,False,,
24,24,25,"RT @MersalSiva__: #9GloriousYrsOfPrinceSK

#Active Prince SK  Fans Follow Me &amp; Retweet  Tweet !

Will Follow Back Everyone Who RetweetsÂ",False,0,,2021-02-02 12:43:31,False,,1356584027940024321,,"<a href=""http://twitter.com/download/android"" rel=""nofollow"">Twitter for Android</a>",Raja_Master01,44,True,False,,
25,25,26,"RT @MersalSiva__: #9GloriousYrsOfPrinceSK

#Active Prince SK  Fans Follow Me &amp; Retweet  Tweet !

Will Follow Back Everyone Who RetweetsÂ",False,0,,2021-02-02 12:43:30,False,,1356584026509729793,,"<a href=""http://twitter.com/download/android"" rel=""nofollow"">Twitter for Android</a>",HmohammedZubai4,44,True,False,,
26,26,27,"RT @MersalSiva__: #9GloriousYrsOfPrinceSK

#Active Prince SK  Fans Follow Me &amp; Retweet  Tweet !

Will Follow Back Everyone Who RetweetsÂ",False,0,,2021-02-02 12:43:26,False,,1356584007014772737,,"<a href=""http://twitter.com/download/android"" rel=""nofollow"">Twitter for Android</a>",ShanthaSoruban3,44,True,False,,
27,27,28,"RT @MersalSiva__: #9GloriousYrsOfPrinceSK

#Active Prince SK  Fans Follow Me &amp; Retweet  Tweet !

Will Follow Back Everyone Who RetweetsÂ",False,0,,2021-02-02 12:43:22,False,,1356583991101558790,,"<a href=""http://twitter.com/download/android"" rel=""nofollow"">Twitter for Android</a>",SVengat78149504,44,True,False,,
28,28,29,"RT @MersalSiva__: #9GloriousYrsOfPrinceSK

#Active Prince SK  Fans Follow Me &amp; Retweet  Tweet !

Will Follow Back Everyone Who RetweetsÂ",False,0,,2021-02-02 12:43:10,False,,1356583941650583552,,"<a href=""https://mobile.twitter.com"" rel=""nofollow"">Twitter Web App</a>",Sksister2,44,True,False,,
29,29,30,"RT @MersalSiva__: #9GloriousYrsOfPrinceSK

#Active Prince SK  Fans Follow Me &amp; Retweet  Tweet !

Will Follow Back Everyone Who RetweetsÂ",False,0,,2021-02-02 12:43:08,False,,1356583935497572352,,"<a href=""http://twitter.com/download/android"" rel=""nofollow"">Twitter for Android</a>",ManiKan88049528,44,True,False,,
30,30,31,"RT @MersalSiva__: #9GloriousYrsOfPrinceSK

#Active Prince SK  Fans Follow Me &amp; Retweet  Tweet !

Will Follow Back Everyone Who RetweetsÂ",False,0,,2021-02-02 12:43:00,False,,1356583898243686403,,"<a href=""http://twitter.com/download/android"" rel=""nofollow"">Twitter for Android</a>",dhineshsk3,44,True,False,,
31,31,32,"RT @MersalSiva__: #9GloriousYrsOfPrinceSK

#Active Prince SK  Fans Follow Me &amp; Retweet  Tweet !

Will Follow Back Everyone Who RetweetsÂ",False,0,,2021-02-02 12:42:55,False,,1356583880665354247,,"<a href=""http://twitter.com/download/android"" rel=""nofollow"">Twitter for Android</a>",Kamalesh_SK38,44,True,False,,
32,32,33,"RT @MersalSiva__: #9GloriousYrsOfPrinceSK

#Active Prince SK  Fans Follow Me &amp; Retweet  Tweet !

Will Follow Back Everyone Who RetweetsÂ",False,0,,2021-02-02 12:42:46,False,,1356583841327009795,,"<a href=""http://twitter.com/download/android"" rel=""nofollow"">Twitter for Android</a>",Rashid_SKFC_1,44,True,False,,
33,33,34,"RT @MersalSiva__: #9GloriousYrsOfPrinceSK

#Active Prince SK  Fans Follow Me &amp; Retweet  Tweet !

Will Follow Back Everyone Who RetweetsÂ",False,0,,2021-02-02 12:42:45,False,,1356583835597746176,,"<a href=""https://mobile.twitter.com"" rel=""nofollow"">Twitter Web App</a>",SThiluxan,44,True,False,,
34,34,35,"RT @SKfanabi: #9GloriousYrsOfPrinceSK

#Active Prince SK  Fans Follow Me &amp; Retweet  Tweet !

Will Follow Back Everyone Who Retweets thiÂ",False,0,,2021-02-02 12:42:42,False,,1356583823593496577,,"<a href=""http://twitter.com/download/android"" rel=""nofollow"">Twitter for Android</a>",Kamalesh_SK38,5,True,False,,
35,35,36,"RT @MersalSiva__: #9GloriousYrsOfPrinceSK

#Active Prince SK  Fans Follow Me &amp; Retweet  Tweet !

Will Follow Back Everyone Who RetweetsÂ",False,0,,2021-02-02 12:42:33,False,,1356583785584685056,,"<a href=""http://twitter.com/download/android"" rel=""nofollow"">Twitter for Android</a>",itz_Rascal__,44,True,False,,
36,36,37,"RT @MersalSiva__: #9GloriousYrsOfPrinceSK

#Active Prince SK  Fans Follow Me &amp; Retweet  Tweet !

Will Follow Back Everyone Who RetweetsÂ",False,0,,2021-02-02 12:42:32,False,,1356583781415538688,,"<a href=""http://twitter.com/download/android"" rel=""nofollow"">Twitter for Android</a>",_SivaVenkat,44,True,False,,
37,37,38,"RT @SKfanabi: #9GloriousYrsOfPrinceSK

#Active Prince SK  Fans Follow Me &amp; Retweet  Tweet !

Will Follow Back Everyone Who Retweets thiÂ",False,0,,2021-02-02 12:42:04,False,,1356583664453177347,,"<a href=""http://twitter.com/download/android"" rel=""nofollow"">Twitter for Android</a>",SKfanabi,5,True,False,,
38,38,39,"#9GloriousYrsOfPrinceSK

#Active Prince SK  Fans Follow Me &amp; Retweet  Tweet !

Will Follow Back Everyone Who Retweets  Tweet <f0><U+009F><U+00A4><U+0097>",False,2,,2021-02-02 12:42:01,False,,1356583650821763077,,"<a href=""http://twitter.com/download/android"" rel=""nofollow"">Twitter for Android</a>",SKfanabi,5,False,False,,
39,39,40,"RT @MersalSiva__: #9GloriousYrsOfPrinceSK

#Active Prince SK  Fans Follow Me &amp; Retweet  Tweet !

Will Follow Back Everyone Who RetweetsÂ",False,0,,2021-02-02 12:41:58,False,,1356583639136362496,,"<a href=""http://twitter.com/download/android"" rel=""nofollow"">Twitter for Android</a>",Sasikumar996665,44,True,False,,
40,40,41,"RT @MersalSiva__: #9GloriousYrsOfPrinceSK

#Active Prince SK  Fans Follow Me &amp; Retweet  Tweet !

Will Follow Back Everyone Who RetweetsÂ",False,0,,2021-02-02 12:41:47,False,,1356583594500583424,,"<a href=""http://twitter.com/download/android"" rel=""nofollow"">Twitter for Android</a>",SKfanabi,44,True,False,,
41,41,42,"RT @MersalSiva__: #9GloriousYrsOfPrinceSK

#Active Prince SK  Fans Follow Me &amp; Retweet  Tweet !

Will Follow Back Everyone Who RetweetsÂ",False,0,,2021-02-02 12:41:35,False,,1356583545448275968,,"<a href=""http://twitter.com/download/android"" rel=""nofollow"">Twitter for Android</a>",Sunah85014072,44,True,False,,
42,42,43,"RT @MersalSiva__: #9GloriousYrsOfPrinceSK

#Active Prince SK  Fans Follow Me &amp; Retweet  Tweet !

Will Follow Back Everyone Who RetweetsÂ",False,0,,2021-02-02 12:41:21,False,,1356583484043616262,,"<a href=""http://twitter.com/download/android"" rel=""nofollow"">Twitter for Android</a>",vimalraj9524,44,True,False,,
43,43,44,"#9GloriousYrsOfPrinceSK

#Active Prince SK  Fans Follow Me &amp; Retweet  Tweet !

Will Follow Back Everyone Who Retweets  Tweet <f0><U+009F><U+00A4><U+0097>",False,19,,2021-02-02 12:41:00,False,,1356583395543969792,,"<a href=""https://mobile.twitter.com"" rel=""nofollow"">Twitter Web App</a>",MersalSiva__,44,False,False,,
