,,,text,favorited,favoriteCount,replyToSN,created,truncated,replyToSID,id,replyToUID,statusSource,screenName,retweetCount,isRetweet,retweeted,longitude,latitude
0,0,1,"Trickshot Edition
#basketball #basket #hoop #Rugby #sports #sport #court #net #rim #backboard #fitness #gameÂ https://.co/DePte5HCQ0",False,0,,2021-01-08 05:24:35,True,,1347413871628206080,,"<a href=""http://twitter.com/download/android"" rel=""nofollow"">Twitter for Android</a>",lsilent_hunterl,0,False,False,,
1,1,2,"#Covid19 #Update<f0><U+009F><U+00A6><U+00A0>
2021-01-05

2 #deaths, 479 new cases  445 recovered  far #today

<U+25AA><U+FE0F>Total #Cases - 45,726
<U+25AA><U+FE0F>Â https://.co/ev5XVIqUaA",False,2,,2021-01-05 16:47:51,True,,1346498659232460801,,"<a href=""http://twitter.com/download/iphone"" rel=""nofollow"">Twitter for iPhone</a>",Naveeth14,0,False,False,,
