,,,text,favorited,favoriteCount,replyToSN,created,truncated,replyToSID,id,replyToUID,statusSource,screenName,retweetCount,isRetweet,retweeted,longitude,latitude
0,0,1,@Patymkaro @PatymBank @vijayshekhar @Paytm fraudulence  patym.. #help  track   fraud..  @PatymBankÂ https://.co/MR7BIbVu4d,False,0,,2021-02-19 19:38:18,True,,1362849005919592448,,"<a href=""http://twitter.com/download/android"" rel=""nofollow"">Twitter for Android</a>",NimaManoharan,0,False,False,,
1,1,2,"RT @GayumiKW: Guys '   big help    like  three posts  fb!<f0><U+009F><U+0098><U+008C> JUST THESE THREE POSTS!

House Baratheon
ÂAnuja Dampriya -Â",False,0,,2021-02-19 07:54:54,False,,1362671992227262468,,"<a href=""http://twitter.com/download/android"" rel=""nofollow"">Twitter for Android</a>",kaviiiiisha,4,True,False,,
2,2,3,RT @tikirimaarie: Anyone ordered items  https://.co/RGswGLW7vJ ? <f0><U+009F><U+0091><U+0080> #help #RT,False,0,,2021-02-19 07:52:43,False,,1362671441888436224,,"<a href=""http://twitter.com/download/android"" rel=""nofollow"">Twitter for Android</a>",Vimukthi_93,11,True,False,,
3,3,4,"RT @Colombo_Ladyy: A'ight! I   desperate need  help. 
Dear SL Med Twitter, 
could  help   recommending hematologists  SriÂ",False,0,,2021-02-19 06:45:15,False,,1362654461617823750,,"<a href=""http://twitter.com/download/android"" rel=""nofollow"">Twitter for Android</a>",spudsyallday,16,True,False,,
4,4,5,"RT @GayumiKW: Guys '   big help    like  three posts  fb!<f0><U+009F><U+0098><U+008C> JUST THESE THREE POSTS!

House Baratheon
ÂAnuja Dampriya -Â",False,0,,2021-02-19 06:24:33,False,,1362649251839283205,,"<a href=""http://twitter.com/download/android"" rel=""nofollow"">Twitter for Android</a>",basura11_,4,True,False,,
5,5,6,"RT @GayumiKW: Guys '   big help    like  three posts  fb!<f0><U+009F><U+0098><U+008C> JUST THESE THREE POSTS!

House Baratheon
ÂAnuja Dampriya -Â",False,0,,2021-02-19 06:01:03,False,,1362643340286595075,,"<a href=""http://twitter.com/download/android"" rel=""nofollow"">Twitter for Android</a>",Sedona_B,4,True,False,,
6,6,7,"RT @GayumiKW: Guys '   big help    like  three posts  fb!<f0><U+009F><U+0098><U+008C> JUST THESE THREE POSTS!

House Baratheon
ÂAnuja Dampriya -Â",False,0,,2021-02-19 06:00:44,False,,1362643259005181957,,"<a href=""https://mobile.twitter.com"" rel=""nofollow"">Twitter Web App</a>",chamath_er,4,True,False,,
7,7,8,"Guys '   big help    like  three posts  fb!<f0><U+009F><U+0098><U+008C> JUST THESE THREE POSTS!

House Baratheon
ÂAnuja DÂ https://.co/QT54il0cKi",False,16,,2021-02-19 06:00:08,True,,1362643108513468420,,"<a href=""http://twitter.com/download/android"" rel=""nofollow"">Twitter for Android</a>",GayumiKW,4,False,False,,
8,8,9,Does anyone knows anything  CHAINS band  INC band? <f0><U+009F><U+0098><U+0087> #RT #help,False,1,,2021-02-19 05:48:22,False,,1362640147599085568,,"<a href=""http://twitter.com/download/iphone"" rel=""nofollow"">Twitter for iPhone</a>",Ruwanthi77,0,False,False,,
9,9,10,Can anyone send   link  watch  fifty shades movie <f0><U+009F><U+0098><U+0081><U+2764><U+FE0F> #help #RT,False,6,,2021-02-19 03:36:38,False,,1362606996202004482,,"<a href=""http://twitter.com/download/android"" rel=""nofollow"">Twitter for Android</a>",ItsMeKande,0,False,False,,
10,10,11,RT @tikirimaarie: Anyone ordered items  https://.co/RGswGLW7vJ ? <f0><U+009F><U+0091><U+0080> #help #RT,False,0,,2021-02-19 00:10:00,False,,1362554994914811904,,"<a href=""http://twitter.com/download/android"" rel=""nofollow"">Twitter for Android</a>",Dr_Alien_,11,True,False,,
11,11,12,RT @tikirimaarie: Anyone ordered items  https://.co/RGswGLW7vJ ? <f0><U+009F><U+0091><U+0080> #help #RT,False,0,,2021-02-18 18:45:58,False,,1362473447259967488,,"<a href=""http://twitter.com/download/android"" rel=""nofollow"">Twitter for Android</a>",YasithDanushka,11,True,False,,
12,12,13,"RT @Colombo_Ladyy: A'ight! I   desperate need  help. 
Dear SL Med Twitter, 
could  help   recommending hematologists  SriÂ",False,0,,2021-02-18 18:23:25,False,,1362467775801823236,,"<a href=""http://twitter.com/download/iphone"" rel=""nofollow"">Twitter for iPhone</a>",zzzzzeinab,16,True,False,,
13,13,14,RT @tikirimaarie: Anyone ordered items  https://.co/RGswGLW7vJ ? <f0><U+009F><U+0091><U+0080> #help #RT,False,0,,2021-02-18 15:02:24,False,,1362417187764330503,,"<a href=""http://twitter.com/download/android"" rel=""nofollow"">Twitter for Android</a>",AnneAmayaSilva,11,True,False,,
14,14,15,RT @tikirimaarie: Anyone ordered items  https://.co/RGswGLW7vJ ? <f0><U+009F><U+0091><U+0080> #help #RT,False,0,,2021-02-18 14:50:01,False,,1362414070440230915,,"<a href=""http://twitter.com/download/android"" rel=""nofollow"">Twitter for Android</a>",uruzikal,11,True,False,,
15,15,16,RT @tikirimaarie: Anyone ordered items  https://.co/RGswGLW7vJ ? <f0><U+009F><U+0091><U+0080> #help #RT,False,0,,2021-02-18 14:35:11,False,,1362410339116146692,,"<a href=""http://twitter.com/download/android"" rel=""nofollow"">Twitter for Android</a>",GayumiKW,11,True,False,,
16,16,17,RT @tikirimaarie: Anyone ordered items  https://.co/RGswGLW7vJ ? <f0><U+009F><U+0091><U+0080> #help #RT,False,0,,2021-02-18 14:33:13,False,,1362409842493718529,,"<a href=""http://twitter.com/download/iphone"" rel=""nofollow"">Twitter for iPhone</a>",sara_sach,11,True,False,,
17,17,18,RT @tikirimaarie: Anyone ordered items  https://.co/RGswGLW7vJ ? <f0><U+009F><U+0091><U+0080> #help #RT,False,0,,2021-02-18 14:31:35,False,,1362409432303480837,,"<a href=""https://mobile.twitter.com"" rel=""nofollow"">Twitter Web App</a>",Rasikalink,11,True,False,,
18,18,19,RT @tikirimaarie: Anyone ordered items  https://.co/RGswGLW7vJ ? <f0><U+009F><U+0091><U+0080> #help #RT,False,0,,2021-02-18 14:30:37,False,,1362409188991860745,,"<a href=""https://mobile.twitter.com"" rel=""nofollow"">Twitter Web App</a>",kaviiiiisha,11,True,False,,
19,19,20,RT @tikirimaarie: Anyone ordered items  https://.co/RGswGLW7vJ ? <f0><U+009F><U+0091><U+0080> #help #RT,False,0,,2021-02-18 14:29:42,False,,1362408958418378754,,"<a href=""http://twitter.com/download/android"" rel=""nofollow"">Twitter for Android</a>",__Methmal,11,True,False,,
20,20,21,Anyone ordered items  https://.co/RGswGLW7vJ ? <f0><U+009F><U+0091><U+0080> #help #RT,False,25,,2021-02-18 14:28:59,False,,1362408777505525773,,"<a href=""http://twitter.com/download/android"" rel=""nofollow"">Twitter for Android</a>",tikirimaarie,11,False,False,,
21,21,22,"RT @Colombo_Ladyy: A'ight! I   desperate need  help. 
Dear SL Med Twitter, 
could  help   recommending hematologists  SriÂ",False,0,,2021-02-18 07:56:54,False,,1362310106822504448,,"<a href=""http://twitter.com/download/android"" rel=""nofollow"">Twitter for Android</a>",praveelive,16,True,False,,
22,22,23,"RT @Colombo_Ladyy: A'ight! I   desperate need  help. 
Dear SL Med Twitter, 
could  help   recommending hematologists  SriÂ",False,0,,2021-02-18 07:33:44,False,,1362304277855625216,,"<a href=""http://twitter.com/download/android"" rel=""nofollow"">Twitter for Android</a>",MinupamaK,16,True,False,,
23,23,24,"RT @kaviiiiisha: What' best  learn?

#help",False,0,,2021-02-18 07:23:14,False,,1362301634815041542,,"<a href=""https://mobile.twitter.com"" rel=""nofollow"">Twitter Web App</a>",kaviiiiisha,1,True,False,,
24,24,25,"RT @Colombo_Ladyy: A'ight! I   desperate need  help. 
Dear SL Med Twitter, 
could  help   recommending hematologists  SriÂ",False,0,,2021-02-18 06:58:44,False,,1362295466356998146,,"<a href=""http://twitter.com/download/iphone"" rel=""nofollow"">Twitter for iPhone</a>",AnishkaW92,16,True,False,,
25,25,26,"RT @Colombo_Ladyy: A'ight! I   desperate need  help. 
Dear SL Med Twitter, 
could  help   recommending hematologists  SriÂ",False,0,,2021-02-18 06:01:02,False,,1362280947480109059,,"<a href=""https://mobile.twitter.com"" rel=""nofollow"">Twitter Web App</a>",oshadi_am,16,True,False,,
26,26,27,"RT @Colombo_Ladyy: A'ight! I   desperate need  help. 
Dear SL Med Twitter, 
could  help   recommending hematologists  SriÂ",False,0,,2021-02-18 05:12:06,False,,1362268633339072513,,"<a href=""http://twitter.com/download/android"" rel=""nofollow"">Twitter for Android</a>",Sedona_B,16,True,False,,
27,27,28,"RT @Colombo_Ladyy: A'ight! I   desperate need  help. 
Dear SL Med Twitter, 
could  help   recommending hematologists  SriÂ",False,0,,2021-02-18 04:57:16,False,,1362264900727234561,,"<a href=""http://twitter.com/download/android"" rel=""nofollow"">Twitter for Android</a>",Its_me_Navo,16,True,False,,
28,28,29,"RT @Colombo_Ladyy: A'ight! I   desperate need  help. 
Dear SL Med Twitter, 
could  help   recommending hematologists  SriÂ",False,0,,2021-02-18 04:55:29,False,,1362264450712043520,,"<a href=""http://twitter.com/download/android"" rel=""nofollow"">Twitter for Android</a>",MiyuruhansiS,16,True,False,,
29,29,30,"RT @Colombo_Ladyy: A'ight! I   desperate need  help. 
Dear SL Med Twitter, 
could  help   recommending hematologists  SriÂ",False,0,,2021-02-18 04:54:50,False,,1362264287469842434,,"<a href=""http://twitter.com/download/iphone"" rel=""nofollow"">Twitter for iPhone</a>",udaramad,16,True,False,,
30,30,31,"RT @Colombo_Ladyy: A'ight! I   desperate need  help. 
Dear SL Med Twitter, 
could  help   recommending hematologists  SriÂ",False,0,,2021-02-18 04:38:28,False,,1362260167421661186,,"<a href=""https://mobile.twitter.com"" rel=""nofollow"">Twitter Web App</a>",CrazyNalin,16,True,False,,
31,31,32,"RT @Colombo_Ladyy: A'ight! I   desperate need  help. 
Dear SL Med Twitter, 
could  help   recommending hematologists  SriÂ",False,0,,2021-02-18 04:37:35,False,,1362259946998407168,,"<a href=""https://mobile.twitter.com"" rel=""nofollow"">Twitter Web App</a>",milzybud,16,True,False,,
32,32,33,"RT @Colombo_Ladyy: A'ight! I   desperate need  help. 
Dear SL Med Twitter, 
could  help   recommending hematologists  SriÂ",False,0,,2021-02-18 04:29:18,False,,1362257862244765700,,"<a href=""http://twitter.com/download/android"" rel=""nofollow"">Twitter for Android</a>",EnThunga,16,True,False,,
33,33,34,"RT @Colombo_Ladyy: A'ight! I   desperate need  help. 
Dear SL Med Twitter, 
could  help   recommending hematologists  SriÂ",False,0,,2021-02-18 04:16:41,False,,1362254686842093571,,"<a href=""http://twitter.com/download/android"" rel=""nofollow"">Twitter for Android</a>",RansaraniBole,16,True,False,,
34,34,35,"RT @Colombo_Ladyy: A'ight! I   desperate need  help. 
Dear SL Med Twitter, 
could  help   recommending hematologists  SriÂ",False,0,,2021-02-18 04:09:51,False,,1362252967450058755,,"<a href=""http://twitter.com/download/iphone"" rel=""nofollow"">Twitter for iPhone</a>",rothbourne,16,True,False,,
35,35,36,"A'ight! I   desperate need  help. 
Dear SL Med Twitter, 
could  help   recommending hematologists Â https://.co/l8GJbmGqqv",False,24,,2021-02-18 04:09:04,True,,1362252768321232897,,"<a href=""https://mobile.twitter.com"" rel=""nofollow"">Twitter Web App</a>",Colombo_Ladyy,16,False,False,,
36,36,37,"RT @Colombo_Ladyy: Anyone    consultancy  dietician Dr.(Mrs.) Sigrid De. Silva? 
Need  help 
#lka #rt #help",False,0,,2021-02-17 18:07:44,False,,1362101439217082372,,"<a href=""http://twitter.com/download/android"" rel=""nofollow"">Twitter for Android</a>",Sedona_B,5,True,False,,
37,37,38,"RT @Dhastagirtrust: ÂHate   poison  drink hoping  enemy may dieÂ
-old saying.
#dhastagirfoundation #help #education",False,0,,2021-02-17 15:35:26,False,,1362063113126748167,,"<a href=""http://twitter.com/download/android"" rel=""nofollow"">Twitter for Android</a>",thacinemaoff,2,True,False,,
38,38,39,"RT @Dhastagirtrust: ÂHate   poison  drink hoping  enemy may dieÂ
-old saying.
#dhastagirfoundation #help #education",False,0,,2021-02-17 15:27:33,False,,1362061127128027143,,"<a href=""http://twitter.com/download/android"" rel=""nofollow"">Twitter for Android</a>",inoorulhassan,2,True,False,,
39,39,40,"RT @Colombo_Ladyy: Anyone    consultancy  dietician Dr.(Mrs.) Sigrid De. Silva? 
Need  help 
#lka #rt #help",False,0,,2021-02-17 14:45:05,False,,1362050439160598528,,"<a href=""http://twitter.com/download/android"" rel=""nofollow"">Twitter for Android</a>",WathminaWm,5,True,False,,
40,40,41,"RT @Colombo_Ladyy: Anyone    consultancy  dietician Dr.(Mrs.) Sigrid De. Silva? 
Need  help 
#lka #rt #help",False,0,,2021-02-17 14:37:58,False,,1362048649635667972,,"<a href=""http://twitter.com/download/android"" rel=""nofollow"">Twitter for Android</a>",EnThunga,5,True,False,,
41,41,42,"RT @Colombo_Ladyy: Anyone    consultancy  dietician Dr.(Mrs.) Sigrid De. Silva? 
Need  help 
#lka #rt #help",False,0,,2021-02-17 14:25:59,False,,1362045632790159366,,"<a href=""http://twitter.com/download/iphone"" rel=""nofollow"">Twitter for iPhone</a>",AnishkaW92,5,True,False,,
42,42,43,"RT @Colombo_Ladyy: Anyone    consultancy  dietician Dr.(Mrs.) Sigrid De. Silva? 
Need  help 
#lka #rt #help",False,0,,2021-02-17 14:24:51,False,,1362045350442319873,,"<a href=""http://twitter.com/download/android"" rel=""nofollow"">Twitter for Android</a>",RansaraniBole,5,True,False,,
43,43,44,"Anyone    consultancy  dietician Dr.(Mrs.) Sigrid De. Silva? 
Need  help 
#lka #rt #help",False,9,,2021-02-17 14:08:58,False,,1362041353987710976,,"<a href=""http://twitter.com/download/android"" rel=""nofollow"">Twitter for Android</a>",Colombo_Ladyy,5,False,False,,
44,44,45,"RT @ashani_jayalath: Please help! 
Does anyone know   place  find recycled polyester fabric? TIA.

#help #recycled #lka",False,0,,2021-02-17 09:11:01,False,,1361966371072970753,,"<a href=""http://twitter.com/download/iphone"" rel=""nofollow"">Twitter for iPhone</a>",AnishkaW92,3,True,False,,
45,45,46,"RT @ashani_jayalath: Please help! 
Does anyone know   place  find recycled polyester fabric? TIA.

#help #recycled #lka",False,0,,2021-02-17 09:08:09,False,,1361965648339824647,,"<a href=""https://mobile.twitter.com"" rel=""nofollow"">Twitter Web App</a>",ashandulakshana,3,True,False,,
46,46,47,"RT @ashani_jayalath: Please help! 
Does anyone know   place  find recycled polyester fabric? TIA.

#help #recycled #lka",False,0,,2021-02-17 09:07:44,False,,1361965544132337667,,"<a href=""http://twitter.com/download/android"" rel=""nofollow"">Twitter for Android</a>",DinukaNirmal,3,True,False,,
47,47,48,"Please help! 
Does anyone know   place  find recycled polyester fabric? TIA.

#help #recycled #lka",False,6,,2021-02-17 08:46:51,False,,1361960289848098822,,"<a href=""http://twitter.com/download/iphone"" rel=""nofollow"">Twitter for iPhone</a>",ashani_jayalath,3,False,False,,
48,48,49,"What' best  learn?

#help",False,22,,2021-02-17 08:30:39,False,,1361956210379923460,,"<a href=""https://mobile.twitter.com"" rel=""nofollow"">Twitter Web App</a>",kaviiiiisha,1,False,False,,
49,49,50,"RT @ravinhwg: Is   way  dynamically import Google fonts   React Native app?

example user flow,
 
user presses  drop  -&gt;Â",False,0,,2021-02-17 02:14:07,False,,1361861452852695040,,"<a href=""http://twitter.com/download/android"" rel=""nofollow"">Twitter for Android</a>",freedWrites,20,True,False,,
50,50,51,"RT @ravinhwg: Is   way  dynamically import Google fonts   React Native app?

example user flow,
 
user presses  drop  -&gt;Â",False,0,,2021-02-16 22:38:19,False,,1361807147634425857,,,CoderRetweet,20,True,False,,
51,51,52,"RT @ravinhwg: Is   way  dynamically import Google fonts   React Native app?

example user flow,
 
user presses  drop  -&gt;Â",False,0,,2021-02-16 19:16:42,False,,1361756407171801092,,"<a href=""https://twitter.com/codedailybot"" rel=""nofollow"">codedailybot</a>",codedailybot,20,True,False,,
52,52,53,"RT @ravinhwg: Is   way  dynamically import Google fonts   React Native app?

example user flow,
 
user presses  drop  -&gt;Â",False,0,,2021-02-16 19:16:42,False,,1361756407134052355,,"<a href=""https://twitter.com/codedailybot"" rel=""nofollow"">codedailybot</a>",codedailybot,20,True,False,,
53,53,54,"RT @ravinhwg: Is   way  dynamically import Google fonts   React Native app?

example user flow,
 
user presses  drop  -&gt;Â",False,0,,2021-02-16 19:16:42,False,,1361756407117316101,,"<a href=""https://twitter.com/codedailybot"" rel=""nofollow"">codedailybot</a>",codedailybot,20,True,False,,
54,54,55,"RT @ravinhwg: Is   way  dynamically import Google fonts   React Native app?

example user flow,
 
user presses  drop  -&gt;Â",False,0,,2021-02-16 19:16:17,False,,1361756303195070470,,"<a href=""https://mobile.twitter.com/MasonLasagne"" rel=""nofollow"">CoffeeSquirrels</a>",MasonLasagne,20,True,False,,
55,55,56,"RT @ravinhwg: Is   way  dynamically import Google fonts   React Native app?

example user flow,
 
user presses  drop  -&gt;Â",False,0,,2021-02-16 19:16:17,False,,1361756302108672001,,"<a href=""https://yathinbabu.github.io"" rel=""nofollow"">xael bot</a>",xaelbot,20,True,False,,
56,56,57,"RT @ravinhwg: Is   way  dynamically import Google fonts   React Native app?

example user flow,
 
user presses  drop  -&gt;Â",False,0,,2021-02-16 19:16:15,False,,1361756293648711685,,"<a href=""http://twitter.com/download/android"" rel=""nofollow"">Twitter for Android</a>",__Methmal,20,True,False,,
57,57,58,"RT @ravinhwg: Is   way  dynamically import Google fonts   React Native app?

example user flow,
 
user presses  drop  -&gt;Â",False,0,,2021-02-16 18:43:27,False,,1361748038478422017,,,30xcodes,20,True,False,,
58,58,59,"RT @ravinhwg: Is   way  dynamically import Google fonts   React Native app?

example user flow,
 
user presses  drop  -&gt;Â",False,0,,2021-02-16 18:42:30,False,,1361747802695548928,,"<a href=""http://twitter.com/download/iphone"" rel=""nofollow"">Twitter for iPhone</a>",KasunKoswattha,20,True,False,,
59,59,60,"RT @ravinhwg: Is   way  dynamically import Google fonts   React Native app?

example user flow,
 
user presses  drop  -&gt;Â",False,0,,2021-02-16 18:10:36,False,,1361739772876775426,,"<a href=""http://twitter.com/download/android"" rel=""nofollow"">Twitter for Android</a>",optimuspnj,20,True,False,,
60,60,61,"RT @ravinhwg: Is   way  dynamically import Google fonts   React Native app?

example user flow,
 
user presses  drop  -&gt;Â",False,0,,2021-02-16 14:36:10,False,,1361685808038760451,,"<a href=""https://adam-spice.online"" rel=""nofollow"">GnutsBot</a>",CodeGnuts,20,True,False,,
61,61,62,"RT @ravinhwg: Is   way  dynamically import Google fonts   React Native app?

example user flow,
 
user presses  drop  -&gt;Â",False,0,,2021-02-16 14:36:04,False,,1361685786219937793,,,CoderRetweet,20,True,False,,
62,62,63,"RT @ravinhwg: Is   way  dynamically import Google fonts   React Native app?

example user flow,
 
user presses  drop  -&gt;Â",False,0,,2021-02-16 14:20:27,False,,1361681854479405058,,"<a href=""https://pkrc267.github.io/"" rel=""nofollow"">LeetcodeBot</a>",LeetcodeB,20,True,False,,
63,63,64,"RT @ravinhwg: Is   way  dynamically import Google fonts   React Native app?

example user flow,
 
user presses  drop  -&gt;Â",False,0,,2021-02-16 14:19:57,False,,1361681728536866819,,"<a href=""http://twitter.com/download/android"" rel=""nofollow"">Twitter for Android</a>",ashandulakshana,20,True,False,,
64,64,65,"RT @ravinhwg: Is   way  dynamically import Google fonts   React Native app?

example user flow,
 
user presses  drop  -&gt;Â",False,0,,2021-02-16 14:19:39,False,,1361681654062931976,,,devvibesbot,20,True,False,,
65,65,66,"Is   way  dynamically import Google fonts   React Native app?

example user flow,
 
user presses  droÂ https://.co/NYlLiNqaGv",False,18,,2021-02-16 14:19:05,True,,1361681511242637312,,"<a href=""https://mobile.twitter.com"" rel=""nofollow"">Twitter Web App</a>",ravinhwg,20,False,False,,
66,66,67,"RT @BopeSM: Can Â help  find  Sinhala Translation   book ÂThe Good MasterÂ  Kate Seredy?

#help #rt",False,0,,2021-02-16 09:59:39,False,,1361616223474126853,,"<a href=""http://twitter.com/download/iphone"" rel=""nofollow"">Twitter for iPhone</a>",Iam_paala,5,True,False,,
67,67,68,"RT @BopeSM: Can Â help  find  Sinhala Translation   book ÂThe Good MasterÂ  Kate Seredy?

#help #rt",False,0,,2021-02-16 09:54:37,False,,1361614955795992576,,"<a href=""http://twitter.com/download/android"" rel=""nofollow"">Twitter for Android</a>",moogater,5,True,False,,
68,68,69,"RT @BopeSM: Can Â help  find  Sinhala Translation   book ÂThe Good MasterÂ  Kate Seredy?

#help #rt",False,0,,2021-02-16 09:04:17,False,,1361602290231046144,,"<a href=""https://mobile.twitter.com"" rel=""nofollow"">Twitter Web App</a>",januka91,5,True,False,,
69,69,70,"RT @BopeSM: Can Â help  find  Sinhala Translation   book ÂThe Good MasterÂ  Kate Seredy?

#help #rt",False,0,,2021-02-16 09:02:48,False,,1361601915570692100,,"<a href=""http://twitter.com/download/android"" rel=""nofollow"">Twitter for Android</a>",EnThunga,5,True,False,,
70,70,71,"Can Â help  find  Sinhala Translation   book ÂThe Good MasterÂ  Kate Seredy?

#help #rt",False,6,,2021-02-16 09:01:21,False,,1361601549428957184,,"<a href=""http://twitter.com/download/iphone"" rel=""nofollow"">Twitter for iPhone</a>",BopeSM,5,False,False,,
71,71,72,"Help someone  need  Random Acts  Kindness Day !
#RandomActsofKindnessWeek  #RandomActsofKindnessDayÂ https://.co/N8JCk1X6cM",False,0,,2021-02-16 08:09:41,True,,1361588545522049027,,"<a href=""https://mobile.twitter.com"" rel=""nofollow"">Twitter Web App</a>",KalhanRan,0,False,False,,
72,72,73,"RT @DulajMendis: Dear All,

There'  patient  need  AB- blood, admitted  Ragama Hospital.

If '  one   donate blood Â",False,0,,2021-02-15 19:39:16,False,,1361399700860116992,,"<a href=""http://twitter.com/download/iphone"" rel=""nofollow"">Twitter for iPhone</a>",KokoColette,62,True,False,,
73,73,74,"#Hinduism #SwamiVivekananda #Karma #yoga #Help #attitude #work 

Quote 74 : ""We  help    gymnasiÂ https://.co/hajAeSupzc",False,0,,2021-02-15 15:03:55,True,,1361330406381920258,,"<a href=""https://mobile.twitter.com"" rel=""nofollow"">Twitter Web App</a>",VivekanandB,0,False,False,,
74,74,75,"RT @Narpavi6: People,  1 year old child diagnosed  blood cance, I    I  help , getting treatment reqiring laks  rupees,Â",False,0,,2021-02-15 13:44:39,False,,1361310455747108870,,"<a href=""https://mobile.twitter.com"" rel=""nofollow"">Twitter Web App</a>",MaximusAstron,2,True,False,,
75,75,76,"Can  #help us find  #book titles?

#comment  Below, else #Share   #Someone else  would #love  playÂ https://.co/uJTpVjvpKx",False,2,,2021-02-15 10:17:16,True,,1361258268161544192,,"<a href=""https://mobile.twitter.com"" rel=""nofollow"">Twitter Web App</a>",dcbooksonline,0,False,False,,
76,76,77,"Hi @airtelindia, I   customer  10+ years. Due   absence     hometown I'  used  sim caÂ https://.co/3ZUl16Okpi",False,0,,2021-02-15 09:45:46,True,,1361250341514219522,,"<a href=""http://twitter.com/download/android"" rel=""nofollow"">Twitter for Android</a>",strangerksp,0,False,False,,
77,77,78,"RT @DulajMendis: Dear All,

There'  patient  need  AB- blood, admitted  Ragama Hospital.

If '  one   donate blood Â",False,0,,2021-02-15 09:27:08,False,,1361245650101309442,,"<a href=""http://twitter.com/download/android"" rel=""nofollow"">Twitter for Android</a>",WSSW6971,62,True,False,,
78,78,79,"#cancer treatment #help   one year old child  #Coimbatore # #urgent #emergency #immediately , #savechildÂ https://.co/ZGJzlptIfH",False,0,,2021-02-15 08:26:34,True,,1361230409598521349,,"<a href=""http://twitter.com/download/android"" rel=""nofollow"">Twitter for Android</a>",Narpavi6,0,False,False,,
79,79,80,"RT @Narpavi6: People,  1 year old child diagnosed  blood cance, I    I  help , getting treatment reqiring laks  rupees,Â",False,0,,2021-02-15 07:58:41,False,,1361223392209166336,,"<a href=""http://twitter.com/download/android"" rel=""nofollow"">Twitter for Android</a>",thelifesaffron,2,True,False,,
80,80,81,"People,  1 year old child diagnosed  blood cance, I    I  help , getting treatment reqiring laksÂ https://.co/8XQercvtcl",False,1,,2021-02-15 07:40:37,True,,1361218843268370438,,"<a href=""http://twitter.com/download/android"" rel=""nofollow"">Twitter for Android</a>",Narpavi6,2,False,False,,
81,81,82,"RT @DulajMendis: Dear All,

There'  patient  need  AB- blood, admitted  Ragama Hospital.

If '  one   donate blood Â",False,0,,2021-02-15 00:44:30,False,,1361114124856385539,,"<a href=""http://twitter.com/download/android"" rel=""nofollow"">Twitter for Android</a>",ArunaPriyanka16,62,True,False,,
82,82,83,How  come   huge loan ... Help   genuine jobs   could earn something #Jobs #Loan #help #Survey,False,2,,2021-02-14 17:57:48,False,,1361011777874526209,,"<a href=""http://twitter.com/download/android"" rel=""nofollow"">Twitter for Android</a>",Yazhinisiddhu,0,False,False,,
83,83,84,   alternate way  submit  #pewdiepie intro besides  reddit page? #help,False,0,,2021-02-14 17:45:52,False,,1361008772554969088,,"<a href=""https://mobile.twitter.com"" rel=""nofollow"">Twitter Web App</a>",dfordesmond,0,False,False,,
84,84,85,RT @zzzzzeinab: For  lawyer  Sri Lanka  fluency  Sinhala  must? Retweets appreciated #help,False,0,,2021-02-14 13:39:02,False,,1360946654833123329,,"<a href=""http://twitter.com/download/android"" rel=""nofollow"">Twitter for Android</a>",huzefa_hamid,10,True,False,,
85,85,86,RT @bindiyannsmitha: #GraphicDesigners #photoshopexperts '  error? #help https://.co/dNwM5x3eqa,False,0,,2021-02-14 11:25:16,False,,1360912993354096641,,"<a href=""http://twitter.com/download/android"" rel=""nofollow"">Twitter for Android</a>",samjoths,1,True,False,,
86,86,87,RT @zzzzzeinab: For  lawyer  Sri Lanka  fluency  Sinhala  must? Retweets appreciated #help,False,0,,2021-02-14 10:16:51,False,,1360895774951829508,,"<a href=""http://twitter.com/download/android"" rel=""nofollow"">Twitter for Android</a>",itsTHISleanneli,10,True,False,,
87,87,88,RT @zzzzzeinab: For  lawyer  Sri Lanka  fluency  Sinhala  must? Retweets appreciated #help,False,0,,2021-02-14 10:06:47,False,,1360893241298612225,,"<a href=""http://twitter.com/download/android"" rel=""nofollow"">Twitter for Android</a>",LowkeyAbdulllah,10,True,False,,
88,88,89,RT @zzzzzeinab: For  lawyer  Sri Lanka  fluency  Sinhala  must? Retweets appreciated #help,False,0,,2021-02-14 09:09:16,False,,1360878767514611713,,"<a href=""http://twitter.com/download/iphone"" rel=""nofollow"">Twitter for iPhone</a>",sheharijayasoo3,10,True,False,,
89,89,90,RT @zzzzzeinab: For  lawyer  Sri Lanka  fluency  Sinhala  must? Retweets appreciated #help,False,0,,2021-02-14 09:02:08,False,,1360876969919971328,,"<a href=""http://twitter.com/download/android"" rel=""nofollow"">Twitter for Android</a>",4shade17,10,True,False,,
90,90,91,RT @zzzzzeinab: For  lawyer  Sri Lanka  fluency  Sinhala  must? Retweets appreciated #help,False,0,,2021-02-14 08:52:20,False,,1360874504621150210,,"<a href=""http://twitter.com/download/android"" rel=""nofollow"">Twitter for Android</a>",Fsaara3,10,True,False,,
91,91,92,RT @zzzzzeinab: For  lawyer  Sri Lanka  fluency  Sinhala  must? Retweets appreciated #help,False,0,,2021-02-14 08:38:44,False,,1360871082543091718,,"<a href=""https://mobile.twitter.com"" rel=""nofollow"">Twitter Web App</a>",aqeela_azwar,10,True,False,,
92,92,93,#GraphicDesigners #photoshopexperts '  error? #help https://.co/dNwM5x3eqa,False,5,,2021-02-14 08:27:24,False,,1360868229845979136,,"<a href=""http://twitter.com/download/android"" rel=""nofollow"">Twitter for Android</a>",bindiyannsmitha,1,False,False,,
93,93,94,RT @zzzzzeinab: For  lawyer  Sri Lanka  fluency  Sinhala  must? Retweets appreciated #help,False,0,,2021-02-14 08:05:30,False,,1360862720355168258,,"<a href=""https://mobile.twitter.com"" rel=""nofollow"">Twitter Web App</a>",AhmedAashif1,10,True,False,,
94,94,95,RT @zzzzzeinab: For  lawyer  Sri Lanka  fluency  Sinhala  must? Retweets appreciated #help,False,0,,2021-02-14 07:50:24,False,,1360858917102702595,,"<a href=""http://twitter.com/download/android"" rel=""nofollow"">Twitter for Android</a>",MohommedRuwaiz,10,True,False,,
95,95,96,For  lawyer  Sri Lanka  fluency  Sinhala  must? Retweets appreciated #help,False,47,,2021-02-14 07:44:18,False,,1360857382381789187,,"<a href=""http://twitter.com/download/iphone"" rel=""nofollow"">Twitter for iPhone</a>",zzzzzeinab,10,False,False,,
96,96,97,"ÂHate   poison  drink hoping  enemy may dieÂ
-old saying.
#dhastagirfoundation #help #education",False,2,,2021-02-14 07:34:01,False,,1360854796396208132,,"<a href=""http://twitter.com/download/android"" rel=""nofollow"">Twitter for Android</a>",Dhastagirtrust,2,False,False,,
97,97,98,"RT @AhinsakaS: Is   intern software engineering vacancies .
#help #RETWEEET",False,0,,2021-02-13 14:32:06,False,,1360597620893224962,,"<a href=""http://twitter.com/download/android"" rel=""nofollow"">Twitter for Android</a>",DocaAyya,2,True,False,,
98,98,99,"RT @AhinsakaS: Is   intern software engineering vacancies .
#help #RETWEEET",False,0,,2021-02-13 14:29:55,False,,1360597072022409220,,"<a href=""https://mobile.twitter.com"" rel=""nofollow"">Twitter Web App</a>",AhinsakaS,2,True,False,,
99,99,100,"Is   intern software engineering vacancies .
#help #RETWEEET",False,2,,2021-02-13 14:23:11,False,,1360595380363169800,,"<a href=""https://mobile.twitter.com"" rel=""nofollow"">Twitter Web App</a>",AhinsakaS,2,False,False,,
100,100,101,"RT @DulajMendis: Dear All,

There'  patient  need  AB- blood, admitted  Ragama Hospital.

If '  one   donate blood Â",False,0,,2021-02-13 13:49:12,False,,1360586828189900800,,"<a href=""http://twitter.com/download/android"" rel=""nofollow"">Twitter for Android</a>",Satickj,62,True,False,,
101,101,102,"RT @DulajMendis: Dear All,

There'  patient  need  AB- blood, admitted  Ragama Hospital.

If '  one   donate blood Â",False,0,,2021-02-13 13:39:56,False,,1360584494655229952,,"<a href=""http://twitter.com/download/android"" rel=""nofollow"">Twitter for Android</a>",buvanaka,62,True,False,,
102,102,103,"RT @DulajMendis: Dear All,

There'  patient  need  AB- blood, admitted  Ragama Hospital.

If '  one   donate blood Â",False,0,,2021-02-13 13:32:49,False,,1360582703888797703,,"<a href=""http://twitter.com/download/iphone"" rel=""nofollow"">Twitter for iPhone</a>",ShehanThamel,62,True,False,,
103,103,104,"RT @DulajMendis: Dear All,

There'  patient  need  AB- blood, admitted  Ragama Hospital.

If '  one   donate blood Â",False,0,,2021-02-13 13:32:35,False,,1360582644010872838,,"<a href=""http://twitter.com/download/android"" rel=""nofollow"">Twitter for Android</a>",notpoos,62,True,False,,
104,104,105,"RT @DulajMendis: Dear All,

There'  patient  need  AB- blood, admitted  Ragama Hospital.

If '  one   donate blood Â",False,0,,2021-02-13 12:56:40,False,,1360573604430159874,,"<a href=""http://twitter.com/download/iphone"" rel=""nofollow"">Twitter for iPhone</a>",seyed_ruzaik,62,True,False,,
105,105,106,"RT @DulajMendis: Dear All,

There'  patient  need  AB- blood, admitted  Ragama Hospital.

If '  one   donate blood Â",False,0,,2021-02-13 12:52:03,False,,1360572444738691077,,"<a href=""http://twitter.com/download/iphone"" rel=""nofollow"">Twitter for iPhone</a>",lasankaOnIine,62,True,False,,
106,106,107,"RT @DulajMendis: Dear All,

There'  patient  need  AB- blood, admitted  Ragama Hospital.

If '  one   donate blood Â",False,0,,2021-02-13 12:09:31,False,,1360561741961207810,,"<a href=""http://twitter.com/download/android"" rel=""nofollow"">Twitter for Android</a>",dead_mans_creed,62,True,False,,
107,107,108,"RT @DulajMendis: Dear All,

There'  patient  need  AB- blood, admitted  Ragama Hospital.

If '  one   donate blood Â",False,0,,2021-02-13 09:26:13,False,,1360520642492174339,,"<a href=""http://twitter.com/download/android"" rel=""nofollow"">Twitter for Android</a>",SenaraShavi,62,True,False,,
108,108,109,"RT @DulajMendis: Dear All,

There'  patient  need  AB- blood, admitted  Ragama Hospital.

If '  one   donate blood Â",False,0,,2021-02-13 09:22:57,False,,1360519820320509953,,"<a href=""http://twitter.com/download/android"" rel=""nofollow"">Twitter for Android</a>",Rasikalink,62,True,False,,
109,109,110,"RT @DulajMendis: Dear All,

There'  patient  need  AB- blood, admitted  Ragama Hospital.

If '  one   donate blood Â",False,0,,2021-02-13 08:42:38,False,,1360509675255463940,,"<a href=""http://twitter.com/download/android"" rel=""nofollow"">Twitter for Android</a>",warunawijesuriy,62,True,False,,
110,110,111,"RT @DulajMendis: Dear All,

There'  patient  need  AB- blood, admitted  Ragama Hospital.

If '  one   donate blood Â",False,0,,2021-02-13 08:10:59,False,,1360501709634588672,,"<a href=""http://twitter.com/download/android"" rel=""nofollow"">Twitter for Android</a>",ItsAgent007,62,True,False,,
111,111,112,"RT @DulajMendis: Dear All,

There'  patient  need  AB- blood, admitted  Ragama Hospital.

If '  one   donate blood Â",False,0,,2021-02-13 06:52:02,False,,1360481840830681089,,"<a href=""http://twitter.com/download/android"" rel=""nofollow"">Twitter for Android</a>",kaushalya___,62,True,False,,
112,112,113,"RT @DulajMendis: Dear All,

There'  patient  need  AB- blood, admitted  Ragama Hospital.

If '  one   donate blood Â",False,0,,2021-02-13 06:49:01,False,,1360481083947536385,,"<a href=""http://twitter.com/download/iphone"" rel=""nofollow"">Twitter for iPhone</a>",ConserveSL,62,True,False,,
113,113,114,I   asking   Revised  Corrigendum PPOs  last one month. Once CPPC sent  Email   DÂ https://.co/tIJJvh9vmh,False,0,,2021-02-13 06:12:51,True,,1360471982735695875,,"<a href=""http://twitter.com/download/android"" rel=""nofollow"">Twitter for Android</a>",chinnapiyan,0,False,False,,
114,114,115,"RT @DulajMendis: Dear All,

There'  patient  need  AB- blood, admitted  Ragama Hospital.

If '  one   donate blood Â",False,0,,2021-02-13 06:00:57,False,,1360468986685661184,,"<a href=""http://twitter.com/download/android"" rel=""nofollow"">Twitter for Android</a>",localdavincii,62,True,False,,
115,115,116,"RT @DulajMendis: Dear All,

There'  patient  need  AB- blood, admitted  Ragama Hospital.

If '  one   donate blood Â",False,0,,2021-02-13 05:46:42,False,,1360465400610189313,,"<a href=""http://twitter.com/download/android"" rel=""nofollow"">Twitter for Android</a>",Vimukthi_93,62,True,False,,
116,116,117,"RT @DulajMendis: Dear All,

There'  patient  need  AB- blood, admitted  Ragama Hospital.

If '  one   donate blood Â",False,0,,2021-02-13 05:39:06,False,,1360463489098162181,,"<a href=""http://twitter.com/download/android"" rel=""nofollow"">Twitter for Android</a>",__Methmal,62,True,False,,
117,117,118,"RT @DulajMendis: Dear All,

There'  patient  need  AB- blood, admitted  Ragama Hospital.

If '  one   donate blood Â",False,0,,2021-02-13 05:28:57,False,,1360460934767026180,,"<a href=""http://twitter.com/download/android"" rel=""nofollow"">Twitter for Android</a>",SuuTikka,62,True,False,,
118,118,119,"RT @DulajMendis: Dear All,

There'  patient  need  AB- blood, admitted  Ragama Hospital.

If '  one   donate blood Â",False,0,,2021-02-13 05:19:09,False,,1360458467404775430,,"<a href=""http://twitter.com/download/android"" rel=""nofollow"">Twitter for Android</a>",Yeheshan,62,True,False,,
119,119,120,"RT @DulajMendis: Dear All,

There'  patient  need  AB- blood, admitted  Ragama Hospital.

If '  one   donate blood Â",False,0,,2021-02-13 05:03:33,False,,1360454541037080576,,"<a href=""http://twitter.com/download/android"" rel=""nofollow"">Twitter for Android</a>",Spacewalkerlive,62,True,False,,
120,120,121,"RT @DulajMendis: Dear All,

There'  patient  need  AB- blood, admitted  Ragama Hospital.

If '  one   donate blood Â",False,0,,2021-02-13 05:00:20,False,,1360453733931311108,,"<a href=""http://twitter.com/download/android"" rel=""nofollow"">Twitter for Android</a>",im_mhmd_,62,True,False,,
121,121,122,"RT @DulajMendis: Dear All,

There'  patient  need  AB- blood, admitted  Ragama Hospital.

If '  one   donate blood Â",False,0,,2021-02-13 04:57:29,False,,1360453016344686592,,"<a href=""http://twitter.com/download/android"" rel=""nofollow"">Twitter for Android</a>",ilhamuwais,62,True,False,,
122,122,123,"RT @DulajMendis: Dear All,

There'  patient  need  AB- blood, admitted  Ragama Hospital.

If '  one   donate blood Â",False,0,,2021-02-13 04:57:01,False,,1360452897863987202,,"<a href=""http://twitter.com/download/android"" rel=""nofollow"">Twitter for Android</a>",bloodlk,62,True,False,,
123,123,124,"RT @DulajMendis: Dear All,

There'  patient  need  AB- blood, admitted  Ragama Hospital.

If '  one   donate blood Â",False,0,,2021-02-13 04:25:07,False,,1360444869303390208,,"<a href=""http://twitter.com/download/iphone"" rel=""nofollow"">Twitter for iPhone</a>",dkparamee,62,True,False,,
124,124,125,"RT @DulajMendis: Dear All,

There'  patient  need  AB- blood, admitted  Ragama Hospital.

If '  one   donate blood Â",False,0,,2021-02-13 04:22:09,False,,1360444123925204993,,"<a href=""http://twitter.com/download/iphone"" rel=""nofollow"">Twitter for iPhone</a>",BopeSM,62,True,False,,
125,125,126,"RT @DulajMendis: Dear All,

There'  patient  need  AB- blood, admitted  Ragama Hospital.

If '  one   donate blood Â",False,0,,2021-02-13 04:12:19,False,,1360441647935365120,,"<a href=""http://twitter.com/download/android"" rel=""nofollow"">Twitter for Android</a>",Chamalka_N,62,True,False,,
126,126,127,"RT @DulajMendis: Dear All,

There'  patient  need  AB- blood, admitted  Ragama Hospital.

If '  one   donate blood Â",False,0,,2021-02-13 04:07:23,False,,1360440405200834563,,"<a href=""http://twitter.com/download/android"" rel=""nofollow"">Twitter for Android</a>",TheToka920,62,True,False,,
127,127,128,"RT @DulajMendis: Dear All,

There'  patient  need  AB- blood, admitted  Ragama Hospital.

If '  one   donate blood Â",False,0,,2021-02-13 03:59:16,False,,1360438364571271169,,"<a href=""http://twitter.com/download/android"" rel=""nofollow"">Twitter for Android</a>",CrizBale,62,True,False,,
128,128,129,"RT @DulajMendis: Dear All,

There'  patient  need  AB- blood, admitted  Ragama Hospital.

If '  one   donate blood Â",False,0,,2021-02-13 03:55:37,False,,1360437445184155648,,"<a href=""http://twitter.com/download/android"" rel=""nofollow"">Twitter for Android</a>",SamanthaLive365,62,True,False,,
129,129,130,"RT @DulajMendis: Dear All,

There'  patient  need  AB- blood, admitted  Ragama Hospital.

If '  one   donate blood Â",False,0,,2021-02-13 03:51:59,False,,1360436531786248192,,"<a href=""http://twitter.com/download/android"" rel=""nofollow"">Twitter for Android</a>",tharu____,62,True,False,,
130,130,131,"RT @DulajMendis: Dear All,

There'  patient  need  AB- blood, admitted  Ragama Hospital.

If '  one   donate blood Â",False,0,,2021-02-13 03:29:20,False,,1360430830884057092,,"<a href=""http://twitter.com/download/android"" rel=""nofollow"">Twitter for Android</a>",iampiyumi_,62,True,False,,
131,131,132,"RT @DulajMendis: Dear All,

There'  patient  need  AB- blood, admitted  Ragama Hospital.

If '  one   donate blood Â",False,0,,2021-02-13 03:25:02,False,,1360429751513452549,,"<a href=""http://twitter.com/download/iphone"" rel=""nofollow"">Twitter for iPhone</a>",rusiya_,62,True,False,,
132,132,133,"RT @DulajMendis: Dear All,

There'  patient  need  AB- blood, admitted  Ragama Hospital.

If '  one   donate blood Â",False,0,,2021-02-13 03:07:05,False,,1360425232054374409,,"<a href=""http://twitter.com/download/android"" rel=""nofollow"">Twitter for Android</a>",uruzikal,62,True,False,,
133,133,134,"RT @DulajMendis: Dear All,

There'  patient  need  AB- blood, admitted  Ragama Hospital.

If '  one   donate blood Â",False,0,,2021-02-13 03:01:23,False,,1360423797891866627,,"<a href=""https://mobile.twitter.com"" rel=""nofollow"">Twitter Web App</a>",yupadukka,62,True,False,,
134,134,135,"RT @DulajMendis: Dear All,

There'  patient  need  AB- blood, admitted  Ragama Hospital.

If '  one   donate blood Â",False,0,,2021-02-13 03:00:36,False,,1360423601132826627,,"<a href=""http://twitter.com/download/android"" rel=""nofollow"">Twitter for Android</a>",maalupaan,62,True,False,,
135,135,136,"RT @DulajMendis: Dear All,

There'  patient  need  AB- blood, admitted  Ragama Hospital.

If '  one   donate blood Â",False,0,,2021-02-13 02:59:26,False,,1360423305732231171,,"<a href=""http://twitter.com/download/android"" rel=""nofollow"">Twitter for Android</a>",LowkeyAbdulllah,62,True,False,,
136,136,137,"RT @DulajMendis: Dear All,

There'  patient  need  AB- blood, admitted  Ragama Hospital.

If '  one   donate blood Â",False,0,,2021-02-13 02:57:12,False,,1360422744085704705,,"<a href=""https://mobile.twitter.com"" rel=""nofollow"">Twitter Web App</a>",brollieonmyhead,62,True,False,,
137,137,138,"RT @DulajMendis: Dear All,

There'  patient  need  AB- blood, admitted  Ragama Hospital.

If '  one   donate blood Â",False,0,,2021-02-13 02:56:55,False,,1360422674288156673,,"<a href=""http://twitter.com/download/android"" rel=""nofollow"">Twitter for Android</a>",TheFullSt0p,62,True,False,,
138,138,139,"RT @DulajMendis: Dear All,

There'  patient  need  AB- blood, admitted  Ragama Hospital.

If '  one   donate blood Â",False,0,,2021-02-13 02:56:29,False,,1360422564854566913,,"<a href=""http://twitter.com/download/android"" rel=""nofollow"">Twitter for Android</a>",NandiyaLive2,62,True,False,,
139,139,140,"RT @DulajMendis: Dear All,

There'  patient  need  AB- blood, admitted  Ragama Hospital.

If '  one   donate blood Â",False,0,,2021-02-13 02:56:07,False,,1360422472827375617,,"<a href=""http://twitter.com/download/android"" rel=""nofollow"">Twitter for Android</a>",Shifara_Zahran,62,True,False,,
140,140,141,"RT @DulajMendis: Dear All,

There'  patient  need  AB- blood, admitted  Ragama Hospital.

If '  one   donate blood Â",False,0,,2021-02-13 02:55:34,False,,1360422333433802752,,"<a href=""http://twitter.com/download/android"" rel=""nofollow"">Twitter for Android</a>",kumudan_,62,True,False,,
141,141,142,"RT @DulajMendis: Dear All,

There'  patient  need  AB- blood, admitted  Ragama Hospital.

If '  one   donate blood Â",False,0,,2021-02-13 02:55:15,False,,1360422252949299200,,"<a href=""http://twitter.com/download/android"" rel=""nofollow"">Twitter for Android</a>",Wind_Desika,62,True,False,,
142,142,143,"RT @DulajMendis: Dear All,

There'  patient  need  AB- blood, admitted  Ragama Hospital.

If '  one   donate blood Â",False,0,,2021-02-13 02:53:58,False,,1360421931497844740,,"<a href=""http://twitter.com/download/android"" rel=""nofollow"">Twitter for Android</a>",MihirangaFdo,62,True,False,,
143,143,144,"RT @DulajMendis: Dear All,

There'  patient  need  AB- blood, admitted  Ragama Hospital.

If '  one   donate blood Â",False,0,,2021-02-13 02:50:41,False,,1360421105303961605,,"<a href=""http://twitter.com/download/android"" rel=""nofollow"">Twitter for Android</a>",imNaviya,62,True,False,,
144,144,145,"RT @DulajMendis: Dear All,

There'  patient  need  AB- blood, admitted  Ragama Hospital.

If '  one   donate blood Â",False,0,,2021-02-13 02:46:37,False,,1360420079901450241,,"<a href=""http://twitter.com/download/iphone"" rel=""nofollow"">Twitter for iPhone</a>",Dhanuwick,62,True,False,,
145,145,146,"RT @DulajMendis: Dear All,

There'  patient  need  AB- blood, admitted  Ragama Hospital.

If '  one   donate blood Â",False,0,,2021-02-13 02:44:08,False,,1360419456070021121,,"<a href=""http://twitter.com/download/iphone"" rel=""nofollow"">Twitter for iPhone</a>",Iam_paala,62,True,False,,
146,146,147,"RT @DulajMendis: Dear All,

There'  patient  need  AB- blood, admitted  Ragama Hospital.

If '  one   donate blood Â",False,0,,2021-02-13 02:42:39,False,,1360419083791994880,,"<a href=""http://twitter.com/download/android"" rel=""nofollow"">Twitter for Android</a>",djharris32913,62,True,False,,
147,147,148,"RT @DulajMendis: Dear All,

There'  patient  need  AB- blood, admitted  Ragama Hospital.

If '  one   donate blood Â",False,0,,2021-02-13 02:38:18,False,,1360417990462775300,,"<a href=""http://twitter.com/download/iphone"" rel=""nofollow"">Twitter for iPhone</a>",Nimsidk,62,True,False,,
148,148,149,"RT @DulajMendis: Dear All,

There'  patient  need  AB- blood, admitted  Ragama Hospital.

If '  one   donate blood Â",False,0,,2021-02-13 02:38:03,False,,1360417926554157057,,"<a href=""http://twitter.com/download/android"" rel=""nofollow"">Twitter for Android</a>",Sansajran,62,True,False,,
149,149,150,"RT @DulajMendis: Dear All,

There'  patient  need  AB- blood, admitted  Ragama Hospital.

If '  one   donate blood Â",False,0,,2021-02-13 02:37:43,False,,1360417839790833664,,"<a href=""http://twitter.com/download/android"" rel=""nofollow"">Twitter for Android</a>",4shade17,62,True,False,,
150,150,151,"RT @DulajMendis: Dear All,

There'  patient  need  AB- blood, admitted  Ragama Hospital.

If '  one   donate blood Â",False,0,,2021-02-13 02:37:32,False,,1360417795704455170,,"<a href=""http://twitter.com/download/iphone"" rel=""nofollow"">Twitter for iPhone</a>",notkusal,62,True,False,,
151,151,152,"RT @DulajMendis: Dear All,

There'  patient  need  AB- blood, admitted  Ragama Hospital.

If '  one   donate blood Â",False,0,,2021-02-13 02:33:06,False,,1360416682078994432,,"<a href=""http://twitter.com/download/android"" rel=""nofollow"">Twitter for Android</a>",shanki_thewitch,62,True,False,,
152,152,153,"RT @DulajMendis: Dear All,

There'  patient  need  AB- blood, admitted  Ragama Hospital.

If '  one   donate blood Â",False,0,,2021-02-13 02:32:34,False,,1360416544560275461,,"<a href=""http://twitter.com/download/android"" rel=""nofollow"">Twitter for Android</a>",AsangiFdo,62,True,False,,
153,153,154,"RT @DulajMendis: Dear All,

There'  patient  need  AB- blood, admitted  Ragama Hospital.

If '  one   donate blood Â",False,0,,2021-02-13 02:31:26,False,,1360416262614994945,,"<a href=""http://twitter.com/download/iphone"" rel=""nofollow"">Twitter for iPhone</a>",Its_DHD,62,True,False,,
154,154,155,"RT @DulajMendis: Dear All,

There'  patient  need  AB- blood, admitted  Ragama Hospital.

If '  one   donate blood Â",False,0,,2021-02-13 02:31:21,False,,1360416238644547585,,"<a href=""http://twitter.com/download/android"" rel=""nofollow"">Twitter for Android</a>",Us3rchang3d,62,True,False,,
155,155,156,"Dear All,

There'  patient  need  AB- blood, admitted  Ragama Hospital.

If '  one   donateÂ https://.co/Cr8Sqw11DY",False,57,,2021-02-13 02:29:59,True,,1360415895948988419,,"<a href=""http://twitter.com/download/iphone"" rel=""nofollow"">Twitter for iPhone</a>",DulajMendis,62,False,False,,
156,156,157,Me  obsessed  Peter Kavinsky  back <f0><U+009F><U+0098><U+00AD> #help #toalltheboysalwaysandforever,False,2,,2021-02-12 18:09:56,False,,1360290052446691331,,"<a href=""http://twitter.com/download/iphone"" rel=""nofollow"">Twitter for iPhone</a>",Sha_ivi,0,False,False,,
