,,,text,favorited,favoriteCount,replyToSN,created,truncated,replyToSID,id,replyToUID,statusSource,screenName,retweetCount,isRetweet,retweeted,longitude,latitude
0,0,1,"3M Lanka permanently closed  per  Google maps. Close  business hours ,  I' late  call  see. AnyonÂ https://.co/7QgWzjSFOA",False,2,,2021-02-10 12:14:57,True,,1359475944122064898,,"<a href=""https://mobile.twitter.com"" rel=""nofollow"">Twitter Web App</a>",erangatennakoon,0,False,False,,
1,1,2,"RT @iamthachar:  HP laptop service centre employee available  chennai ??

#Help",False,0,,2021-02-10 10:53:09,False,,1359455356557033475,,"<a href=""http://twitter.com/download/android"" rel=""nofollow"">Twitter for Android</a>",Rajuraj39370592,3,True,False,,
2,2,3,RT @iamrajesh_sct: Suggest Me Best Bike With 250cc For Doing MotoVlogs...#Help,False,0,,2021-02-10 10:29:26,False,,1359449390088286208,,"<a href=""http://twitter.com/download/android"" rel=""nofollow"">Twitter for Android</a>",Ajith68817067,56,True,False,,
3,3,4,"RT @iamthachar:  HP laptop service centre employee available  chennai ??

#Help",False,0,,2021-02-10 09:26:50,False,,1359433635644907521,,"<a href=""http://twitter.com/download/android"" rel=""nofollow"">Twitter for Android</a>",Karvaad_,3,True,False,,
4,4,5,"RT @iamthachar:  HP laptop service centre employee available  chennai ??

#Help",False,0,,2021-02-10 09:09:28,False,,1359429265960361987,,"<a href=""http://twitter.com/download/iphone"" rel=""nofollow"">Twitter for iPhone</a>",nilaavan,3,True,False,,
5,5,6," HP laptop service centre employee available  chennai ??

#Help",False,1,,2021-02-10 09:05:40,False,,1359428309860241417,,"<a href=""https://mobile.twitter.com"" rel=""nofollow"">Twitter Web App</a>",iamthachar,3,False,False,,
6,6,7,"@rtiindia 
@CNBCTV18News 
@LabourMinistry
@nsitharaman
@FinMinIndia
@Labourlawindia

This act  implemented  Â https://.co/7HaILaXsjt",False,0,rtiindia,2021-02-10 06:42:29,True,,1359392275890020360,15622291.0,"<a href=""http://twitter.com/download/android"" rel=""nofollow"">Twitter for Android</a>",iam_Gopal18,0,False,False,,
7,7,8,RT @ShashindraK: One   super talented &amp; good friend  looking   marketing//branding job. He  considerable experience  brandinÂ,False,0,,2021-02-10 02:36:22,False,,1359330339236110340,,"<a href=""http://twitter.com/download/android"" rel=""nofollow"">Twitter for Android</a>",DinukaNirmal,4,True,False,,
8,8,9,RT @ShashindraK: One   super talented &amp; good friend  looking   marketing//branding job. He  considerable experience  brandinÂ,False,0,,2021-02-10 02:29:59,False,,1359328731018317824,,"<a href=""http://twitter.com/download/android"" rel=""nofollow"">Twitter for Android</a>",ShashindraK,4,True,False,,
9,9,10,"TRUST: ALL  THE CHILDREN 
Due  COVID -19, sponsors  unable  gave funds   needs.More   hundredÂ https://.co/6U7Yip3znc",False,0,,2021-02-09 16:29:59,True,,1359177735453642761,,"<a href=""http://twitter.com/download/android"" rel=""nofollow"">Twitter for Android</a>",VickyNik007,0,False,False,,
10,10,11,RT @iamrajesh_sct: Suggest Me Best Bike With 250cc For Doing MotoVlogs...#Help,False,0,,2021-02-09 14:53:37,False,,1359153487678947337,,"<a href=""http://twitter.com/download/android"" rel=""nofollow"">Twitter for Android</a>",ThalaVe62581713,56,True,False,,
11,11,12,RT @iamrajesh_sct: Suggest Me Best Bike With 250cc For Doing MotoVlogs...#Help,False,0,,2021-02-09 13:32:22,False,,1359133038458728450,,"<a href=""http://twitter.com/download/android"" rel=""nofollow"">Twitter for Android</a>",Abdr2498,56,True,False,,
12,12,13,RT @iamrajesh_sct: Suggest Me Best Bike With 250cc For Doing MotoVlogs...#Help,False,0,,2021-02-09 13:21:43,False,,1359130357480652806,,"<a href=""http://twitter.com/download/android"" rel=""nofollow"">Twitter for Android</a>",VBK_Off,56,True,False,,
13,13,14,RT @iamrajesh_sct: Suggest Me Best Bike With 250cc For Doing MotoVlogs...#Help,False,0,,2021-02-09 13:12:29,False,,1359128034838630402,,"<a href=""http://twitter.com/download/android"" rel=""nofollow"">Twitter for Android</a>",Sakthi89482948,56,True,False,,
14,14,15,RT @iamrajesh_sct: Suggest Me Best Bike With 250cc For Doing MotoVlogs...#Help,False,0,,2021-02-09 13:09:58,False,,1359127400823443456,,"<a href=""http://twitter.com/download/android"" rel=""nofollow"">Twitter for Android</a>",suresh_subru,56,True,False,,
15,15,16,RT @iamrajesh_sct: Suggest Me Best Bike With 250cc For Doing MotoVlogs...#Help,False,0,,2021-02-09 13:01:17,False,,1359125216010465284,,"<a href=""http://twitter.com/download/android"" rel=""nofollow"">Twitter for Android</a>",shahil_thecrazy,56,True,False,,
16,16,17,RT @iamrajesh_sct: Suggest Me Best Bike With 250cc For Doing MotoVlogs...#Help,False,0,,2021-02-09 12:58:35,False,,1359124538324262916,,"<a href=""http://twitter.com/download/android"" rel=""nofollow"">Twitter for Android</a>",Santhos63014861,56,True,False,,
17,17,18,RT @iamrajesh_sct: Suggest Me Best Bike With 250cc For Doing MotoVlogs...#Help,False,0,,2021-02-09 12:35:58,False,,1359118844707635203,,"<a href=""http://twitter.com/download/iphone"" rel=""nofollow"">Twitter for iPhone</a>",itzAjithA,56,True,False,,
18,18,19,RT @iamrajesh_sct: Suggest Me Best Bike With 250cc For Doing MotoVlogs...#Help,False,0,,2021-02-09 12:26:29,False,,1359116456307302400,,"<a href=""http://twitter.com/download/android"" rel=""nofollow"">Twitter for Android</a>",Ak86135656,56,True,False,,
19,19,20,RT @iamrajesh_sct: Suggest Me Best Bike With 250cc For Doing MotoVlogs...#Help,False,0,,2021-02-09 12:18:10,False,,1359114364352012288,,"<a href=""http://twitter.com/download/android"" rel=""nofollow"">Twitter for Android</a>",2104Chitthesh,56,True,False,,
20,20,21,RT @iamrajesh_sct: Suggest Me Best Bike With 250cc For Doing MotoVlogs...#Help,False,0,,2021-02-09 12:10:30,False,,1359112436335345665,,"<a href=""http://twitter.com/download/android"" rel=""nofollow"">Twitter for Android</a>",The_AK_Devotee,56,True,False,,
21,21,22,RT @iamrajesh_sct: Suggest Me Best Bike With 250cc For Doing MotoVlogs...#Help,False,0,,2021-02-09 12:07:41,False,,1359111728877826062,,"<a href=""http://twitter.com/download/android"" rel=""nofollow"">Twitter for Android</a>",Mohanra74629087,56,True,False,,
22,22,23,RT @iamrajesh_sct: Suggest Me Best Bike With 250cc For Doing MotoVlogs...#Help,False,0,,2021-02-09 12:04:20,False,,1359110886057594883,,"<a href=""http://twitter.com/download/android"" rel=""nofollow"">Twitter for Android</a>",AntonySebastin0,56,True,False,,
23,23,24,RT @iamrajesh_sct: Suggest Me Best Bike With 250cc For Doing MotoVlogs...#Help,False,0,,2021-02-09 12:03:46,False,,1359110740855037956,,"<a href=""http://twitter.com/download/android"" rel=""nofollow"">Twitter for Android</a>",smartharish2,56,True,False,,
24,24,25,RT @iamrajesh_sct: Suggest Me Best Bike With 250cc For Doing MotoVlogs...#Help,False,0,,2021-02-09 12:00:33,False,,1359109933451464707,,"<a href=""http://twitter.com/download/android"" rel=""nofollow"">Twitter for Android</a>",guhanmass35,56,True,False,,
25,25,26,RT @iamrajesh_sct: Suggest Me Best Bike With 250cc For Doing MotoVlogs...#Help,False,0,,2021-02-09 11:51:39,False,,1359107691608633344,,"<a href=""http://twitter.com/download/android"" rel=""nofollow"">Twitter for Android</a>",Varun30698908,56,True,False,,
26,26,27,RT @iamrajesh_sct: Suggest Me Best Bike With 250cc For Doing MotoVlogs...#Help,False,0,,2021-02-09 11:46:33,False,,1359106410206830603,,"<a href=""http://twitter.com/download/android"" rel=""nofollow"">Twitter for Android</a>",KD56680783,56,True,False,,
27,27,28,RT @iamrajesh_sct: Suggest Me Best Bike With 250cc For Doing MotoVlogs...#Help,False,0,,2021-02-09 11:25:43,False,,1359101164474617858,,"<a href=""http://twitter.com/download/android"" rel=""nofollow"">Twitter for Android</a>",VailmaiRamesh,56,True,False,,
28,28,29,RT @iamrajesh_sct: Suggest Me Best Bike With 250cc For Doing MotoVlogs...#Help,False,0,,2021-02-09 11:12:36,False,,1359097864438177792,,"<a href=""http://twitter.com/download/android"" rel=""nofollow"">Twitter for Android</a>",vinodhp6,56,True,False,,
29,29,30,RT @iamrajesh_sct: Suggest Me Best Bike With 250cc For Doing MotoVlogs...#Help,False,0,,2021-02-09 10:12:44,False,,1359082797915250693,,"<a href=""http://twitter.com/download/android"" rel=""nofollow"">Twitter for Android</a>",thalave84846214,56,True,False,,
30,30,31,RT @iamrajesh_sct: Suggest Me Best Bike With 250cc For Doing MotoVlogs...#Help,False,0,,2021-02-09 10:11:22,False,,1359082456305946635,,"<a href=""http://twitter.com/download/android"" rel=""nofollow"">Twitter for Android</a>",AJITHIYANKARTH7,56,True,False,,
31,31,32,If anyone   gazette  schools reopening  western province? #Help #RT,False,4,,2021-02-09 09:54:15,False,,1359078148344664068,,"<a href=""http://twitter.com/download/iphone"" rel=""nofollow"">Twitter for iPhone</a>",erangatennakoon,2,False,False,,
32,32,33,RT @iamrajesh_sct: Suggest Me Best Bike With 250cc For Doing MotoVlogs...#Help,False,0,,2021-02-09 09:31:50,False,,1359072505818796033,,"<a href=""http://twitter.com/download/android"" rel=""nofollow"">Twitter for Android</a>",EsakksV,56,True,False,,
33,33,34,RT @iamrajesh_sct: Suggest Me Best Bike With 250cc For Doing MotoVlogs...#Help,False,0,,2021-02-09 09:17:31,False,,1359068903893200900,,"<a href=""http://twitter.com/download/android"" rel=""nofollow"">Twitter for Android</a>",Balatamilan008,56,True,False,,
34,34,35,RT @iamrajesh_sct: Suggest Me Best Bike With 250cc For Doing MotoVlogs...#Help,False,0,,2021-02-09 09:15:31,False,,1359068398408245251,,"<a href=""http://twitter.com/download/android"" rel=""nofollow"">Twitter for Android</a>",Sanjay55483505,56,True,False,,
35,35,36,RT @iamrajesh_sct: Suggest Me Best Bike With 250cc For Doing MotoVlogs...#Help,False,0,,2021-02-09 09:13:26,False,,1359067875856642051,,"<a href=""http://twitter.com/download/android"" rel=""nofollow"">Twitter for Android</a>",ThalaAdictt,56,True,False,,
36,36,37,RT @iamrajesh_sct: Suggest Me Best Bike With 250cc For Doing MotoVlogs...#Help,False,0,,2021-02-09 09:03:36,False,,1359065399552217092,,"<a href=""http://twitter.com/download/android"" rel=""nofollow"">Twitter for Android</a>",Mohamed76405216,56,True,False,,
37,37,38,RT @jamusgit: What would  choose  buy  often? Please #RT #food #help,False,0,,2021-02-09 08:58:39,False,,1359064154108162048,,"<a href=""http://twitter.com/download/android"" rel=""nofollow"">Twitter for Android</a>",4shade17,5,True,False,,
38,38,39,RT @jamusgit: What would  choose  buy  often? Please #RT #food #help,False,0,,2021-02-09 08:57:30,False,,1359063864826990593,,"<a href=""https://mobile.twitter.com"" rel=""nofollow"">Twitter Web App</a>",jamusgit,5,True,False,,
39,39,40,RT @iamrajesh_sct: Suggest Me Best Bike With 250cc For Doing MotoVlogs...#Help,False,0,,2021-02-09 08:57:15,False,,1359063803237859329,,"<a href=""http://twitter.com/download/android"" rel=""nofollow"">Twitter for Android</a>",ARUNTHALA007,56,True,False,,
40,40,41,RT @iamrajesh_sct: Suggest Me Best Bike With 250cc For Doing MotoVlogs...#Help,False,0,,2021-02-09 08:53:35,False,,1359062878582579200,,"<a href=""http://twitter.com/download/android"" rel=""nofollow"">Twitter for Android</a>",Itz_Kettavan97,56,True,False,,
41,41,42,RT @iamrajesh_sct: Suggest Me Best Bike With 250cc For Doing MotoVlogs...#Help,False,0,,2021-02-09 08:47:45,False,,1359061413684121601,,"<a href=""http://twitter.com/download/android"" rel=""nofollow"">Twitter for Android</a>",Thala_Vino005,56,True,False,,
42,42,43,RT @iamrajesh_sct: Suggest Me Best Bike With 250cc For Doing MotoVlogs...#Help,False,0,,2021-02-09 08:22:03,False,,1359054946306428931,,"<a href=""http://twitter.com/download/android"" rel=""nofollow"">Twitter for Android</a>",Nizy2506,56,True,False,,
43,43,44,RT @iamrajesh_sct: Suggest Me Best Bike With 250cc For Doing MotoVlogs...#Help,False,0,,2021-02-09 08:11:53,False,,1359052385675452422,,"<a href=""http://twitter.com/download/android"" rel=""nofollow"">Twitter for Android</a>",Jai53653560,56,True,False,,
44,44,45,RT @iamrajesh_sct: Suggest Me Best Bike With 250cc For Doing MotoVlogs...#Help,False,0,,2021-02-09 08:05:52,False,,1359050870541881345,,"<a href=""http://twitter.com/download/android"" rel=""nofollow"">Twitter for Android</a>",Midhunr21385664,56,True,False,,
45,45,46,RT @iamrajesh_sct: Suggest Me Best Bike With 250cc For Doing MotoVlogs...#Help,False,0,,2021-02-09 07:47:32,False,,1359046258401239041,,"<a href=""http://twitter.com/download/android"" rel=""nofollow"">Twitter for Android</a>",ThalaAsar,56,True,False,,
46,46,47,RT @iamrajesh_sct: Suggest Me Best Bike With 250cc For Doing MotoVlogs...#Help,False,0,,2021-02-09 07:44:31,False,,1359045499584532480,,"<a href=""https://mobile.twitter.com"" rel=""nofollow"">Twitter Web App</a>",Abishek28834487,56,True,False,,
47,47,48,RT @iamrajesh_sct: Suggest Me Best Bike With 250cc For Doing MotoVlogs...#Help,False,0,,2021-02-09 07:44:01,False,,1359045371326918657,,"<a href=""http://twitter.com/download/android"" rel=""nofollow"">Twitter for Android</a>",VeshShar,56,True,False,,
48,48,49,RT @iamrajesh_sct: Suggest Me Best Bike With 250cc For Doing MotoVlogs...#Help,False,0,,2021-02-09 07:42:23,False,,1359044961291837440,,"<a href=""https://mobile.twitter.com"" rel=""nofollow"">Twitter Web App</a>",thala_san7,56,True,False,,
49,49,50,RT @iamrajesh_sct: Suggest Me Best Bike With 250cc For Doing MotoVlogs...#Help,False,0,,2021-02-09 07:38:11,False,,1359043903454810114,,"<a href=""http://twitter.com/download/android"" rel=""nofollow"">Twitter for Android</a>",Samuel88280265,56,True,False,,
50,50,51,RT @iamrajesh_sct: Suggest Me Best Bike With 250cc For Doing MotoVlogs...#Help,False,0,,2021-02-09 07:37:20,False,,1359043691030093825,,"<a href=""http://twitter.com/download/android"" rel=""nofollow"">Twitter for Android</a>",naughtynrtoff,56,True,False,,
51,51,52,RT @iamrajesh_sct: Suggest Me Best Bike With 250cc For Doing MotoVlogs...#Help,False,0,,2021-02-09 07:33:25,False,,1359042705519738881,,"<a href=""http://twitter.com/download/iphone"" rel=""nofollow"">Twitter for iPhone</a>",jahir77827151,56,True,False,,
52,52,53,RT @iamrajesh_sct: Suggest Me Best Bike With 250cc For Doing MotoVlogs...#Help,False,0,,2021-02-09 07:33:03,False,,1359042614721302533,,"<a href=""http://twitter.com/download/android"" rel=""nofollow"">Twitter for Android</a>",imShibusm,56,True,False,,
53,53,54,RT @iamrajesh_sct: Suggest Me Best Bike With 250cc For Doing MotoVlogs...#Help,False,0,,2021-02-09 07:30:49,False,,1359042053171077121,,"<a href=""http://twitter.com/download/android"" rel=""nofollow"">Twitter for Android</a>",Parthib49190403,56,True,False,,
54,54,55,RT @iamrajesh_sct: Suggest Me Best Bike With 250cc For Doing MotoVlogs...#Help,False,0,,2021-02-09 07:27:46,False,,1359041284392976384,,"<a href=""http://twitter.com/download/android"" rel=""nofollow"">Twitter for Android</a>",saravan40319657,56,True,False,,
55,55,56,RT @iamrajesh_sct: Suggest Me Best Bike With 250cc For Doing MotoVlogs...#Help,False,0,,2021-02-09 07:22:08,False,,1359039867674480643,,"<a href=""http://twitter.com/download/android"" rel=""nofollow"">Twitter for Android</a>",AJITHFANSANDHRA,56,True,False,,
56,56,57,RT @iamrajesh_sct: Suggest Me Best Bike With 250cc For Doing MotoVlogs...#Help,False,0,,2021-02-09 07:21:04,False,,1359039597573853185,,"<a href=""http://twitter.com/download/android"" rel=""nofollow"">Twitter for Android</a>",_BoVe_Sara_,56,True,False,,
57,57,58,RT @iamrajesh_sct: Suggest Me Best Bike With 250cc For Doing MotoVlogs...#Help,False,0,,2021-02-09 07:20:46,False,,1359039522621644802,,"<a href=""http://twitter.com/download/android"" rel=""nofollow"">Twitter for Android</a>",gana_vel,56,True,False,,
58,58,59,RT @iamrajesh_sct: Suggest Me Best Bike With 250cc For Doing MotoVlogs...#Help,False,0,,2021-02-09 07:20:25,False,,1359039435656994816,,"<a href=""http://twitter.com/download/android"" rel=""nofollow"">Twitter for Android</a>",Dk66406229,56,True,False,,
59,59,60,RT @iamrajesh_sct: Suggest Me Best Bike With 250cc For Doing MotoVlogs...#Help,False,0,,2021-02-09 07:16:32,False,,1359038458073739264,,"<a href=""http://twitter.com/download/android"" rel=""nofollow"">Twitter for Android</a>",Ajithku41359643,56,True,False,,
60,60,61,RT @iamrajesh_sct: Suggest Me Best Bike With 250cc For Doing MotoVlogs...#Help,False,0,,2021-02-09 07:15:07,False,,1359038101620838401,,"<a href=""http://twitter.com/download/android"" rel=""nofollow"">Twitter for Android</a>",PulsarHaneefa,56,True,False,,
61,61,62,RT @iamrajesh_sct: Suggest Me Best Bike With 250cc For Doing MotoVlogs...#Help,False,0,,2021-02-09 07:14:59,False,,1359038067550482435,,"<a href=""http://twitter.com/download/android"" rel=""nofollow"">Twitter for Android</a>",thalafanzjohor,56,True,False,,
62,62,63,RT @iamrajesh_sct: Suggest Me Best Bike With 250cc For Doing MotoVlogs...#Help,False,0,,2021-02-09 07:13:16,False,,1359037634476056585,,"<a href=""http://twitter.com/download/android"" rel=""nofollow"">Twitter for Android</a>",padmanabhandon,56,True,False,,
63,63,64,Suggest Me Best Bike With 250cc For Doing MotoVlogs...#Help,False,377,,2021-02-09 07:12:47,False,,1359037514565054465,,"<a href=""http://twitter.com/download/android"" rel=""nofollow"">Twitter for Android</a>",iamrajesh_sct,56,False,False,,
64,64,65,RT @jamusgit: What would  choose  buy  often? Please #RT #food #help,False,0,,2021-02-09 04:03:08,False,,1358989784463462404,,"<a href=""https://mobile.twitter.com"" rel=""nofollow"">Twitter Web App</a>",LadyZahara,5,True,False,,
65,65,66,RT @jamusgit: What would  choose  buy  often? Please #RT #food #help,False,0,,2021-02-09 02:51:41,False,,1358971805264797697,,"<a href=""https://mobile.twitter.com"" rel=""nofollow"">Twitter Web App</a>",Golden_Makane,5,True,False,,
66,66,67,RT @jamusgit: What would  choose  buy  often? Please #RT #food #help,False,0,,2021-02-09 02:50:53,False,,1358971601862053892,,"<a href=""http://twitter.com/download/android"" rel=""nofollow"">Twitter for Android</a>",purple_heart_tw,5,True,False,,
67,67,68,What would  choose  buy  often? Please #RT #food #help,False,9,,2021-02-08 20:46:24,False,,1358879880734117888,,"<a href=""https://mobile.twitter.com"" rel=""nofollow"">Twitter Web App</a>",jamusgit,5,False,False,,
68,68,69,"RT @frnaffas: It   said  various hadeeth  Prophet (sal),   one  says 'Ya Hayyu Ya Qayyum', HIS DUA IS ACCEPTED !

httpÂ",False,0,,2021-02-08 19:49:25,False,,1358865538366271491,,"<a href=""http://twitter.com/download/iphone"" rel=""nofollow"">Twitter for iPhone</a>",khatimayasir123,1,True,False,,
69,69,70,"Forgive #everyone  sleep   #clean heart <f0><U+009F><U+00A7><U+0098>

I  #   #help  <f0><U+009F><U+008F><U+008B><U+FE0F>

#everynight <f0><U+009F><U+0097><U+0091><U+FE0F>Â https://.co/mcbCiW6KnM",False,0,,2021-02-08 18:11:37,True,,1358840926630723588,,"<a href=""http://instagram.com"" rel=""nofollow"">Instagram</a>",iamvicky_mano,0,False,False,76.9667,11.0
70,70,71,"RT @PraveenNadeera: Help   friend   need!
#Hypertension #KidneyDisease #help

current situation <f0><U+009F><U+0091><U+0087>
https://.co/LclBB1m6at https://Â",False,0,,2021-02-08 02:35:04,False,,1358605237540429824,,"<a href=""http://twitter.com/download/iphone"" rel=""nofollow"">Twitter for iPhone</a>",iam_poor9,9,True,False,,
71,71,72,"RT @PraveenNadeera: Help   friend   need!
#Hypertension #KidneyDisease #help

current situation <f0><U+009F><U+0091><U+0087>
https://.co/LclBB1m6at https://Â",False,0,,2021-02-08 01:29:36,False,,1358588760066125825,,"<a href=""http://twitter.com/download/android"" rel=""nofollow"">Twitter for Android</a>",JanithShey,9,True,False,,
72,72,73,"RT @PraveenNadeera: Help   friend   need!
#Hypertension #KidneyDisease #help

current situation <f0><U+009F><U+0091><U+0087>
https://.co/LclBB1m6at https://Â",False,0,,2021-02-07 19:39:58,False,,1358500770811838465,,"<a href=""http://twitter.com/download/iphone"" rel=""nofollow"">Twitter for iPhone</a>",unknown_lankan,9,True,False,,
73,73,74,"RT @PraveenNadeera: Help   friend   need!
#Hypertension #KidneyDisease #help

current situation <f0><U+009F><U+0091><U+0087>
https://.co/LclBB1m6at https://Â",False,0,,2021-02-07 19:27:47,False,,1358497707703164929,,"<a href=""https://mobile.twitter.com"" rel=""nofollow"">Twitter Web App</a>",Dr_Alien_,9,True,False,,
74,74,75,"RT @PraveenNadeera: Help   friend   need!
#Hypertension #KidneyDisease #help

current situation <f0><U+009F><U+0091><U+0087>
https://.co/LclBB1m6at https://Â",False,0,,2021-02-07 18:20:37,False,,1358480804729352193,,"<a href=""http://twitter.com/download/android"" rel=""nofollow"">Twitter for Android</a>",sachinsupunthak,9,True,False,,
75,75,76,"RT @PraveenNadeera: Help   friend   need!
#Hypertension #KidneyDisease #help

current situation <f0><U+009F><U+0091><U+0087>
https://.co/LclBB1m6at https://Â",False,0,,2021-02-07 17:43:53,False,,1358471560479219713,,"<a href=""http://twitter.com/download/iphone"" rel=""nofollow"">Twitter for iPhone</a>",pulaAbey,9,True,False,,
76,76,77,"RT @PraveenNadeera: Help   friend   need!
#Hypertension #KidneyDisease #help

current situation <f0><U+009F><U+0091><U+0087>
https://.co/LclBB1m6at https://Â",False,0,,2021-02-07 17:23:33,False,,1358466442736201728,,"<a href=""http://twitter.com/download/android"" rel=""nofollow"">Twitter for Android</a>",Ranindu_,9,True,False,,
77,77,78,"RT @PraveenNadeera: Help   friend   need!
#Hypertension #KidneyDisease #help

current situation <f0><U+009F><U+0091><U+0087>
https://.co/LclBB1m6at https://Â",False,0,,2021-02-07 17:23:31,False,,1358466432762216450,,"<a href=""http://twitter.com/download/android"" rel=""nofollow"">Twitter for Android</a>",Spacewalkerlive,9,True,False,,
78,78,79,"RT @PraveenNadeera: Help   friend   need!
#Hypertension #KidneyDisease #help

current situation <f0><U+009F><U+0091><U+0087>
https://.co/LclBB1m6at https://Â",False,0,,2021-02-07 17:23:24,False,,1358466406044495873,,"<a href=""http://twitter.com/download/iphone"" rel=""nofollow"">Twitter for iPhone</a>",chamath_er,9,True,False,,
79,79,80,"Help   friend   need!
#Hypertension #KidneyDisease #help

current situation <f0><U+009F><U+0091><U+0087>
https://.co/LclBB1m6at https://.co/E7UUrw3Mbx",False,12,,2021-02-07 17:21:54,False,,1358466028389376002,,"<a href=""http://twitter.com/download/iphone"" rel=""nofollow"">Twitter for iPhone</a>",PraveenNadeera,9,False,False,,
80,80,81,"RT @notpoos: Anyone working  #99x  #LSEG? 

Looking   internship   sibling <f0><U+009F><U+0091><U+0080>

#Help #RT",False,0,,2021-02-07 13:42:09,False,,1358410725710995457,,"<a href=""http://twitter.com/download/android"" rel=""nofollow"">Twitter for Android</a>",anuramano,14,True,False,,
81,81,82,"RT @notpoos: Anyone working  #99x  #LSEG? 

Looking   internship   sibling <f0><U+009F><U+0091><U+0080>

#Help #RT",False,0,,2021-02-07 13:09:18,False,,1358402458876145664,,"<a href=""http://twitter.com/download/android"" rel=""nofollow"">Twitter for Android</a>",Srinath_SM1,14,True,False,,
82,82,83,"RT @notpoos: Anyone working  #99x  #LSEG? 

Looking   internship   sibling <f0><U+009F><U+0091><U+0080>

#Help #RT",False,0,,2021-02-07 12:30:14,False,,1358392624332242944,,"<a href=""http://twitter.com/download/android"" rel=""nofollow"">Twitter for Android</a>",uruzikal,14,True,False,,
83,83,84,"RT @Ammatasirii: Anyone Â  social media marketing I  want  clarify something  linking IG  FB .
Please DM  reply Â",False,0,,2021-02-07 12:16:44,False,,1358389229009522690,,"<a href=""https://mobile.twitter.com"" rel=""nofollow"">Twitter Web App</a>",CrazyNalin,1,True,False,,
84,84,85,"RT @notpoos: Anyone working  #99x  #LSEG? 

Looking   internship   sibling <f0><U+009F><U+0091><U+0080>

#Help #RT",False,0,,2021-02-07 11:50:13,False,,1358382554571657220,,"<a href=""http://twitter.com/download/android"" rel=""nofollow"">Twitter for Android</a>",IamDDhark,14,True,False,,
85,85,86,"RT @notpoos: Anyone working  #99x  #LSEG? 

Looking   internship   sibling <f0><U+009F><U+0091><U+0080>

#Help #RT",False,0,,2021-02-07 11:17:22,False,,1358374287493660673,,"<a href=""http://twitter.com/download/android"" rel=""nofollow"">Twitter for Android</a>",piumi_silva,14,True,False,,
86,86,87,"Anyone Â  social media marketing I  want  clarify something  linking IG  FB .
Please DM  rÂ https://.co/3cXddPUSUV",False,1,,2021-02-07 10:52:03,True,,1358367915926429697,,"<a href=""http://twitter.com/download/iphone"" rel=""nofollow"">Twitter for iPhone</a>",Ammatasirii,1,False,False,,
87,87,88,"RT @notpoos: Anyone working  #99x  #LSEG? 

Looking   internship   sibling <f0><U+009F><U+0091><U+0080>

#Help #RT",False,0,,2021-02-07 09:20:29,False,,1358344874093805568,,"<a href=""http://twitter.com/download/android"" rel=""nofollow"">Twitter for Android</a>",Vimukthi_93,14,True,False,,
88,88,89,"RT @notpoos: Anyone working  #99x  #LSEG? 

Looking   internship   sibling <f0><U+009F><U+0091><U+0080>

#Help #RT",False,0,,2021-02-07 09:09:36,False,,1358342135720812544,,"<a href=""http://twitter.com/download/iphone"" rel=""nofollow"">Twitter for iPhone</a>",sara_sach,14,True,False,,
89,89,90,"RT @notpoos: Anyone working  #99x  #LSEG? 

Looking   internship   sibling <f0><U+009F><U+0091><U+0080>

#Help #RT",False,0,,2021-02-07 08:57:04,False,,1358338979829977088,,"<a href=""http://twitter.com/download/iphone"" rel=""nofollow"">Twitter for iPhone</a>",ckalana513,14,True,False,,
90,90,91,"RT @notpoos: Anyone working  #99x  #LSEG? 

Looking   internship   sibling <f0><U+009F><U+0091><U+0080>

#Help #RT",False,0,,2021-02-07 08:49:21,False,,1358337040400609290,,"<a href=""http://twitter.com/download/android"" rel=""nofollow"">Twitter for Android</a>",Spacewalkerlive,14,True,False,,
91,91,92,"RT @notpoos: Anyone working  #99x  #LSEG? 

Looking   internship   sibling <f0><U+009F><U+0091><U+0080>

#Help #RT",False,0,,2021-02-07 08:40:52,False,,1358334903591444483,,"<a href=""http://twitter.com/download/iphone"" rel=""nofollow"">Twitter for iPhone</a>",chamath_er,14,True,False,,
92,92,93,"RT @notpoos: Anyone working  #99x  #LSEG? 

Looking   internship   sibling <f0><U+009F><U+0091><U+0080>

#Help #RT",False,0,,2021-02-07 08:40:35,False,,1358334834192519169,,"<a href=""https://mobile.twitter.com"" rel=""nofollow"">Twitter Web App</a>",ItsDonPeter,14,True,False,,
93,93,94,"RT @notpoos: Anyone working  #99x  #LSEG? 

Looking   internship   sibling <f0><U+009F><U+0091><U+0080>

#Help #RT",False,0,,2021-02-07 08:39:28,False,,1358334551731232769,,"<a href=""http://twitter.com/download/android"" rel=""nofollow"">Twitter for Android</a>",TheToka920,14,True,False,,
94,94,95,"RT @notpoos: Anyone working  #99x  #LSEG? 

Looking   internship   sibling <f0><U+009F><U+0091><U+0080>

#Help #RT",False,0,,2021-02-07 08:38:34,False,,1358334323607306243,,"<a href=""http://twitter.com/download/android"" rel=""nofollow"">Twitter for Android</a>",Annnuza,14,True,False,,
95,95,96,"Anyone working  #99x  #LSEG? 

Looking   internship   sibling <f0><U+009F><U+0091><U+0080>

#Help #RT",False,24,,2021-02-07 08:37:25,False,,1358334037354442754,,"<a href=""http://twitter.com/download/iphone"" rel=""nofollow"">Twitter for iPhone</a>",notpoos,14,False,False,,
96,96,97,"Where   set  heart ? Fix  heart  Jesus.
#grace #Jesus #sovereign #truth #help #heart #heartofGodÂ https://.co/ehz8LR6Drz",False,0,,2021-02-06 18:42:25,True,,1358123900886937600,,"<a href=""http://twitter.com/download/android"" rel=""nofollow"">Twitter for Android</a>",NigelRobin2,0,False,False,,
97,97,98,"RT @Suyanalavaathi: 5 units  + blood needed  Mr.Nithyanantham today  tomorrow  CMC vellore. 

Patient id: 253856H
Donor contactÂ",False,0,,2021-02-06 09:36:43,False,,1357986572348588032,,"<a href=""http://twitter.com/download/iphone"" rel=""nofollow"">Twitter for iPhone</a>",Fazil_Amf,2,True,False,,
98,98,99,"RT @Suyanalavaathi: 5 units  + blood needed  Mr.Nithyanantham today  tomorrow  CMC vellore. 

Patient id: 253856H
Donor contactÂ",False,0,,2021-02-06 09:10:04,False,,1357979864859607042,,"<a href=""https://sootigaa.com"" rel=""nofollow"">Tweet Good</a>",NeedbloodHyd,2,True,False,,
99,99,100,"5 units  + blood needed  Mr.Nithyanantham today  tomorrow  CMC vellore. 

Patient id: 253856H
Donor conÂ https://.co/1t16rAUaks",False,1,,2021-02-06 08:57:39,True,,1357976740560183302,,"<a href=""http://twitter.com/download/iphone"" rel=""nofollow"">Twitter for iPhone</a>",Suyanalavaathi,2,False,False,,
100,100,101,Frnds youtube disable panitu vanced use panalama<f0><U+009F><U+0099><U+0081> #help,False,0,,2021-02-06 03:13:20,False,,1357890088689045505,,"<a href=""https://mobile.twitter.com"" rel=""nofollow"">Twitter Web App</a>",mk_offll,0,False,False,,
101,101,102,Anyone working  Seylan bank? #Help #RT,False,9,,2021-02-06 01:57:16,False,,1357870949157097476,,"<a href=""http://twitter.com/#!/download/ipad"" rel=""nofollow"">Twitter for iPad</a>",erangatennakoon,6,False,False,,
102,102,103,RT @PraveenNadeera: Anyone  fondant icing cakes around colombo? <f0><U+009F><U+008D><U+00B0> need  help   friend #help,False,0,,2021-02-05 20:22:43,False,,1357786754984513536,,"<a href=""http://twitter.com/download/iphone"" rel=""nofollow"">Twitter for iPhone</a>",lasantharanjana,4,True,False,,
103,103,104,RT @PraveenNadeera: Anyone  fondant icing cakes around colombo? <f0><U+009F><U+008D><U+00B0> need  help   friend #help,False,0,,2021-02-05 17:51:18,False,,1357748650391265282,,"<a href=""http://twitter.com/download/iphone"" rel=""nofollow"">Twitter for iPhone</a>",Sanjivakkuk,4,True,False,,
104,104,105,RT @PraveenNadeera: Anyone  fondant icing cakes around colombo? <f0><U+009F><U+008D><U+00B0> need  help   friend #help,False,0,,2021-02-05 15:21:40,False,,1357710991329353731,,"<a href=""http://twitter.com/download/android"" rel=""nofollow"">Twitter for Android</a>",iampiyumi_,4,True,False,,
105,105,106,RT @PraveenNadeera: Anyone  fondant icing cakes around colombo? <f0><U+009F><U+008D><U+00B0> need  help   friend #help,False,0,,2021-02-05 14:56:46,False,,1357704726402523137,,"<a href=""https://mobile.twitter.com"" rel=""nofollow"">Twitter Web App</a>",Sedona_B,4,True,False,,
106,106,107,Anyone  fondant icing cakes around colombo? <f0><U+009F><U+008D><U+00B0> need  help   friend #help,False,9,,2021-02-05 14:55:04,False,,1357704298881310725,,"<a href=""http://twitter.com/download/iphone"" rel=""nofollow"">Twitter for iPhone</a>",PraveenNadeera,4,False,False,,
107,107,108,AÂpura peeps please #help #rt #lka https://.co/8wFmQwv7fV,False,3,,2021-02-05 12:22:19,False,,1357665858340999168,,"<a href=""http://twitter.com/download/iphone"" rel=""nofollow"">Twitter for iPhone</a>",DulajMendis,0,False,False,,
108,108,109,RT @FeedingCeylon: May God help  strengthen  bond  family  friends  New Year. Sending  well wishes  praying  Â,False,0,,2021-02-05 03:28:48,False,,1357531593414496256,,"<a href=""http://twitter.com/download/iphone"" rel=""nofollow"">Twitter for iPhone</a>",GenElecSL,6,True,False,,
109,109,110,RT @pulaAbey: Looking  people    understanding  python  JavaScript. Contact   information. #RT #help #javascript #Â,False,0,,2021-02-04 17:58:47,False,,1357388143117234179,,"<a href=""https://twitter.com/100DaysOf2020"" rel=""nofollow"">#100DaysOf2020</a>",100DaysOf2020,15,True,False,,
110,110,111,RT @pulaAbey: Looking  people    understanding  python  JavaScript. Contact   information. #RT #help #javascript #Â,False,0,,2021-02-04 17:57:42,False,,1357387871712337926,,"<a href=""https://mobile.twitter.com"" rel=""nofollow"">Twitter Web App</a>",Dr_Alien_,15,True,False,,
111,111,112,RT @pulaAbey: Looking  people    understanding  python  JavaScript. Contact   information. #RT #help #javascript #Â,False,0,,2021-02-04 17:57:21,False,,1357387782348369921,,"<a href=""http://twitter.com/download/android"" rel=""nofollow"">Twitter for Android</a>",Vimukthi_93,15,True,False,,
112,112,113,RT @pulaAbey: Looking  people    understanding  python  JavaScript. Contact   information. #RT #help #javascript #Â,False,0,,2021-02-04 15:26:34,False,,1357349837004394497,,"<a href=""http://twitter.com/download/iphone"" rel=""nofollow"">Twitter for iPhone</a>",PraveenNadeera,15,True,False,,
113,113,114,RT @pulaAbey: Looking  people    understanding  python  JavaScript. Contact   information. #RT #help #javascript #Â,False,0,,2021-02-04 15:13:25,False,,1357346530395525121,,"<a href=""http://twitter.com/download/android"" rel=""nofollow"">Twitter for Android</a>",ItsmeSuppa,15,True,False,,
114,114,115,RT @pulaAbey: Looking  people    understanding  python  JavaScript. Contact   information. #RT #help #javascript #Â,False,0,,2021-02-04 15:11:16,False,,1357345987161853954,,"<a href=""https://yathinbabu.github.io"" rel=""nofollow"">xael bot</a>",xaelbot,15,True,False,,
115,115,116,RT @pulaAbey: Looking  people    understanding  python  JavaScript. Contact   information. #RT #help #javascript #Â,False,0,,2021-02-04 15:11:13,False,,1357345974184669187,,,altf4hashbot,15,True,False,,
116,116,117,RT @pulaAbey: Looking  people    understanding  python  JavaScript. Contact   information. #RT #help #javascript #Â,False,0,,2021-02-04 15:07:08,False,,1357344949927178244,,"<a href=""http://twitter.com/download/android"" rel=""nofollow"">Twitter for Android</a>",maggiegirl29,15,True,False,,
117,117,118,RT @pulaAbey: Looking  people    understanding  python  JavaScript. Contact   information. #RT #help #javascript #Â,False,0,,2021-02-04 15:07:03,False,,1357344925096968192,,,30xcodes,15,True,False,,
118,118,119,RT @pulaAbey: Looking  people    understanding  python  JavaScript. Contact   information. #RT #help #javascript #Â,False,0,,2021-02-04 15:06:43,False,,1357344844956323854,,"<a href=""http://twitter.com/download/iphone"" rel=""nofollow"">Twitter for iPhone</a>",chamath_er,15,True,False,,
119,119,120,RT @pulaAbey: Looking  people    understanding  python  JavaScript. Contact   information. #RT #help #javascript #Â,False,0,,2021-02-04 15:05:32,False,,1357344547399868418,,,developer_RTbot,15,True,False,,
120,120,121,RT @pulaAbey: Looking  people    understanding  python  JavaScript. Contact   information. #RT #help #javascript #Â,False,0,,2021-02-04 15:05:32,False,,1357344543385948164,,,iPythonistaBot,15,True,False,,
121,121,122,Looking  people    understanding  python  JavaScript. Contact   information. #RT #helpÂ https://.co/XhDCDkeMQT,False,20,,2021-02-04 15:05:26,True,,1357344519725801475,,"<a href=""http://twitter.com/download/iphone"" rel=""nofollow"">Twitter for iPhone</a>",pulaAbey,15,False,False,,
122,122,123,"Help us spread  word!
#lka #SriLanka #volunteer #volunteering #volunteeringopportunities #charityapp #charityÂ https://.co/JBudYw6hiC",False,0,slgudppl,2021-02-03 11:16:40,True,1.3569245592750203e+18,1356924561833492483,7.574869437393265e+17,"<a href=""https://mobile.twitter.com"" rel=""nofollow"">Twitter Web App</a>",slgudppl,0,False,False,,
123,123,124,RT @iamrajesh_sct: Emergency #Help <f0><U+009F><U+0099><U+008F>,False,0,,2021-02-03 10:54:07,False,,1356918885686013953,,"<a href=""http://twitter.com/download/android"" rel=""nofollow"">Twitter for Android</a>",Vk18_off,7,True,False,,
