,,,text,favorited,favoriteCount,replyToSN,created,truncated,replyToSID,id,replyToUID,statusSource,screenName,retweetCount,isRetweet,retweeted,longitude,latitude
0,0,1,What   quickest way  send  card  Negambo  one day?  need  send   Friday morning. since tomorrowÂ https://.co/I7R87rJ5GB,False,0,,2021-01-27 01:30:59,True,,1354240455593099266,,"<a href=""http://twitter.com/download/iphone"" rel=""nofollow"">Twitter for iPhone</a>",nilmini_r,0,False,False,,
1,1,2,"RT @tikirimaarie: Anyone  used GCP IAM? Need  help! 
#help #RT",False,0,,2021-01-26 18:13:46,False,,1354130425501900800,,"<a href=""http://twitter.com/download/iphone"" rel=""nofollow"">Twitter for iPhone</a>",timx_sws,13,True,False,,
2,2,3,"RT @tikirimaarie: Anyone  used GCP IAM? Need  help! 
#help #RT",False,0,,2021-01-26 17:44:12,False,,1354122983153967104,,"<a href=""http://twitter.com/download/android"" rel=""nofollow"">Twitter for Android</a>",NandiyaLive2,13,True,False,,
3,3,4,"RT @tikirimaarie: Anyone  used GCP IAM? Need  help! 
#help #RT",False,0,,2021-01-26 17:32:38,False,,1354120073082900480,,"<a href=""http://twitter.com/download/android"" rel=""nofollow"">Twitter for Android</a>",Dr_Alien_,13,True,False,,
4,4,5,"RT @tikirimaarie: Anyone  used GCP IAM? Need  help! 
#help #RT",False,0,,2021-01-26 17:25:38,False,,1354118313832546309,,"<a href=""http://twitter.com/download/android"" rel=""nofollow"">Twitter for Android</a>",Its_me_Navo,13,True,False,,
5,5,6,"RT @tikirimaarie: Anyone  used GCP IAM? Need  help! 
#help #RT",False,0,,2021-01-26 17:22:43,False,,1354117578101239817,,"<a href=""https://mobile.twitter.com"" rel=""nofollow"">Twitter Web App</a>",dil_jayarathne,13,True,False,,
6,6,7,"RT @tikirimaarie: Anyone  used GCP IAM? Need  help! 
#help #RT",False,0,,2021-01-26 17:20:42,False,,1354117071337107463,,"<a href=""http://twitter.com/download/iphone"" rel=""nofollow"">Twitter for iPhone</a>",fake_or_real_,13,True,False,,
7,7,8,"RT @tikirimaarie: Anyone  used GCP IAM? Need  help! 
#help #RT",False,0,,2021-01-26 17:19:09,False,,1354116678779510784,,"<a href=""http://twitter.com/download/android"" rel=""nofollow"">Twitter for Android</a>",uruzikal,13,True,False,,
8,8,9,"RT @tikirimaarie: Anyone  used GCP IAM? Need  help! 
#help #RT",False,0,,2021-01-26 16:57:36,False,,1354111257138237440,,"<a href=""http://twitter.com/download/android"" rel=""nofollow"">Twitter for Android</a>",Vimukthi_93,13,True,False,,
9,9,10,"RT @iamSahithyan: Looking  #help  #javascript 

Is   javascript alternative  #python' __add__  __mul__ functions?

:
httpsÂ",False,0,,2021-01-26 16:50:38,False,,1354109502530973700,,,devvibesbot,1,True,False,,
10,10,11,"Looking  #help  #javascript 

Is   javascript alternative  #python' __add__  __mul__ functions?

:
https://.co/pSR5tBCmTi",False,0,,2021-01-26 16:50:32,False,,1354109478807990273,,"<a href=""https://mobile.twitter.com"" rel=""nofollow"">Twitter Web App</a>",iamSahithyan,1,False,False,,
11,11,12,"RT @tikirimaarie: Anyone  used GCP IAM? Need  help! 
#help #RT",False,0,,2021-01-26 16:47:49,False,,1354108794309996544,,"<a href=""http://twitter.com/download/android"" rel=""nofollow"">Twitter for Android</a>",GayumiKW,13,True,False,,
12,12,13,"RT @tikirimaarie: Anyone  used GCP IAM? Need  help! 
#help #RT",False,0,,2021-01-26 16:46:51,False,,1354108551485157382,,"<a href=""http://twitter.com/download/android"" rel=""nofollow"">Twitter for Android</a>",ravinhwg,13,True,False,,
13,13,14,"RT @tikirimaarie: Anyone  used GCP IAM? Need  help! 
#help #RT",False,0,,2021-01-26 16:44:45,False,,1354108023531159552,,"<a href=""http://twitter.com/download/android"" rel=""nofollow"">Twitter for Android</a>",Spacewalkerlive,13,True,False,,
14,14,15,"RT @tikirimaarie: Anyone  used GCP IAM? Need  help! 
#help #RT",False,0,,2021-01-26 16:43:03,False,,1354107595909439490,,"<a href=""http://itunes.apple.com/us/app/twitter/id409789998?mt=12"" rel=""nofollow"">Twitter for Mac</a>",lahirutheflash,13,True,False,,
15,15,16,"RT @tikirimaarie: Anyone  used GCP IAM? Need  help! 
#help #RT",False,0,,2021-01-26 16:42:41,False,,1354107505069219841,,"<a href=""https://mobile.twitter.com"" rel=""nofollow"">Twitter Web App</a>",__Methmal,13,True,False,,
16,16,17,"Anyone  used GCP IAM? Need  help! 
#help #RT",False,22,,2021-01-26 16:42:34,False,,1354107474098450432,,"<a href=""http://twitter.com/download/android"" rel=""nofollow"">Twitter for Android</a>",tikirimaarie,13,False,False,,
17,17,18,"RT @iamSahithyan: A question  people  build calculator app  using eval()  #javascript,

""How   avoid 0.2 + 0.1 giving 0.3000Â",False,0,,2021-01-26 14:00:46,False,,1354066753781964802,,,devvibesbot,1,True,False,,
18,18,19,"A question  people  build calculator app  using eval()  #javascript,

""How   avoid 0.2 + 0.1 givingÂ https://.co/HFsMxX3GQ3",False,0,,2021-01-26 13:54:03,True,,1354065066304237568,,"<a href=""http://twitter.com/download/android"" rel=""nofollow"">Twitter for Android</a>",iamSahithyan,1,False,False,,
19,19,20,"Why  people Â happy  work? Including .
Need  opinions. #Help",False,0,,2021-01-26 13:17:19,False,,1354055822226059264,,"<a href=""http://twitter.com/download/android"" rel=""nofollow"">Twitter for Android</a>",itsJeewantha,0,False,False,,
20,20,21,"PH Foundation Group 20 <f0><U+009F><U+0091><U+0087> 
#help 

Follow  link  join  WhatsApp group: https://.co/m0ZVDGGUOH https://.co/ku3VY7rgy1",False,1,,2021-01-26 01:11:58,False,,1353873279644291074,,"<a href=""http://twitter.com/download/android"" rel=""nofollow"">Twitter for Android</a>",mtafnan10,0,False,False,,
21,21,22,"RT @BopeSM: Is  anyone working  SLIC? 
#help #rt",False,0,,2021-01-25 06:11:31,False,,1353586278844006400,,"<a href=""https://mobile.twitter.com"" rel=""nofollow"">Twitter Web App</a>",PNaweena,12,True,False,,
22,22,23,RT @DaspellSkyniel: Hi Guys I' working   project  I need help  triangulation technique  NFC.. And need  increase mobile calÂ,False,0,,2021-01-24 07:37:12,False,,1353245452515364864,,"<a href=""http://yoelijoserfeliz.com.mx"" rel=""nofollow"">Pachamama_X</a>",BlkHwk0ps,7,True,False,,
23,23,24,RT @DaspellSkyniel: Hi Guys I' working   project  I need help  triangulation technique  NFC.. And need  increase mobile calÂ,False,0,,2021-01-24 07:05:55,False,,1353237581136162816,,,IndieDevProBot,7,True,False,,
24,24,25,RT @DaspellSkyniel: Hi Guys I' working   project  I need help  triangulation technique  NFC.. And need  increase mobile calÂ,False,0,,2021-01-24 06:55:27,False,,1353234946912104449,,,DjangoBot_,7,True,False,,
25,25,26,RT @DaspellSkyniel: Hi Guys I' working   project  I need help  triangulation technique  NFC.. And need  increase mobile calÂ,False,0,,2021-01-24 06:55:27,False,,1353234946689798145,,,iPythonistaBot,7,True,False,,
26,26,27,Hi Guys I' working   project  I need help  triangulation technique  NFC.. And need  increase mobileÂ https://.co/nLLV5kzgiV,False,2,,2021-01-24 06:55:22,True,,1353234924300472321,,"<a href=""http://twitter.com/download/android"" rel=""nofollow"">Twitter for Android</a>",DaspellSkyniel,7,False,False,,
27,27,28,Can  increase  commercial bank online transfer limit? Anyone working  Commbank? #Help,False,0,,2021-01-24 06:46:38,False,,1353232724497203200,,"<a href=""http://twitter.com/download/android"" rel=""nofollow"">Twitter for Android</a>",RamithaJ,0,False,False,,
28,28,29,RT @thejanwic: Architecture &amp; Landscape Architecture Aptitude test <U+0D91><U+0D9A> <U+0DBD><U+0DD2><U+0DBA><U+0DB4><U+0DD4> <U+0D9A><U+0DD9><U+0DB1><U+0DD9><U+0D9A><U+0DCA> <U+0D89><U+0DB1><U+0DCA><U+0DB1><U+0DC0><U+0DAF> ? #rt #HELP,False,0,,2021-01-24 03:01:45,False,,1353176132758200321,,"<a href=""http://twitter.com/download/iphone"" rel=""nofollow"">Twitter for iPhone</a>",unknown_lankan,1,True,False,,
29,29,30,Architecture &amp; Landscape Architecture Aptitude test <U+0D91><U+0D9A> <U+0DBD><U+0DD2><U+0DBA><U+0DB4><U+0DD4> <U+0D9A><U+0DD9><U+0DB1><U+0DD9><U+0D9A><U+0DCA> <U+0D89><U+0DB1><U+0DCA><U+0DB1><U+0DC0><U+0DAF> ? #rt #HELP,False,4,,2021-01-24 02:57:54,False,,1353175163345522689,,"<a href=""https://mobile.twitter.com"" rel=""nofollow"">Twitter Web App</a>",thejanwic,1,False,False,,
30,30,31,To  Apple guru'  . What'  best way  jailbreak  iPhone SE Running iOS 14.3 without  mac? And thÂ https://.co/d4Jiu1msXn,False,1,,2021-01-24 02:50:10,True,,1353173219499380736,,"<a href=""http://twitter.com/download/android"" rel=""nofollow"">Twitter for Android</a>",k9yosh,0,False,False,,
31,31,32,"RT @Nadeez__: If    ceylinco genera insurance policy holder, please help . It    great help assistance    completÂ",False,0,,2021-01-24 02:35:19,False,,1353169480063610882,,"<a href=""http://twitter.com/download/iphone"" rel=""nofollow"">Twitter for iPhone</a>",erangatennakoon,6,True,False,,
32,32,33,"RT @Nadeez__: If    ceylinco genera insurance policy holder, please help . It    great help assistance    completÂ",False,0,,2021-01-23 16:36:40,False,,1353018826624016385,,"<a href=""http://twitter.com/download/iphone"" rel=""nofollow"">Twitter for iPhone</a>",DulajMendis,6,True,False,,
33,33,34,"RT @Nadeez__: If    ceylinco genera insurance policy holder, please help . It    great help assistance    completÂ",False,0,,2021-01-23 15:44:36,False,,1353005721437282304,,"<a href=""http://twitter.com/download/android"" rel=""nofollow"">Twitter for Android</a>",yasasw,6,True,False,,
34,34,35,"RT @Nadeez__: If    ceylinco genera insurance policy holder, please help . It    great help assistance    completÂ",False,0,,2021-01-23 15:44:06,False,,1353005594920235008,,"<a href=""https://mobile.twitter.com"" rel=""nofollow"">Twitter Web App</a>",CrazyNalin,6,True,False,,
35,35,36,"If    ceylinco genera insurance policy holder, please help . It    great help assistance   cÂ https://.co/d6yYr3JARc",False,3,,2021-01-23 15:41:54,True,,1353005041544646662,,"<a href=""http://twitter.com/download/android"" rel=""nofollow"">Twitter for Android</a>",Nadeez__,6,False,False,,
36,36,37,"Any job vacancies around Colombo ? If   , send   DM please <f0><U+009F><U+0092><U+009D>

#Help",False,15,,2021-01-23 13:27:09,False,,1352971133713141762,,"<a href=""http://twitter.com/download/android"" rel=""nofollow"">Twitter for Android</a>",amashani_herath,7,False,False,,
37,37,38,"RT @D4Vsupport: D4V Office space
D4V  searching  office spacefor   Administration works, utilize  assets, conduct careeÂ",False,0,,2021-01-23 03:59:44,False,,1352828338486693890,,"<a href=""http://twitter.com/download/android"" rel=""nofollow"">Twitter for Android</a>",rajakrr,2,True,False,,
38,38,39,"RT @lahirutheflash: Does anyone  owns  M1 macbook pro  ?
(need  know something)
#help",False,0,,2021-01-23 03:20:23,False,,1352818435441324032,,"<a href=""http://twitter.com/download/android"" rel=""nofollow"">Twitter for Android</a>",sajitha_tj,5,True,False,,
39,39,40,"RT @SamidassEswaran: #URGENT #Help
#Blood
Blood required

Dear friends, 2units  B- blood group  required  emergency dialysis.

PlsÂ",False,0,,2021-01-23 03:18:14,False,,1352817894242054144,,"<a href=""https://mobile.twitter.com"" rel=""nofollow"">Twitter Web App</a>",iamnitinsea,1,True,False,,
40,40,41,"#URGENT #Help
#Blood
Blood required

Dear friends, 2units  B- blood group  required  emergency dialysis.Â https://.co/zoainQ5xWG",False,2,,2021-01-23 03:17:43,True,,1352817763245453312,,"<a href=""http://twitter.com/download/android"" rel=""nofollow"">Twitter for Android</a>",SamidassEswaran,1,False,False,,
41,41,42,"RT @lahirutheflash: Does anyone  owns  M1 macbook pro  ?
(need  know something)
#help",False,0,,2021-01-23 02:13:30,False,,1352801601786793986,,"<a href=""http://twitter.com/download/android"" rel=""nofollow"">Twitter for Android</a>",uruzikal,5,True,False,,
42,42,43,"RT @D4Vsupport: D4V Office space
D4V  searching  office spacefor   Administration works, utilize  assets, conduct careeÂ",False,0,,2021-01-23 00:16:47,False,,1352772231277895681,,"<a href=""http://twitter.com/download/android"" rel=""nofollow"">Twitter for Android</a>",Esakkiappan_e88,2,True,False,,
43,43,44,"D4V Office space
D4V  searching  office spacefor   Administration works, utilize  assets, conduÂ https://.co/ippbl8ThO7",False,2,,2021-01-22 19:49:26,True,,1352704949885386753,,"<a href=""http://twitter.com/download/android"" rel=""nofollow"">Twitter for Android</a>",D4Vsupport,2,False,False,,
44,44,45,"RT @lahirutheflash: Does anyone  owns  M1 macbook pro  ?
(need  know something)
#help",False,0,,2021-01-22 18:58:50,False,,1352692214598610945,,"<a href=""http://twitter.com/download/iphone"" rel=""nofollow"">Twitter for iPhone</a>",hirannd,5,True,False,,
45,45,46,"RT @lahirutheflash: Does anyone  owns  M1 macbook pro  ?
(need  know something)
#help",False,0,,2021-01-22 18:56:18,False,,1352691576300965893,,"<a href=""http://twitter.com/download/android"" rel=""nofollow"">Twitter for Android</a>",ItsMeKande,5,True,False,,
46,46,47,"RT @lahirutheflash: Does anyone  owns  M1 macbook pro  ?
(need  know something)
#help",False,0,,2021-01-22 18:18:24,False,,1352682038780964864,,"<a href=""http://twitter.com/download/android"" rel=""nofollow"">Twitter for Android</a>",GayumiKW,5,True,False,,
47,47,48,RT @iamrajesh_sct: Any App Available To Book Hotel Rooms In Cheap Rate  Over India? #Help,False,0,,2021-01-22 17:29:42,False,,1352669785100718081,,"<a href=""http://twitter.com/download/android"" rel=""nofollow"">Twitter for Android</a>",ajithkumar_2020,10,True,False,,
48,48,49,"Does anyone  owns  M1 macbook pro  ?
(need  know something)
#help",False,10,,2021-01-22 16:16:08,False,,1352651269459107841,,"<a href=""https://mobile.twitter.com"" rel=""nofollow"">Twitter Web App</a>",lahirutheflash,5,False,False,,
49,49,50,RT @ItsMeKande: Please RT  post  #help,False,0,,2021-01-22 15:46:59,False,,1352643934791626754,,"<a href=""http://twitter.com/download/android"" rel=""nofollow"">Twitter for Android</a>",farhanMohomadd,4,True,False,,
50,50,51,RT @iamrajesh_sct: Any App Available To Book Hotel Rooms In Cheap Rate  Over India? #Help,False,0,,2021-01-22 15:44:11,False,,1352643228034502657,,"<a href=""http://twitter.com/download/android"" rel=""nofollow"">Twitter for Android</a>",Sanjay55483505,10,True,False,,
51,51,52,RT @ItsMeKande: Please RT  post  #help,False,0,,2021-01-22 15:23:58,False,,1352638140654080006,,"<a href=""http://twitter.com/download/android"" rel=""nofollow"">Twitter for Android</a>",sachinsupunthak,4,True,False,,
52,52,53,RT @ItsMeKande: Please RT  post  #help,False,0,,2021-01-22 14:56:21,False,,1352631191099289605,,"<a href=""http://twitter.com/download/android"" rel=""nofollow"">Twitter for Android</a>",Vishmi20466360,4,True,False,,
53,53,54,RT @ItsMeKande: Please RT  post  #help https://.co/eoqXLwqhqt,False,0,,2021-01-22 14:50:28,False,,1352629709419536387,,"<a href=""https://mobile.twitter.com"" rel=""nofollow"">Twitter Web App</a>",ashandulakshana,4,True,False,,
54,54,55,Please RT  post  #help https://.co/eoqXLwqhqt,False,6,,2021-01-22 14:49:45,False,,1352629531887063040,,"<a href=""http://twitter.com/download/android"" rel=""nofollow"">Twitter for Android</a>",ItsMeKande,4,False,False,,
55,55,56,RT @iamrajesh_sct: Any App Available To Book Hotel Rooms In Cheap Rate  Over India? #Help,False,0,,2021-01-22 13:32:22,False,,1352610056458563584,,"<a href=""http://twitter.com/download/android"" rel=""nofollow"">Twitter for Android</a>",KD56680783,10,True,False,,
56,56,57,RT @iamrajesh_sct: Any App Available To Book Hotel Rooms In Cheap Rate  Over India? #Help,False,0,,2021-01-22 13:17:11,False,,1352606234499665923,,"<a href=""http://twitter.com/download/android"" rel=""nofollow"">Twitter for Android</a>",Mohanra74629087,10,True,False,,
57,57,58,RT @iamrajesh_sct: Any App Available To Book Hotel Rooms In Cheap Rate  Over India? #Help,False,0,,2021-01-22 13:06:33,False,,1352603560509280257,,"<a href=""http://twitter.com/download/android"" rel=""nofollow"">Twitter for Android</a>",pandianbilla1,10,True,False,,
58,58,59,RT @iamrajesh_sct: Any App Available To Book Hotel Rooms In Cheap Rate  Over India? #Help,False,0,,2021-01-22 12:46:30,False,,1352598516229492741,,"<a href=""http://twitter.com/download/android"" rel=""nofollow"">Twitter for Android</a>",iam_uva,10,True,False,,
59,59,60,RT @iamrajesh_sct: Any App Available To Book Hotel Rooms In Cheap Rate  Over India? #Help,False,0,,2021-01-22 12:39:47,False,,1352596825358749696,,"<a href=""https://mobile.twitter.com"" rel=""nofollow"">Twitter Web App</a>",thala_san7,10,True,False,,
60,60,61,RT @iamrajesh_sct: Any App Available To Book Hotel Rooms In Cheap Rate  Over India? #Help,False,0,,2021-01-22 11:50:36,False,,1352584445165883395,,"<a href=""http://twitter.com/download/android"" rel=""nofollow"">Twitter for Android</a>",sripathi87,10,True,False,,
61,61,62,RT @iamrajesh_sct: Any App Available To Book Hotel Rooms In Cheap Rate  Over India? #Help,False,0,,2021-01-22 11:01:15,False,,1352572028696489988,,"<a href=""http://twitter.com/download/android"" rel=""nofollow"">Twitter for Android</a>",saiofficials,10,True,False,,
62,62,63,RT @iamrajesh_sct: Any App Available To Book Hotel Rooms In Cheap Rate  Over India? #Help,False,0,,2021-01-22 10:52:07,False,,1352569727965564929,,"<a href=""http://twitter.com/download/android"" rel=""nofollow"">Twitter for Android</a>",JeevaViswasam,10,True,False,,
63,63,64,Any App Available To Book Hotel Rooms In Cheap Rate  Over India? #Help,False,133,,2021-01-22 10:50:33,False,,1352569334787268612,,"<a href=""http://twitter.com/download/android"" rel=""nofollow"">Twitter for Android</a>",iamrajesh_sct,10,False,False,,
64,64,65,"Charity brings  life    need financial support  health issues

For Donations Please Click The BelÂ https://.co/LeOK5B3ewR",False,0,,2021-01-22 09:35:00,True,,1352550320157560838,,"<a href=""https://mobile.twitter.com"" rel=""nofollow"">Twitter Web App</a>",dayapki,0,False,False,,
65,65,66,"Charity brings  life    need financial support  health issues

For Donations Please Click The BelÂ https://.co/JaUltig6jx",False,0,,2021-01-22 09:34:22,True,,1352550160287502337,,"<a href=""https://mobile.twitter.com"" rel=""nofollow"">Twitter Web App</a>",ebrameshdaya,0,False,False,,
66,66,67,"RT @vajirasumeda: 17 exercise Books, 2CaR books, A bag   pair  shoes. Request   little girl ! #srilanka #help
Picked  facebookÂ",False,0,,2021-01-22 06:40:18,False,,1352506356809478144,,"<a href=""http://twitter.com/download/android"" rel=""nofollow"">Twitter for Android</a>",ValachaniNews,1,True,False,,
67,67,68,"17 exercise Books, 2CaR books, A bag   pair  shoes. Request   little girl ! #srilanka #help
Picked  faÂ https://.co/jY5G3p9e93",False,2,,2021-01-22 06:17:18,True,,1352500568795697154,,"<a href=""http://twitter.com/download/android"" rel=""nofollow"">Twitter for Android</a>",vajirasumeda,1,False,False,,
68,68,69,"RT @GokulaK32355117: @rashtrapatibhvn Respected Sir,

@FlyWithIX   giving back  refund. More  2 months .

Lot  customer facÂ",False,0,,2021-01-21 08:35:27,False,,1352172948254179329,,"<a href=""http://twitter.com/download/android"" rel=""nofollow"">Twitter for Android</a>",aawaaaraDOTexe,1,True,False,,
69,69,70,"@rashtrapatibhvn Respected Sir,

@FlyWithIX   giving back  refund. More  2 months .

Lot  customerÂ https://.co/7TJgHke7Bo",False,1,rashtrapatibhvn,2021-01-21 07:08:18,True,1.35208893059883e+18,1352151015429005323,8.854870442432389e+17,"<a href=""http://twitter.com/download/iphone"" rel=""nofollow"">Twitter for iPhone</a>",GokulaK32355117,1,False,False,,
70,70,71,RT @balajishaan: Atmost dissatisfaction  disappointment   noise earbuds  I purchased  @amazonIN hope  take   gÂ,False,0,,2021-01-21 06:58:42,False,,1352148598121750528,,"<a href=""https://vchima.com"" rel=""nofollow"">test-shield-bot</a>",ShieldVoC,1,True,False,,
71,71,72,Atmost dissatisfaction  disappointment   noise earbuds  I purchased  @amazonIN hope  take thiÂ https://.co/pRH7ZdHqVj,False,0,,2021-01-21 06:58:36,True,,1352148576059629569,,"<a href=""http://twitter.com/download/android"" rel=""nofollow"">Twitter for Android</a>",balajishaan,1,False,False,,
72,72,73,RT @Yazhinisiddhu: Any crime thriller movie suggestions pls..#Survey #Help #Movie ##Master #Valimai #SooraraiPottru #Cobra #JagameThandiramÂ,False,0,,2021-01-20 16:59:45,False,,1351937470401806336,,"<a href=""https://mobile.twitter.com"" rel=""nofollow"">Twitter Web App</a>",DineshJudeOffl,3,True,False,,
73,73,74,Any crime thriller movie suggestions pls..#Survey #Help #Movie ##Master #Valimai #SooraraiPottru #CobraÂ https://.co/LbF2E0AMg7,False,0,,2021-01-20 07:56:46,True,,1351800824058372096,,"<a href=""http://twitter.com/download/android"" rel=""nofollow"">Twitter for Android</a>",Yazhinisiddhu,3,False,False,,
74,74,75,Does anyone know  place  buy  charger  MacBook air? #Help #LKA,False,10,,2021-01-20 07:00:05,False,,1351786561860341760,,"<a href=""http://twitter.com/download/android"" rel=""nofollow"">Twitter for Android</a>",NotJagath,6,False,False,,
75,75,76,@MicrosoftHelps @WindowsUpdate I see repeated failures  Updating #KB4598242   19042.685 build #20H2 Error: InÂ https://.co/XT5smhfhJE,False,0,MicrosoftHelps,2021-01-19 17:48:37,True,,1351587380696760320,75691804.0,"<a href=""https://mobile.twitter.com"" rel=""nofollow"">Twitter Web App</a>",shahzard,0,False,False,,
76,76,77,RT @ItsMeKande: What'  best health app? #Help #rt,False,0,,2021-01-19 15:05:06,False,,1351546231034531841,,"<a href=""http://twitter.com/download/android"" rel=""nofollow"">Twitter for Android</a>",RakzzMaduOnline,1,True,False,,
77,77,78,What'  best health app? #Help #rt,False,9,,2021-01-19 15:04:08,False,,1351545987504898050,,"<a href=""http://twitter.com/download/android"" rel=""nofollow"">Twitter for Android</a>",ItsMeKande,1,False,False,,
78,78,79,"RT @BopeSM: Is  anyone working  SLIC? 
#help #rt",False,0,,2021-01-19 10:13:25,False,,1351472827698995200,,"<a href=""http://twitter.com/download/android"" rel=""nofollow"">Twitter for Android</a>",KasunGamageLive,12,True,False,,
79,79,80,"RT @BopeSM: Is  anyone working  SLIC? 
#help #rt",False,0,,2021-01-19 08:39:16,False,,1351449132565610500,,"<a href=""http://twitter.com/download/iphone"" rel=""nofollow"">Twitter for iPhone</a>",erangatennakoon,12,True,False,,
80,80,81,"RT @BopeSM: Is  anyone working  SLIC? 
#help #rt",False,0,,2021-01-19 08:06:21,False,,1351440849213612034,,"<a href=""http://twitter.com/download/android"" rel=""nofollow"">Twitter for Android</a>",Vimukthi_93,12,True,False,,
81,81,82,"RT @BopeSM: Is  anyone working  SLIC? 
#help #rt",False,0,,2021-01-19 08:03:23,False,,1351440102979821569,,"<a href=""http://twitter.com/download/android"" rel=""nofollow"">Twitter for Android</a>",Its_me_Navo,12,True,False,,
82,82,83,"RT @IamRajii: Leveraging  Twitter network <f0><U+009F><U+0098><U+0085> Thiruvanmiyur vaasigal, let  know   come across  nice  clean 1BHK/2BHK apartmeÂ",False,0,,2021-01-19 07:52:04,False,,1351437254095376385,,"<a href=""http://twitter.com/download/android"" rel=""nofollow"">Twitter for Android</a>",pepa_dr,18,True,False,,
83,83,84,"RT @BopeSM: Is  anyone working  SLIC? 
#help #rt",False,0,,2021-01-19 07:42:15,False,,1351434784883372032,,"<a href=""http://twitter.com/download/android"" rel=""nofollow"">Twitter for Android</a>",EnThunga,12,True,False,,
84,84,85,I  grateful   #words  #guidance. To control  #minds   important  working ! #Meditation  nÂ https://.co/A45goYxgJ2,False,1,,2021-01-19 07:00:21,True,,1351424240491270148,,"<a href=""http://twitter.com/download/android"" rel=""nofollow"">Twitter for Android</a>",elkintan,0,False,False,,
85,85,86,@TheHolyApostle I  grateful   #words  #guidance. To control  #minds   important  working !Â https://.co/dxOEJKQIH3,False,2,TheHolyApostle,2021-01-19 07:00:11,True,1.351341102566142e+18,1351424198225272834,533506351.0,"<a href=""http://twitter.com/download/android"" rel=""nofollow"">Twitter for Android</a>",elkintan,0,False,False,,
86,86,87,"RT @BopeSM: Is  anyone working  SLIC? 
#help #rt",False,0,,2021-01-19 06:53:40,False,,1351422555748356099,,"<a href=""http://twitter.com/download/android"" rel=""nofollow"">Twitter for Android</a>",Spacewalkerlive,12,True,False,,
87,87,88,"RT @BopeSM: Is  anyone working  SLIC? 
#help #rt",False,0,,2021-01-19 06:46:34,False,,1351420771705372672,,"<a href=""https://mobile.twitter.com"" rel=""nofollow"">Twitter Web App</a>",kazZtr_,12,True,False,,
88,88,89,"RT @BopeSM: Is  anyone working  SLIC? 
#help #rt",False,0,,2021-01-19 06:41:21,False,,1351419455541186560,,"<a href=""http://twitter.com/download/android"" rel=""nofollow"">Twitter for Android</a>",uruzikal,12,True,False,,
89,89,90,"RT @BopeSM: Is  anyone working  SLIC? 
#help #rt",False,0,,2021-01-19 06:31:48,False,,1351417053442260992,,"<a href=""http://twitter.com/download/android"" rel=""nofollow"">Twitter for Android</a>",djharris32913,12,True,False,,
90,90,91,"Is  anyone working  SLIC? 
#help #rt",False,14,,2021-01-19 06:30:01,False,,1351416607306784768,,"<a href=""http://twitter.com/download/iphone"" rel=""nofollow"">Twitter for iPhone</a>",BopeSM,12,False,False,,
91,91,92,"And  would   grate help.<f0><U+009F><U+0098><U+0087><U+2764><U+FE0F>

#help #rt",False,2,maggiegirl29,2021-01-19 04:41:10,False,1.3513892064304333e+18,1351389214496100352,9.26716060560122e+17,"<a href=""http://twitter.com/download/android"" rel=""nofollow"">Twitter for Android</a>",maggiegirl29,0,False,False,,
92,92,93,"RT @IamRajii: Leveraging  Twitter network <f0><U+009F><U+0098><U+0085> Thiruvanmiyur vaasigal, let  know   come across  nice  clean 1BHK/2BHK apartmeÂ",False,0,,2021-01-19 03:19:21,False,,1351368620857724930,,"<a href=""http://twitter.com/download/android"" rel=""nofollow"">Twitter for Android</a>",VTA2891,18,True,False,,
93,93,94,"RT @IamRajii: Leveraging  Twitter network <f0><U+009F><U+0098><U+0085> Thiruvanmiyur vaasigal, let  know   come across  nice  clean 1BHK/2BHK apartmeÂ",False,0,,2021-01-19 02:37:48,False,,1351358166970208257,,"<a href=""http://twitter.com/download/android"" rel=""nofollow"">Twitter for Android</a>",DahiyaSKumar11,18,True,False,,
94,94,95,"Struggling   egpu setup   laptop,  anybody  done   please let  know #help #eGPU",False,0,,2021-01-19 02:18:56,False,,1351353417113849856,,"<a href=""http://twitter.com/download/iphone"" rel=""nofollow"">Twitter for iPhone</a>",kazZtr_,0,False,False,,
95,95,96,"RT @IamRajii: Leveraging  Twitter network <f0><U+009F><U+0098><U+0085> Thiruvanmiyur vaasigal, let  know   come across  nice  clean 1BHK/2BHK apartmeÂ",False,0,,2021-01-19 01:58:58,False,,1351348395101732871,,"<a href=""http://twitter.com/download/android"" rel=""nofollow"">Twitter for Android</a>",chaitoo154,18,True,False,,
