,,,text,favorited,favoriteCount,replyToSN,created,truncated,replyToSID,id,replyToUID,statusSource,screenName,retweetCount,isRetweet,retweeted,longitude,latitude
0,0,1,"RT @manimaligai: Get healthier  #Mambalamiyershealthmix today!! Now buy one  get one free...
#healthmix #mambalamiyers #healthfibreÂ",False,0,,2021-02-03 04:00:02,False,,1356814676915613698,,,NammaPollachi,2,True,False,,
1,1,2,"RT @manimaligai: Get healthier  #Mambalamiyershealthmix today!! Now buy one  get one free...
#healthmix #mambalamiyers #healthfibreÂ",False,0,,2021-02-03 03:57:09,False,,1356813954224332800,,"<a href=""https://twitter.com/pollachibot"" rel=""nofollow"">PollachiBot</a>",pollachibot,2,True,False,,
2,2,3,"Get healthier  #Mambalamiyershealthmix today!! Now buy one  get one free...
#healthmix #mambalamiyersÂ https://.co/FN9DnmHKFc",False,0,,2021-02-03 03:49:09,True,,1356811940673122304,,"<a href=""http://twitter.com/download/android"" rel=""nofollow"">Twitter for Android</a>",manimaligai,2,False,False,,
