,,,text,favorited,favoriteCount,replyToSN,created,truncated,replyToSID,id,replyToUID,statusSource,screenName,retweetCount,isRetweet,retweeted,longitude,latitude
0,0,1,"#Covid-19 #Update*<f0><U+009F><U+00A6><U+00A0>
2021-01-02

#Three(03) #COVID19 related #deaths  502 new cases recorded  #Sri #Lanka <f0><U+009F><U+0087><U+00B1><f0><U+009F><U+0087><U+00B0>Â https://.co/cq8XnNutDt",False,2,,2021-01-02 14:34:12,True,,1345377859024654337,,"<a href=""http://twitter.com/download/iphone"" rel=""nofollow"">Twitter for iPhone</a>",Naveeth14,0,False,False,,
