,,,text,favorited,favoriteCount,replyToSN,created,truncated,replyToSID,id,replyToUID,statusSource,screenName,retweetCount,isRetweet,retweeted,longitude,latitude
0,0,1,RT @VijayAlif5_: 14 Age Girl Missing Please Share Max #Help https://.co/g3nKsvzLrK,False,0,,2021-02-12 01:16:46,False,,1360035081671200768,,"<a href=""http://twitter.com/download/android"" rel=""nofollow"">Twitter for Android</a>",rvraj1538,185,True,False,,
1,1,2,RT @VijayAlif5_: 14 Age Girl Missing Please Share Max #Help https://.co/g3nKsvzLrK,False,0,,2021-02-12 01:09:28,False,,1360033243773345796,,"<a href=""http://twitter.com/download/android"" rel=""nofollow"">Twitter for Android</a>",Sridhar84479687,185,True,False,,
2,2,3,RT @VijayAlif5_: 14 Age Girl Missing Please Share Max #Help https://.co/g3nKsvzLrK,False,0,,2021-02-12 00:28:27,False,,1360022921264066562,,"<a href=""http://twitter.com/download/android"" rel=""nofollow"">Twitter for Android</a>",rehmanvj07,185,True,False,,
3,3,4,RT @VijayAlif5_: 14 Age Girl Missing Please Share Max #Help https://.co/g3nKsvzLrK,False,0,,2021-02-12 00:20:02,False,,1360020803413110786,,"<a href=""http://twitter.com/download/android"" rel=""nofollow"">Twitter for Android</a>",SakthiNagul3,185,True,False,,
4,4,5,RT @VijayAlif5_: 14 Age Girl Missing Please Share Max #Help https://.co/g3nKsvzLrK,False,0,,2021-02-12 00:16:13,False,,1360019845828382723,,"<a href=""http://twitter.com/download/android"" rel=""nofollow"">Twitter for Android</a>",eramraj83trt,185,True,False,,
5,5,6,RT @VijayAlif5_: 14 Age Girl Missing Please Share Max #Help https://.co/g3nKsvzLrK,False,0,,2021-02-11 23:23:34,False,,1360006595481014273,,"<a href=""http://twitter.com/download/iphone"" rel=""nofollow"">Twitter for iPhone</a>",manikandanars,185,True,False,,
6,6,7,RT @VijayAlif5_: 14 Age Girl Missing Please Share Max #Help https://.co/g3nKsvzLrK,False,0,,2021-02-11 21:48:37,False,,1359982699436519434,,"<a href=""http://twitter.com/download/iphone"" rel=""nofollow"">Twitter for iPhone</a>",sahana_xo,185,True,False,,
7,7,8,RT @VijayAlif5_: 14 Age Girl Missing Please Share Max #Help https://.co/g3nKsvzLrK,False,0,,2021-02-11 21:46:09,False,,1359982079623057408,,"<a href=""http://twitter.com/download/android"" rel=""nofollow"">Twitter for Android</a>",Arun_Dhanush85,185,True,False,,
8,8,9,RT @VijayAlif5_: 14 Age Girl Missing Please Share Max #Help https://.co/g3nKsvzLrK,False,0,,2021-02-11 21:34:44,False,,1359979205832884227,,"<a href=""http://twitter.com/download/android"" rel=""nofollow"">Twitter for Android</a>",vijaymani1979,185,True,False,,
9,9,10,RT @VijayAlif5_: 14 Age Girl Missing Please Share Max #Help https://.co/g3nKsvzLrK,False,0,,2021-02-11 21:15:40,False,,1359974407003922436,,"<a href=""http://twitter.com/download/android"" rel=""nofollow"">Twitter for Android</a>",Dinesh92718626,185,True,False,,
10,10,11,RT @VijayAlif5_: 14 Age Girl Missing Please Share Max #Help https://.co/g3nKsvzLrK,False,0,,2021-02-11 19:29:27,False,,1359947676041826313,,"<a href=""http://twitter.com/download/android"" rel=""nofollow"">Twitter for Android</a>",RUKSHANRIO13,185,True,False,,
11,11,12,RT @VijayAlif5_: 14 Age Girl Missing Please Share Max #Help https://.co/g3nKsvzLrK,False,0,,2021-02-11 18:46:38,False,,1359936903659798533,,"<a href=""http://twitter.com/download/android"" rel=""nofollow"">Twitter for Android</a>",Ajeestharik4,185,True,False,,
12,12,13,RT @VijayAlif5_: 14 Age Girl Missing Please Share Max #Help https://.co/g3nKsvzLrK,False,0,,2021-02-11 18:40:36,False,,1359935383736176640,,"<a href=""http://twitter.com/download/android"" rel=""nofollow"">Twitter for Android</a>",Bully_Twitts,185,True,False,,
13,13,14,RT @VijayAlif5_: 14 Age Girl Missing Please Share Max #Help https://.co/g3nKsvzLrK,False,0,,2021-02-11 18:39:56,False,,1359935216429588481,,"<a href=""http://twitter.com/download/android"" rel=""nofollow"">Twitter for Android</a>",sathyass88,185,True,False,,
14,14,15,RT @VijayAlif5_: 14 Age Girl Missing Please Share Max #Help https://.co/g3nKsvzLrK,False,0,,2021-02-11 18:23:27,False,,1359931068376252418,,"<a href=""http://twitter.com/download/android"" rel=""nofollow"">Twitter for Android</a>",Rinshadrinsh1,185,True,False,,
15,15,16,RT @VijayAlif5_: 14 Age Girl Missing Please Share Max #Help https://.co/g3nKsvzLrK,False,0,,2021-02-11 18:18:45,False,,1359929885444116484,,"<a href=""http://twitter.com/download/android"" rel=""nofollow"">Twitter for Android</a>",Vicky_Jack07,185,True,False,,
16,16,17,RT @VijayAlif5_: 14 Age Girl Missing Please Share Max #Help https://.co/g3nKsvzLrK,False,0,,2021-02-11 18:06:41,False,,1359926848860295168,,"<a href=""http://twitter.com/download/android"" rel=""nofollow"">Twitter for Android</a>",johnywalker96,185,True,False,,
17,17,18,RT @VijayAlif5_: 14 Age Girl Missing Please Share Max #Help https://.co/g3nKsvzLrK,False,0,,2021-02-11 18:00:10,False,,1359925209386549253,,"<a href=""http://twitter.com/download/android"" rel=""nofollow"">Twitter for Android</a>",suryadav77,185,True,False,,
18,18,19,RT @VijayAlif5_: 14 Age Girl Missing Please Share Max #Help https://.co/g3nKsvzLrK,False,0,,2021-02-11 17:58:37,False,,1359924818070540290,,"<a href=""http://twitter.com/download/android"" rel=""nofollow"">Twitter for Android</a>",paras151992,185,True,False,,
19,19,20,RT @VijayAlif5_: 14 Age Girl Missing Please Share Max #Help https://.co/g3nKsvzLrK,False,0,,2021-02-11 17:54:05,False,,1359923678075441152,,"<a href=""http://twitter.com/download/android"" rel=""nofollow"">Twitter for Android</a>",itz_ArunDhoni,185,True,False,,
20,20,21,RT @VijayAlif5_: 14 Age Girl Missing Please Share Max #Help https://.co/g3nKsvzLrK,False,0,,2021-02-11 17:53:26,False,,1359923512421408772,,"<a href=""http://twitter.com/download/android"" rel=""nofollow"">Twitter for Android</a>",MathaiyanVijay,185,True,False,,
21,21,22,RT @achiralk: If  Interested DM   send  CV  . #jobs #rt #Help #UIUX https://.co/WdLUiWmGac,False,0,,2021-02-11 17:52:11,False,,1359923199476076551,,"<a href=""http://twitter.com/download/iphone"" rel=""nofollow"">Twitter for iPhone</a>",imjanukadul,13,True,False,,
22,22,23,RT @VijayAlif5_: 14 Age Girl Missing Please Share Max #Help https://.co/g3nKsvzLrK,False,0,,2021-02-11 17:40:04,False,,1359920148426100739,,"<a href=""http://twitter.com/download/android"" rel=""nofollow"">Twitter for Android</a>",mageships22,185,True,False,,
23,23,24,RT @VijayAlif5_: 14 Age Girl Missing Please Share Max #Help https://.co/g3nKsvzLrK,False,0,,2021-02-11 17:38:28,False,,1359919745567399939,,"<a href=""http://twitter.com/download/android"" rel=""nofollow"">Twitter for Android</a>",vmramkumar4,185,True,False,,
24,24,25,RT @VijayAlif5_: 14 Age Girl Missing Please Share Max #Help https://.co/g3nKsvzLrK,False,0,,2021-02-11 17:37:32,False,,1359919510564659207,,"<a href=""https://mobile.twitter.com"" rel=""nofollow"">Twitter Web App</a>",Thalapathygopib,185,True,False,,
25,25,26,RT @VijayAlif5_: 14 Age Girl Missing Please Share Max #Help https://.co/g3nKsvzLrK,False,0,,2021-02-11 17:32:10,False,,1359918160166674437,,"<a href=""http://twitter.com/download/iphone"" rel=""nofollow"">Twitter for iPhone</a>",CrAzYboyTHANUSH,185,True,False,,
26,26,27,RT @VijayAlif5_: 14 Age Girl Missing Please Share Max #Help https://.co/g3nKsvzLrK,False,0,,2021-02-11 17:31:58,False,,1359918111709818882,,"<a href=""http://twitter.com/download/android"" rel=""nofollow"">Twitter for Android</a>",mersalnivi,185,True,False,,
27,27,28,RT @VijayAlif5_: 14 Age Girl Missing Please Share Max #Help https://.co/g3nKsvzLrK,False,0,,2021-02-11 17:24:24,False,,1359916208032649216,,"<a href=""http://twitter.com/download/iphone"" rel=""nofollow"">Twitter for iPhone</a>",MageshSanthave4,185,True,False,,
28,28,29,RT @VijayAlif5_: 14 Age Girl Missing Please Share Max #Help https://.co/g3nKsvzLrK,False,0,,2021-02-11 17:22:14,False,,1359915660596285448,,"<a href=""http://twitter.com/download/android"" rel=""nofollow"">Twitter for Android</a>",VillupuramRaja,185,True,False,,
29,29,30,RT @VijayAlif5_: 14 Age Girl Missing Please Share Max #Help https://.co/g3nKsvzLrK,False,0,,2021-02-11 17:20:18,False,,1359915173666975752,,"<a href=""http://twitter.com/download/android"" rel=""nofollow"">Twitter for Android</a>",rajesh_the7tall,185,True,False,,
30,30,31,RT @VijayAlif5_: 14 Age Girl Missing Please Share Max #Help https://.co/g3nKsvzLrK,False,0,,2021-02-11 17:18:04,False,,1359914613861617664,,"<a href=""http://twitter.com/download/android"" rel=""nofollow"">Twitter for Android</a>",Santhos14893781,185,True,False,,
31,31,32,RT @VijayAlif5_: 14 Age Girl Missing Please Share Max #Help https://.co/g3nKsvzLrK,False,0,,2021-02-11 17:16:27,False,,1359914208377200649,,"<a href=""http://twitter.com/download/android"" rel=""nofollow"">Twitter for Android</a>",vpraja89,185,True,False,,
32,32,33,RT @VijayAlif5_: 14 Age Girl Missing Please Share Max #Help https://.co/g3nKsvzLrK,False,0,,2021-02-11 17:12:17,False,,1359913156303196160,,"<a href=""http://twitter.com/download/android"" rel=""nofollow"">Twitter for Android</a>",MersalThanu2,185,True,False,,
33,33,34,RT @VijayAlif5_: 14 Age Girl Missing Please Share Max #Help https://.co/g3nKsvzLrK,False,0,,2021-02-11 17:05:35,False,,1359911471895904259,,"<a href=""http://twitter.com/download/android"" rel=""nofollow"">Twitter for Android</a>",Arumuga32857111,185,True,False,,
34,34,35,RT @VijayAlif5_: 14 Age Girl Missing Please Share Max #Help https://.co/g3nKsvzLrK,False,0,,2021-02-11 17:02:36,False,,1359910721237127171,,"<a href=""http://twitter.com/download/android"" rel=""nofollow"">Twitter for Android</a>",FanboyOfJD,185,True,False,,
35,35,36,RT @VijayAlif5_: 14 Age Girl Missing Please Share Max #Help https://.co/g3nKsvzLrK,False,0,,2021-02-11 17:02:26,False,,1359910681080786944,,"<a href=""http://twitter.com/download/android"" rel=""nofollow"">Twitter for Android</a>",mersal4aravindh,185,True,False,,
36,36,37,RT @VijayAlif5_: 14 Age Girl Missing Please Share Max #Help https://.co/g3nKsvzLrK,False,0,,2021-02-11 17:00:55,False,,1359910297641709573,,"<a href=""http://twitter.com/download/android"" rel=""nofollow"">Twitter for Android</a>",lakshmimayava,185,True,False,,
37,37,38,RT @VijayAlif5_: 14 Age Girl Missing Please Share Max #Help https://.co/g3nKsvzLrK,False,0,,2021-02-11 16:59:25,False,,1359909919198117888,,"<a href=""http://twitter.com/download/android"" rel=""nofollow"">Twitter for Android</a>",MrPROFE48346669,185,True,False,,
38,38,39,RT @VijayAlif5_: 14 Age Girl Missing Please Share Max #Help https://.co/g3nKsvzLrK,False,0,,2021-02-11 16:56:41,False,,1359909232783495169,,"<a href=""http://twitter.com/download/android"" rel=""nofollow"">Twitter for Android</a>",Vaathiyar_,185,True,False,,
39,39,40,RT @VijayAlif5_: 14 Age Girl Missing Please Share Max #Help https://.co/g3nKsvzLrK,False,0,,2021-02-11 16:55:51,False,,1359909022460112898,,"<a href=""http://twitter.com/download/android"" rel=""nofollow"">Twitter for Android</a>",BeastSlayerVJ,185,True,False,,
40,40,41,RT @achiralk: If  Interested DM   send  CV  . #jobs #rt #Help #UIUX https://.co/WdLUiWmGac,False,0,,2021-02-11 16:55:41,False,,1359908982597451783,,"<a href=""http://twitter.com/download/android"" rel=""nofollow"">Twitter for Android</a>",Nadeez__,13,True,False,,
41,41,42,RT @achiralk: If  Interested DM   send  CV  . #jobs #rt #Help #UIUX https://.co/WdLUiWmGac,False,0,,2021-02-11 16:55:21,False,,1359908896459038722,,"<a href=""http://twitter.com/download/android"" rel=""nofollow"">Twitter for Android</a>",uruzikal,13,True,False,,
42,42,43,RT @VijayAlif5_: 14 Age Girl Missing Please Share Max #Help https://.co/g3nKsvzLrK,False,0,,2021-02-11 16:55:11,False,,1359908854113312771,,"<a href=""http://twitter.com/download/android"" rel=""nofollow"">Twitter for Android</a>",Vicki_Master1,185,True,False,,
43,43,44,RT @VijayAlif5_: 14 Age Girl Missing Please Share Max #Help https://.co/g3nKsvzLrK,False,0,,2021-02-11 16:50:50,False,,1359907760062697473,,"<a href=""http://twitter.com/download/android"" rel=""nofollow"">Twitter for Android</a>",ThalaphathySk,185,True,False,,
44,44,45,RT @VijayAlif5_: 14 Age Girl Missing Please Share Max #Help https://.co/g3nKsvzLrK,False,0,,2021-02-11 16:50:13,False,,1359907604432969735,,"<a href=""http://twitter.com/download/android"" rel=""nofollow"">Twitter for Android</a>",Samuel49736176,185,True,False,,
45,45,46,RT @VijayAlif5_: 14 Age Girl Missing Please Share Max #Help https://.co/g3nKsvzLrK,False,0,,2021-02-11 16:50:05,False,,1359907570027163650,,"<a href=""http://twitter.com/download/android"" rel=""nofollow"">Twitter for Android</a>",Nandhueee7273,185,True,False,,
46,46,47,RT @VijayAlif5_: 14 Age Girl Missing Please Share Max #Help https://.co/g3nKsvzLrK,False,0,,2021-02-11 16:49:03,False,,1359907309179179008,,"<a href=""http://twitter.com/download/android"" rel=""nofollow"">Twitter for Android</a>",SaravanaPrade13,185,True,False,,
47,47,48,RT @VijayAlif5_: 14 Age Girl Missing Please Share Max #Help https://.co/g3nKsvzLrK,False,0,,2021-02-11 16:44:43,False,,1359906219629060103,,"<a href=""http://twitter.com/download/android"" rel=""nofollow"">Twitter for Android</a>",Augusti07158865,185,True,False,,
48,48,49,RT @VijayAlif5_: 14 Age Girl Missing Please Share Max #Help https://.co/g3nKsvzLrK,False,0,,2021-02-11 16:43:56,False,,1359906021804711936,,"<a href=""http://twitter.com/download/android"" rel=""nofollow"">Twitter for Android</a>",manikandankt5,185,True,False,,
49,49,50,RT @VijayAlif5_: 14 Age Girl Missing Please Share Max #Help https://.co/g3nKsvzLrK,False,0,,2021-02-11 16:43:00,False,,1359905789062705155,,"<a href=""http://twitter.com/download/android"" rel=""nofollow"">Twitter for Android</a>",sudhagar07vijay,185,True,False,,
50,50,51,RT @VijayAlif5_: 14 Age Girl Missing Please Share Max #Help https://.co/g3nKsvzLrK,False,0,,2021-02-11 16:41:41,False,,1359905455552663553,,"<a href=""http://twitter.com/download/android"" rel=""nofollow"">Twitter for Android</a>",Rascal_twitz,185,True,False,,
51,51,52,RT @VijayAlif5_: 14 Age Girl Missing Please Share Max #Help https://.co/g3nKsvzLrK,False,0,,2021-02-11 16:41:27,False,,1359905397717438468,,"<a href=""http://twitter.com/download/android"" rel=""nofollow"">Twitter for Android</a>",Vinoth84984088,185,True,False,,
52,52,53,RT @VijayAlif5_: 14 Age Girl Missing Please Share Max #Help https://.co/g3nKsvzLrK,False,0,,2021-02-11 16:35:49,False,,1359903981967839232,,"<a href=""http://twitter.com/download/android"" rel=""nofollow"">Twitter for Android</a>",SayNoCaste,185,True,False,,
53,53,54,RT @VijayAlif5_: 14 Age Girl Missing Please Share Max #Help https://.co/g3nKsvzLrK,False,0,,2021-02-11 16:33:52,False,,1359903490860933126,,"<a href=""http://twitter.com/download/android"" rel=""nofollow"">Twitter for Android</a>",AsikraRaja,185,True,False,,
54,54,55,RT @VijayAlif5_: 14 Age Girl Missing Please Share Max #Help https://.co/g3nKsvzLrK,False,0,,2021-02-11 16:33:25,False,,1359903376297709570,,"<a href=""http://twitter.com/download/android"" rel=""nofollow"">Twitter for Android</a>",06_ranjith,185,True,False,,
55,55,56,RT @VijayAlif5_: 14 Age Girl Missing Please Share Max #Help https://.co/g3nKsvzLrK,False,0,,2021-02-11 16:33:21,False,,1359903358576857089,,"<a href=""https://mobile.twitter.com"" rel=""nofollow"">Twitter Web App</a>",FollmerShehan,185,True,False,,
56,56,57,RT @VijayAlif5_: 14 Age Girl Missing Please Share Max #Help https://.co/g3nKsvzLrK,False,0,,2021-02-11 16:32:27,False,,1359903134613573635,,"<a href=""http://twitter.com/download/android"" rel=""nofollow"">Twitter for Android</a>",Hlogurumbkosame,185,True,False,,
57,57,58,RT @VijayAlif5_: 14 Age Girl Missing Please Share Max #Help https://.co/g3nKsvzLrK,False,0,,2021-02-11 16:32:15,False,,1359903083401125894,,"<a href=""http://twitter.com/download/android"" rel=""nofollow"">Twitter for Android</a>",callme_dexter,185,True,False,,
58,58,59,RT @VijayAlif5_: 14 Age Girl Missing Please Share Max #Help https://.co/g3nKsvzLrK,False,0,,2021-02-11 16:31:20,False,,1359902854153007106,,"<a href=""https://mobile.twitter.com"" rel=""nofollow"">Twitter Web App</a>",ChanduRockzz_,185,True,False,,
59,59,60,RT @VijayAlif5_: 14 Age Girl Missing Please Share Max #Help https://.co/g3nKsvzLrK,False,0,,2021-02-11 16:31:09,False,,1359902804869980167,,"<a href=""http://twitter.com/download/android"" rel=""nofollow"">Twitter for Android</a>",ThalapathyD5,185,True,False,,
60,60,61,RT @VijayAlif5_: 14 Age Girl Missing Please Share Max #Help https://.co/g3nKsvzLrK,False,0,,2021-02-11 16:30:12,False,,1359902568634191876,,"<a href=""http://twitter.com/download/android"" rel=""nofollow"">Twitter for Android</a>",AkshayNatrajan,185,True,False,,
61,61,62,RT @VijayAlif5_: 14 Age Girl Missing Please Share Max #Help https://.co/g3nKsvzLrK,False,0,,2021-02-11 16:30:06,False,,1359902542402973696,,"<a href=""http://twitter.com/download/android"" rel=""nofollow"">Twitter for Android</a>",KrishnarajanVi1,185,True,False,,
62,62,63,RT @VijayAlif5_: 14 Age Girl Missing Please Share Max #Help https://.co/g3nKsvzLrK,False,0,,2021-02-11 16:29:59,False,,1359902513827180547,,"<a href=""http://twitter.com/download/android"" rel=""nofollow"">Twitter for Android</a>",NathPrabhu1,185,True,False,,
63,63,64,RT @VijayAlif5_: 14 Age Girl Missing Please Share Max #Help https://.co/g3nKsvzLrK,False,0,,2021-02-11 16:29:57,False,,1359902504268431361,,"<a href=""http://twitter.com/download/android"" rel=""nofollow"">Twitter for Android</a>",dhanushaddictzz,185,True,False,,
64,64,65,RT @VijayAlif5_: 14 Age Girl Missing Please Share Max #Help https://.co/g3nKsvzLrK,False,0,,2021-02-11 16:29:14,False,,1359902325574303748,,"<a href=""http://twitter.com/download/android"" rel=""nofollow"">Twitter for Android</a>",VijayVeriyan007,185,True,False,,
65,65,66,RT @VijayAlif5_: 14 Age Girl Missing Please Share Max #Help https://.co/g3nKsvzLrK,False,0,,2021-02-11 16:28:11,False,,1359902059676356612,,"<a href=""https://mobile.twitter.com"" rel=""nofollow"">Twitter Web App</a>",keerthivijay055,185,True,False,,
66,66,67,RT @VijayAlif5_: 14 Age Girl Missing Please Share Max #Help https://.co/g3nKsvzLrK,False,0,,2021-02-11 16:26:36,False,,1359901662169600001,,"<a href=""http://twitter.com/download/android"" rel=""nofollow"">Twitter for Android</a>",nirmalraj1904,185,True,False,,
67,67,68,RT @VijayAlif5_: 14 Age Girl Missing Please Share Max #Help https://.co/g3nKsvzLrK,False,0,,2021-02-11 16:26:27,False,,1359901625528188930,,"<a href=""http://twitter.com/download/android"" rel=""nofollow"">Twitter for Android</a>",Mersal_kushal,185,True,False,,
68,68,69,RT @VijayAlif5_: 14 Age Girl Missing Please Share Max #Help https://.co/g3nKsvzLrK,False,0,,2021-02-11 16:23:48,False,,1359900956188581895,,"<a href=""http://twitter.com/download/android"" rel=""nofollow"">Twitter for Android</a>",mahi_mersal,185,True,False,,
69,69,70,RT @VijayAlif5_: 14 Age Girl Missing Please Share Max #Help https://.co/g3nKsvzLrK,False,0,,2021-02-11 16:22:54,False,,1359900731034112001,,"<a href=""http://twitter.com/download/android"" rel=""nofollow"">Twitter for Android</a>",ManeshaPrabhu,185,True,False,,
70,70,71,RT @VijayAlif5_: 14 Age Girl Missing Please Share Max #Help https://.co/g3nKsvzLrK,False,0,,2021-02-11 16:21:54,False,,1359900479573008391,,"<a href=""http://twitter.com/download/android"" rel=""nofollow"">Twitter for Android</a>",Vjguna94,185,True,False,,
71,71,72,RT @VijayAlif5_: 14 Age Girl Missing Please Share Max #Help https://.co/g3nKsvzLrK,False,0,,2021-02-11 16:21:22,False,,1359900345241989125,,"<a href=""http://twitter.com/download/android"" rel=""nofollow"">Twitter for Android</a>",its_prakash08,185,True,False,,
72,72,73,RT @VijayAlif5_: 14 Age Girl Missing Please Share Max #Help https://.co/g3nKsvzLrK,False,0,,2021-02-11 16:20:26,False,,1359900108159021060,,"<a href=""http://twitter.com/download/android"" rel=""nofollow"">Twitter for Android</a>",itz_SeriotonAKM,185,True,False,,
73,73,74,RT @VijayAlif5_: 14 Age Girl Missing Please Share Max #Help https://.co/g3nKsvzLrK,False,0,,2021-02-11 16:19:27,False,,1359899862465085440,,"<a href=""http://twitter.com/download/android"" rel=""nofollow"">Twitter for Android</a>",mukirush,185,True,False,,
74,74,75,RT @VijayAlif5_: 14 Age Girl Missing Please Share Max #Help https://.co/g3nKsvzLrK,False,0,,2021-02-11 16:19:03,False,,1359899760002531330,,"<a href=""http://twitter.com/download/android"" rel=""nofollow"">Twitter for Android</a>",Vfc66669038,185,True,False,,
75,75,76,RT @VijayAlif5_: 14 Age Girl Missing Please Share Max #Help https://.co/g3nKsvzLrK,False,0,,2021-02-11 16:18:24,False,,1359899599637368835,,"<a href=""http://twitter.com/download/android"" rel=""nofollow"">Twitter for Android</a>",boopathy1198,185,True,False,,
76,76,77,RT @VijayAlif5_: 14 Age Girl Missing Please Share Max #Help https://.co/g3nKsvzLrK,False,0,,2021-02-11 16:17:04,False,,1359899262528724996,,"<a href=""http://twitter.com/download/android"" rel=""nofollow"">Twitter for Android</a>",Jaisank73304022,185,True,False,,
77,77,78,RT @VijayAlif5_: 14 Age Girl Missing Please Share Max #Help https://.co/g3nKsvzLrK,False,0,,2021-02-11 16:14:16,False,,1359898556245528582,,"<a href=""http://twitter.com/download/android"" rel=""nofollow"">Twitter for Android</a>",itis_RK,185,True,False,,
78,78,79,RT @VijayAlif5_: 14 Age Girl Missing Please Share Max #Help https://.co/g3nKsvzLrK,False,0,,2021-02-11 16:13:32,False,,1359898374653157376,,"<a href=""http://twitter.com/download/android"" rel=""nofollow"">Twitter for Android</a>",MiDurairaj,185,True,False,,
79,79,80,RT @VijayAlif5_: 14 Age Girl Missing Please Share Max #Help https://.co/g3nKsvzLrK,False,0,,2021-02-11 16:09:37,False,,1359897389046263809,,"<a href=""http://twitter.com/download/android"" rel=""nofollow"">Twitter for Android</a>",Abishek61013994,185,True,False,,
80,80,81,RT @VijayAlif5_: 14 Age Girl Missing Please Share Max #Help https://.co/g3nKsvzLrK,False,0,,2021-02-11 16:09:17,False,,1359897301972639744,,"<a href=""http://twitter.com/download/android"" rel=""nofollow"">Twitter for Android</a>",r_sureshv,185,True,False,,
81,81,82,RT @VijayAlif5_: 14 Age Girl Missing Please Share Max #Help https://.co/g3nKsvzLrK,False,0,,2021-02-11 16:05:53,False,,1359896448490328065,,"<a href=""http://twitter.com/download/android"" rel=""nofollow"">Twitter for Android</a>",VijayAbi01,185,True,False,,
82,82,83,RT @VijayAlif5_: 14 Age Girl Missing Please Share Max #Help https://.co/g3nKsvzLrK,False,0,,2021-02-11 16:03:49,False,,1359895927616544776,,"<a href=""http://twitter.com/download/android"" rel=""nofollow"">Twitter for Android</a>",dineshsuresh32,185,True,False,,
83,83,84,RT @VijayAlif5_: 14 Age Girl Missing Please Share Max #Help https://.co/g3nKsvzLrK,False,0,,2021-02-11 16:00:29,False,,1359895088709570565,,"<a href=""http://twitter.com/download/android"" rel=""nofollow"">Twitter for Android</a>",ilvcOpuCnHCsrS1,185,True,False,,
84,84,85,RT @VijayAlif5_: 14 Age Girl Missing Please Share Max #Help https://.co/g3nKsvzLrK,False,0,,2021-02-11 15:57:35,False,,1359894360100204544,,"<a href=""http://twitter.com/download/android"" rel=""nofollow"">Twitter for Android</a>",unluckyboy__,185,True,False,,
85,85,86,RT @VijayAlif5_: 14 Age Girl Missing Please Share Max #Help https://.co/g3nKsvzLrK,False,0,,2021-02-11 15:56:45,False,,1359894148174680065,,"<a href=""http://twitter.com/download/android"" rel=""nofollow"">Twitter for Android</a>",KamarajShabilan,185,True,False,,
86,86,87,RT @VijayAlif5_: 14 Age Girl Missing Please Share Max #Help https://.co/g3nKsvzLrK,False,0,,2021-02-11 15:56:03,False,,1359893971279835139,,"<a href=""http://twitter.com/download/android"" rel=""nofollow"">Twitter for Android</a>",iam_frankieBoy,185,True,False,,
87,87,88,RT @VijayAlif5_: 14 Age Girl Missing Please Share Max #Help https://.co/g3nKsvzLrK,False,0,,2021-02-11 15:54:52,False,,1359893676986568705,,"<a href=""http://twitter.com/download/android"" rel=""nofollow"">Twitter for Android</a>",sundhar_srt10,185,True,False,,
88,88,89,RT @VijayAlif5_: 14 Age Girl Missing Please Share Max #Help https://.co/g3nKsvzLrK,False,0,,2021-02-11 15:54:44,False,,1359893641511149568,,"<a href=""https://mobile.twitter.com"" rel=""nofollow"">Twitter Web App</a>",ThiruThrown,185,True,False,,
89,89,90,RT @VijayAlif5_: 14 Age Girl Missing Please Share Max #Help https://.co/g3nKsvzLrK,False,0,,2021-02-11 15:53:16,False,,1359893274132054016,,"<a href=""http://twitter.com/download/android"" rel=""nofollow"">Twitter for Android</a>",pradheepvj,185,True,False,,
90,90,91,RT @VijayAlif5_: 14 Age Girl Missing Please Share Max #Help https://.co/g3nKsvzLrK,False,0,,2021-02-11 15:53:16,False,,1359893272965992448,,"<a href=""http://twitter.com/download/android"" rel=""nofollow"">Twitter for Android</a>",Selvaganesh0187,185,True,False,,
91,91,92,RT @VijayAlif5_: 14 Age Girl Missing Please Share Max #Help https://.co/g3nKsvzLrK,False,0,,2021-02-11 15:51:39,False,,1359892868047855621,,"<a href=""http://twitter.com/download/android"" rel=""nofollow"">Twitter for Android</a>",varun_varshan,185,True,False,,
92,92,93,RT @VijayAlif5_: 14 Age Girl Missing Please Share Max #Help https://.co/g3nKsvzLrK,False,0,,2021-02-11 15:51:12,False,,1359892750724857857,,"<a href=""http://twitter.com/download/android"" rel=""nofollow"">Twitter for Android</a>",ashok_bigil123,185,True,False,,
93,93,94,RT @VijayAlif5_: 14 Age Girl Missing Please Share Max #Help https://.co/g3nKsvzLrK,False,0,,2021-02-11 15:47:13,False,,1359891749502550016,,"<a href=""http://twitter.com/download/android"" rel=""nofollow"">Twitter for Android</a>",AathiApsu,185,True,False,,
94,94,95,RT @VijayAlif5_: 14 Age Girl Missing Please Share Max #Help https://.co/g3nKsvzLrK,False,0,,2021-02-11 15:47:09,False,,1359891734256177152,,"<a href=""http://twitter.com/download/android"" rel=""nofollow"">Twitter for Android</a>",iam_gu4,185,True,False,,
95,95,96,RT @VijayAlif5_: 14 Age Girl Missing Please Share Max #Help https://.co/g3nKsvzLrK,False,0,,2021-02-11 15:45:20,False,,1359891278163443716,,"<a href=""http://twitter.com/download/android"" rel=""nofollow"">Twitter for Android</a>",anandvjeditz,185,True,False,,
96,96,97,RT @VijayAlif5_: 14 Age Girl Missing Please Share Max #Help https://.co/g3nKsvzLrK,False,0,,2021-02-11 15:44:18,False,,1359891014589140994,,"<a href=""http://twitter.com/download/android"" rel=""nofollow"">Twitter for Android</a>",selvam_chithra,185,True,False,,
97,97,98,RT @VijayAlif5_: 14 Age Girl Missing Please Share Max #Help https://.co/g3nKsvzLrK,False,0,,2021-02-11 15:43:59,False,,1359890937762050049,,"<a href=""http://twitter.com/download/android"" rel=""nofollow"">Twitter for Android</a>",Naveen1_Off,185,True,False,,
98,98,99,RT @VijayAlif5_: 14 Age Girl Missing Please Share Max #Help https://.co/g3nKsvzLrK,False,0,,2021-02-11 15:43:15,False,,1359890751941869578,,"<a href=""https://mobile.twitter.com"" rel=""nofollow"">Twitter Web App</a>",Ganae_Ramesh,185,True,False,,
99,99,100,RT @VijayAlif5_: 14 Age Girl Missing Please Share Max #Help https://.co/g3nKsvzLrK,False,0,,2021-02-11 15:40:53,False,,1359890157885743105,,"<a href=""http://twitter.com/download/android"" rel=""nofollow"">Twitter for Android</a>",macha00007,185,True,False,,
100,100,101,RT @VijayAlif5_: 14 Age Girl Missing Please Share Max #Help https://.co/g3nKsvzLrK,False,0,,2021-02-11 15:39:08,False,,1359889714577170436,,"<a href=""http://twitter.com/download/android"" rel=""nofollow"">Twitter for Android</a>",Musharaf_VJ,185,True,False,,
101,101,102,RT @VijayAlif5_: 14 Age Girl Missing Please Share Max #Help https://.co/g3nKsvzLrK,False,0,,2021-02-11 15:37:19,False,,1359889257423282178,,"<a href=""http://twitter.com/download/android"" rel=""nofollow"">Twitter for Android</a>",Jpandicvf,185,True,False,,
102,102,103,RT @VijayAlif5_: 14 Age Girl Missing Please Share Max #Help https://.co/g3nKsvzLrK,False,0,,2021-02-11 15:36:36,False,,1359889077328179201,,"<a href=""http://twitter.com/download/android"" rel=""nofollow"">Twitter for Android</a>",jaiponting10,185,True,False,,
103,103,104,RT @VijayAlif5_: 14 Age Girl Missing Please Share Max #Help https://.co/g3nKsvzLrK,False,0,,2021-02-11 15:36:21,False,,1359889017332854786,,"<a href=""http://twitter.com/download/iphone"" rel=""nofollow"">Twitter for iPhone</a>",MASTERzero_3,185,True,False,,
104,104,105,RT @VijayAlif5_: 14 Age Girl Missing Please Share Max #Help https://.co/g3nKsvzLrK,False,0,,2021-02-11 15:36:04,False,,1359888944028995588,,"<a href=""http://twitter.com/download/android"" rel=""nofollow"">Twitter for Android</a>",fuckyoumaleart,185,True,False,,
105,105,106,RT @VijayAlif5_: 14 Age Girl Missing Please Share Max #Help https://.co/g3nKsvzLrK,False,0,,2021-02-11 15:35:54,False,,1359888901494644738,,"<a href=""http://twitter.com/download/android"" rel=""nofollow"">Twitter for Android</a>",Itz_Master7,185,True,False,,
106,106,107,RT @VijayAlif5_: 14 Age Girl Missing Please Share Max #Help https://.co/g3nKsvzLrK,False,0,,2021-02-11 15:34:49,False,,1359888631842787337,,"<a href=""http://twitter.com/download/android"" rel=""nofollow"">Twitter for Android</a>",ramkiramasamy,185,True,False,,
107,107,108,Please #Help everyone   looking  opportunities  get connected  someone   help  land  job https://.co/YHwYJlCOwx,False,5,,2021-02-11 15:33:23,False,,1359888270075727884,,"<a href=""https://mobile.twitter.com"" rel=""nofollow"">Twitter Web App</a>",ItsYakin,0,False,False,,
108,108,109,RT @VijayAlif5_: 14 Age Girl Missing Please Share Max #Help https://.co/g3nKsvzLrK,False,0,,2021-02-11 15:33:21,False,,1359888261414494218,,"<a href=""https://mobile.twitter.com"" rel=""nofollow"">Twitter Web App</a>",Capoqaana,185,True,False,,
109,109,110,RT @VijayAlif5_: 14 Age Girl Missing Please Share Max #Help https://.co/g3nKsvzLrK,False,0,,2021-02-11 15:32:12,False,,1359887972108144641,,"<a href=""http://twitter.com/download/android"" rel=""nofollow"">Twitter for Android</a>",Nivethaa_Priyaa,185,True,False,,
110,110,111,RT @VijayAlif5_: 14 Age Girl Missing Please Share Max #Help https://.co/g3nKsvzLrK,False,0,,2021-02-11 15:26:52,False,,1359886628307701768,,"<a href=""http://twitter.com/download/android"" rel=""nofollow"">Twitter for Android</a>",manikkam95,185,True,False,,
111,111,112,RT @VijayAlif5_: 14 Age Girl Missing Please Share Max #Help https://.co/g3nKsvzLrK,False,0,,2021-02-11 15:22:11,False,,1359885448475152390,,"<a href=""http://twitter.com/download/android"" rel=""nofollow"">Twitter for Android</a>",God_Of_Devils7,185,True,False,,
112,112,113,RT @VijayAlif5_: 14 Age Girl Missing Please Share Max #Help https://.co/g3nKsvzLrK,False,0,,2021-02-11 15:21:20,False,,1359885238218809345,,"<a href=""http://twitter.com/download/android"" rel=""nofollow"">Twitter for Android</a>",sgaonwkrair,185,True,False,,
113,113,114,RT @VijayAlif5_: 14 Age Girl Missing Please Share Max #Help https://.co/g3nKsvzLrK,False,0,,2021-02-11 15:20:12,False,,1359884950346948615,,"<a href=""http://twitter.com/download/android"" rel=""nofollow"">Twitter for Android</a>",MersalGokul01,185,True,False,,
114,114,115,RT @VijayAlif5_: 14 Age Girl Missing Please Share Max #Help https://.co/g3nKsvzLrK,False,0,,2021-02-11 15:19:27,False,,1359884762064719883,,"<a href=""http://twitter.com/download/android"" rel=""nofollow"">Twitter for Android</a>",bigil2020,185,True,False,,
115,115,116,RT @VijayAlif5_: 14 Age Girl Missing Please Share Max #Help https://.co/g3nKsvzLrK,False,0,,2021-02-11 15:19:23,False,,1359884746004701187,,"<a href=""http://twitter.com/download/android"" rel=""nofollow"">Twitter for Android</a>",Shankhar_CK,185,True,False,,
116,116,117,RT @VijayAlif5_: 14 Age Girl Missing Please Share Max #Help https://.co/g3nKsvzLrK,False,0,,2021-02-11 15:18:27,False,,1359884509919891458,,"<a href=""http://twitter.com/download/android"" rel=""nofollow"">Twitter for Android</a>",Truth95280475,185,True,False,,
117,117,118,RT @VijayAlif5_: 14 Age Girl Missing Please Share Max #Help https://.co/g3nKsvzLrK,False,0,,2021-02-11 15:17:58,False,,1359884390050893828,,"<a href=""http://twitter.com/download/android"" rel=""nofollow"">Twitter for Android</a>",Tharveen03,185,True,False,,
118,118,119,RT @VijayAlif5_: 14 Age Girl Missing Please Share Max #Help https://.co/g3nKsvzLrK,False,0,,2021-02-11 15:17:50,False,,1359884354067992576,,"<a href=""http://twitter.com/download/android"" rel=""nofollow"">Twitter for Android</a>",Cow_Boy_VFC,185,True,False,,
119,119,120,RT @VijayAlif5_: 14 Age Girl Missing Please Share Max #Help https://.co/g3nKsvzLrK,False,0,,2021-02-11 15:17:11,False,,1359884192188796929,,"<a href=""http://twitter.com/download/android"" rel=""nofollow"">Twitter for Android</a>",Aadhava38349137,185,True,False,,
120,120,121,RT @VijayAlif5_: 14 Age Girl Missing Please Share Max #Help https://.co/g3nKsvzLrK,False,0,,2021-02-11 15:15:39,False,,1359883804765167624,,"<a href=""http://twitter.com/download/android"" rel=""nofollow"">Twitter for Android</a>",JohnKen00312998,185,True,False,,
121,121,122,RT @VijayAlif5_: 14 Age Girl Missing Please Share Max #Help https://.co/g3nKsvzLrK,False,0,,2021-02-11 15:15:16,False,,1359883709680214024,,"<a href=""http://twitter.com/download/android"" rel=""nofollow"">Twitter for Android</a>",AravindSajeev2,185,True,False,,
122,122,123,RT @VijayAlif5_: 14 Age Girl Missing Please Share Max #Help https://.co/g3nKsvzLrK,False,0,,2021-02-11 15:15:12,False,,1359883693398003716,,"<a href=""http://twitter.com/download/android"" rel=""nofollow"">Twitter for Android</a>",Vasanth7_CVF,185,True,False,,
123,123,124,RT @VijayAlif5_: 14 Age Girl Missing Please Share Max #Help https://.co/g3nKsvzLrK,False,0,,2021-02-11 15:14:36,False,,1359883542767931394,,"<a href=""http://twitter.com/download/android"" rel=""nofollow"">Twitter for Android</a>",Vinoth29009970,185,True,False,,
124,124,125,RT @VijayAlif5_: 14 Age Girl Missing Please Share Max #Help https://.co/g3nKsvzLrK,False,0,,2021-02-11 15:14:27,False,,1359883506353012741,,"<a href=""http://twitter.com/download/android"" rel=""nofollow"">Twitter for Android</a>",Harisha64452927,185,True,False,,
125,125,126,RT @VijayAlif5_: 14 Age Girl Missing Please Share Max #Help https://.co/g3nKsvzLrK,False,0,,2021-02-11 15:12:19,False,,1359882968571936777,,"<a href=""http://twitter.com/download/android"" rel=""nofollow"">Twitter for Android</a>",Dir_Vigneshvj,185,True,False,,
126,126,127,RT @VijayAlif5_: 14 Age Girl Missing Please Share Max #Help https://.co/g3nKsvzLrK,False,0,,2021-02-11 15:08:09,False,,1359881919723278338,,"<a href=""http://twitter.com/download/android"" rel=""nofollow"">Twitter for Android</a>",jawatamizhandaa,185,True,False,,
127,127,128,RT @VijayAlif5_: 14 Age Girl Missing Please Share Max #Help https://.co/g3nKsvzLrK,False,0,,2021-02-11 15:04:53,False,,1359881097882988548,,"<a href=""http://twitter.com/download/android"" rel=""nofollow"">Twitter for Android</a>",puviarasan10,185,True,False,,
128,128,129,RT @VijayAlif5_: 14 Age Girl Missing Please Share Max #Help https://.co/g3nKsvzLrK,False,0,,2021-02-11 15:04:12,False,,1359880924419092481,,"<a href=""http://twitter.com/download/android"" rel=""nofollow"">Twitter for Android</a>",yuvanparthiban,185,True,False,,
129,129,130,RT @VijayAlif5_: 14 Age Girl Missing Please Share Max #Help https://.co/g3nKsvzLrK,False,0,,2021-02-11 15:00:19,False,,1359879947137871873,,"<a href=""http://twitter.com/download/android"" rel=""nofollow"">Twitter for Android</a>",Reno86152619,185,True,False,,
130,130,131,RT @VijayAlif5_: 14 Age Girl Missing Please Share Max #Help https://.co/g3nKsvzLrK,False,0,,2021-02-11 14:59:47,False,,1359879814698520577,,"<a href=""http://twitter.com/download/android"" rel=""nofollow"">Twitter for Android</a>",vicky_vignesh18,185,True,False,,
131,131,132,RT @VijayAlif5_: 14 Age Girl Missing Please Share Max #Help https://.co/g3nKsvzLrK,False,0,,2021-02-11 14:58:48,False,,1359879566299262978,,"<a href=""http://twitter.com/download/android"" rel=""nofollow"">Twitter for Android</a>",royalenfieldvj,185,True,False,,
132,132,133,RT @VijayAlif5_: 14 Age Girl Missing Please Share Max #Help https://.co/g3nKsvzLrK,False,0,,2021-02-11 14:56:51,False,,1359879073959395330,,"<a href=""http://twitter.com/#!/download/ipad"" rel=""nofollow"">Twitter for iPad</a>",AshvinAri,185,True,False,,
133,133,134,RT @VijayAlif5_: 14 Age Girl Missing Please Share Max #Help https://.co/g3nKsvzLrK,False,0,,2021-02-11 14:56:37,False,,1359879015033491457,,"<a href=""http://twitter.com/download/android"" rel=""nofollow"">Twitter for Android</a>",RtrAswin,185,True,False,,
134,134,135,RT @VijayAlif5_: 14 Age Girl Missing Please Share Max #Help https://.co/g3nKsvzLrK,False,0,,2021-02-11 14:55:59,False,,1359878858414034948,,"<a href=""http://twitter.com/download/android"" rel=""nofollow"">Twitter for Android</a>",PratheepVibe,185,True,False,,
135,135,136,RT @VijayAlif5_: 14 Age Girl Missing Please Share Max #Help https://.co/g3nKsvzLrK,False,0,,2021-02-11 14:54:49,False,,1359878562212241412,,"<a href=""http://twitter.com/download/android"" rel=""nofollow"">Twitter for Android</a>",_itzzzz_,185,True,False,,
136,136,137,"deactivated  Instagram account around last September     deleted <f0><U+009F><U+0098><U+00AB>

damn I   really good posts<f0><U+009F><U+0098><U+0094>
#help",False,4,,2021-02-11 14:53:24,False,,1359878207743250434,,"<a href=""https://mobile.twitter.com"" rel=""nofollow"">Twitter Web App</a>",JHirushi,0,False,False,,
137,137,138,RT @VijayAlif5_: 14 Age Girl Missing Please Share Max #Help https://.co/g3nKsvzLrK,False,0,,2021-02-11 14:52:13,False,,1359877911042396163,,"<a href=""http://twitter.com/download/android"" rel=""nofollow"">Twitter for Android</a>",Dharmavijay619,185,True,False,,
138,138,139,RT @VijayAlif5_: 14 Age Girl Missing Please Share Max #Help https://.co/g3nKsvzLrK,False,0,,2021-02-11 14:50:30,False,,1359877475023507460,,"<a href=""http://twitter.com/download/android"" rel=""nofollow"">Twitter for Android</a>",Mahivjtw1,185,True,False,,
139,139,140,RT @VijayAlif5_: 14 Age Girl Missing Please Share Max #Help https://.co/g3nKsvzLrK,False,0,,2021-02-11 14:50:19,False,,1359877430253527044,,"<a href=""http://twitter.com/download/android"" rel=""nofollow"">Twitter for Android</a>",mersal07,185,True,False,,
140,140,141,RT @VijayAlif5_: 14 Age Girl Missing Please Share Max #Help https://.co/g3nKsvzLrK,False,0,,2021-02-11 14:49:37,False,,1359877256772915201,,"<a href=""http://twitter.com/download/android"" rel=""nofollow"">Twitter for Android</a>",priya_ice7,185,True,False,,
141,141,142,RT @VijayAlif5_: 14 Age Girl Missing Please Share Max #Help https://.co/g3nKsvzLrK,False,0,,2021-02-11 14:49:10,False,,1359877143107260419,,"<a href=""http://twitter.com/download/android"" rel=""nofollow"">Twitter for Android</a>",Itz_Aj_Ajith,185,True,False,,
142,142,143,RT @VijayAlif5_: 14 Age Girl Missing Please Share Max #Help https://.co/g3nKsvzLrK,False,0,,2021-02-11 14:48:45,False,,1359877036701937664,,"<a href=""http://twitter.com/download/iphone"" rel=""nofollow"">Twitter for iPhone</a>",prayushkhanna12,185,True,False,,
143,143,144,RT @VijayAlif5_: 14 Age Girl Missing Please Share Max #Help https://.co/g3nKsvzLrK,False,0,,2021-02-11 14:47:59,False,,1359876841759154180,,"<a href=""http://twitter.com/download/android"" rel=""nofollow"">Twitter for Android</a>",MsMugiii,185,True,False,,
144,144,145,RT @VijayAlif5_: 14 Age Girl Missing Please Share Max #Help https://.co/g3nKsvzLrK,False,0,,2021-02-11 14:45:46,False,,1359876286613626880,,"<a href=""http://twitter.com/download/android"" rel=""nofollow"">Twitter for Android</a>",Nandhini122002,185,True,False,,
145,145,146,RT @VijayAlif5_: 14 Age Girl Missing Please Share Max #Help https://.co/g3nKsvzLrK,False,0,,2021-02-11 14:44:42,False,,1359876016412389379,,"<a href=""http://twitter.com/download/android"" rel=""nofollow"">Twitter for Android</a>",vignesh_vidi,185,True,False,,
146,146,147,RT @VijayAlif5_: 14 Age Girl Missing Please Share Max #Help https://.co/g3nKsvzLrK,False,0,,2021-02-11 14:42:13,False,,1359875392551546883,,"<a href=""http://twitter.com/download/android"" rel=""nofollow"">Twitter for Android</a>",kk_gameover,185,True,False,,
147,147,148,RT @VijayAlif5_: 14 Age Girl Missing Please Share Max #Help https://.co/g3nKsvzLrK,False,0,,2021-02-11 14:41:27,False,,1359875199101902849,,"<a href=""https://mobile.twitter.com"" rel=""nofollow"">Twitter Web App</a>",SanJaNa4_,185,True,False,,
148,148,149,RT @VijayAlif5_: 14 Age Girl Missing Please Share Max #Help https://.co/g3nKsvzLrK,False,0,,2021-02-11 14:41:20,False,,1359875169724977153,,"<a href=""http://twitter.com/download/android"" rel=""nofollow"">Twitter for Android</a>",Gopi47329733,185,True,False,,
149,149,150,RT @VijayAlif5_: 14 Age Girl Missing Please Share Max #Help https://.co/g3nKsvzLrK,False,0,,2021-02-11 14:41:12,False,,1359875136287956992,,"<a href=""http://twitter.com/download/android"" rel=""nofollow"">Twitter for Android</a>",iamkarthime,185,True,False,,
150,150,151,RT @VijayAlif5_: 14 Age Girl Missing Please Share Max #Help https://.co/g3nKsvzLrK,False,0,,2021-02-11 14:40:58,False,,1359875077567770632,,"<a href=""http://twitter.com/download/android"" rel=""nofollow"">Twitter for Android</a>",RaavananTrolls,185,True,False,,
151,151,152,RT @VijayAlif5_: 14 Age Girl Missing Please Share Max #Help https://.co/g3nKsvzLrK,False,0,,2021-02-11 14:40:14,False,,1359874891592290304,,"<a href=""http://twitter.com/download/android"" rel=""nofollow"">Twitter for Android</a>",Paulcam27523204,185,True,False,,
152,152,153,RT @VijayAlif5_: 14 Age Girl Missing Please Share Max #Help https://.co/g3nKsvzLrK,False,0,,2021-02-11 14:40:12,False,,1359874885141422083,,"<a href=""http://twitter.com/download/android"" rel=""nofollow"">Twitter for Android</a>",Abishekvfccutz_,185,True,False,,
153,153,154,RT @VijayAlif5_: 14 Age Girl Missing Please Share Max #Help https://.co/g3nKsvzLrK,False,0,,2021-02-11 14:39:10,False,,1359874625853825028,,"<a href=""http://twitter.com/download/android"" rel=""nofollow"">Twitter for Android</a>",Trollsimbu4,185,True,False,,
154,154,155,RT @VijayAlif5_: 14 Age Girl Missing Please Share Max #Help https://.co/g3nKsvzLrK,False,0,,2021-02-11 14:39:04,False,,1359874598574018563,,"<a href=""http://twitter.com/download/android"" rel=""nofollow"">Twitter for Android</a>",WalkMan_Ajith,185,True,False,,
155,155,156,RT @VijayAlif5_: 14 Age Girl Missing Please Share Max #Help https://.co/g3nKsvzLrK,False,0,,2021-02-11 14:39:03,False,,1359874597642936323,,"<a href=""http://twitter.com/download/android"" rel=""nofollow"">Twitter for Android</a>",Manish87414151,185,True,False,,
156,156,157,RT @VijayAlif5_: 14 Age Girl Missing Please Share Max #Help https://.co/g3nKsvzLrK,False,0,,2021-02-11 14:38:18,False,,1359874407536099334,,"<a href=""http://twitter.com/download/android"" rel=""nofollow"">Twitter for Android</a>",Kettavan_Freak,185,True,False,,
157,157,158,RT @VijayAlif5_: 14 Age Girl Missing Please Share Max #Help https://.co/g3nKsvzLrK,False,0,,2021-02-11 14:37:08,False,,1359874115239178241,,"<a href=""http://twitter.com/download/android"" rel=""nofollow"">Twitter for Android</a>",Arunkum83041611,185,True,False,,
158,158,159,RT @VijayAlif5_: 14 Age Girl Missing Please Share Max #Help https://.co/g3nKsvzLrK,False,0,,2021-02-11 14:36:17,False,,1359873897781358593,,"<a href=""https://mobile.twitter.com"" rel=""nofollow"">Twitter Web App</a>",MaariBala_Offl,185,True,False,,
159,159,160,RT @VijayAlif5_: 14 Age Girl Missing Please Share Max #Help https://.co/g3nKsvzLrK,False,0,,2021-02-11 14:35:31,False,,1359873708391686144,,"<a href=""http://twitter.com/download/android"" rel=""nofollow"">Twitter for Android</a>",karan_kumar23,185,True,False,,
160,160,161,RT @VijayAlif5_: 14 Age Girl Missing Please Share Max #Help https://.co/g3nKsvzLrK,False,0,,2021-02-11 14:35:17,False,,1359873648765460481,,"<a href=""http://twitter.com/download/android"" rel=""nofollow"">Twitter for Android</a>",Samy_THENI03,185,True,False,,
161,161,162,RT @VijayAlif5_: 14 Age Girl Missing Please Share Max #Help https://.co/g3nKsvzLrK,False,0,,2021-02-11 14:34:54,False,,1359873552271306753,,"<a href=""http://twitter.com/download/android"" rel=""nofollow"">Twitter for Android</a>",ThalapathySN6,185,True,False,,
162,162,163,RT @VijayAlif5_: 14 Age Girl Missing Please Share Max #Help https://.co/g3nKsvzLrK,False,0,,2021-02-11 14:34:51,False,,1359873538530811905,,"<a href=""http://twitter.com/download/android"" rel=""nofollow"">Twitter for Android</a>",ChillNanba,185,True,False,,
163,163,164,RT @VijayAlif5_: 14 Age Girl Missing Please Share Max #Help https://.co/g3nKsvzLrK,False,0,,2021-02-11 14:33:46,False,,1359873266341474307,,"<a href=""http://twitter.com/download/android"" rel=""nofollow"">Twitter for Android</a>",Dhanushram267,185,True,False,,
164,164,165,RT @VijayAlif5_: 14 Age Girl Missing Please Share Max #Help https://.co/g3nKsvzLrK,False,0,,2021-02-11 14:33:24,False,,1359873172812693508,,"<a href=""http://twitter.com/download/android"" rel=""nofollow"">Twitter for Android</a>",PraviVj,185,True,False,,
165,165,166,RT @VijayAlif5_: 14 Age Girl Missing Please Share Max #Help https://.co/g3nKsvzLrK,False,0,,2021-02-11 14:32:13,False,,1359872876434706433,,"<a href=""http://twitter.com/download/android"" rel=""nofollow"">Twitter for Android</a>",Arjun57650997,185,True,False,,
166,166,167,RT @VijayAlif5_: 14 Age Girl Missing Please Share Max #Help https://.co/g3nKsvzLrK,False,0,,2021-02-11 14:32:00,False,,1359872820839211008,,"<a href=""http://twitter.com/download/android"" rel=""nofollow"">Twitter for Android</a>",MS_Priyan_007,185,True,False,,
167,167,168,RT @VijayAlif5_: 14 Age Girl Missing Please Share Max #Help https://.co/g3nKsvzLrK,False,0,,2021-02-11 14:31:15,False,,1359872632552706051,,"<a href=""http://twitter.com/download/android"" rel=""nofollow"">Twitter for Android</a>",sathiyyaprabhu,185,True,False,,
168,168,169,RT @VijayAlif5_: 14 Age Girl Missing Please Share Max #Help https://.co/g3nKsvzLrK,False,0,,2021-02-11 14:30:55,False,,1359872547601346563,,"<a href=""http://twitter.com/download/android"" rel=""nofollow"">Twitter for Android</a>",Thamizh2407,185,True,False,,
169,169,170,RT @VijayAlif5_: 14 Age Girl Missing Please Share Max #Help https://.co/g3nKsvzLrK,False,0,,2021-02-11 14:30:40,False,,1359872486020550657,,"<a href=""http://twitter.com/download/android"" rel=""nofollow"">Twitter for Android</a>",VjSelvam2,185,True,False,,
170,170,171,RT @VijayAlif5_: 14 Age Girl Missing Please Share Max #Help https://.co/g3nKsvzLrK,False,0,,2021-02-11 14:30:37,False,,1359872472091226121,,"<a href=""http://twitter.com/download/android"" rel=""nofollow"">Twitter for Android</a>",Bjstyle13,185,True,False,,
171,171,172,RT @VijayAlif5_: 14 Age Girl Missing Please Share Max #Help https://.co/g3nKsvzLrK,False,0,,2021-02-11 14:30:32,False,,1359872451283361793,,"<a href=""http://twitter.com/download/android"" rel=""nofollow"">Twitter for Android</a>",Mersal_Ranjith1,185,True,False,,
172,172,173,RT @VijayAlif5_: 14 Age Girl Missing Please Share Max #Help https://.co/g3nKsvzLrK,False,0,,2021-02-11 14:30:27,False,,1359872432438345729,,"<a href=""http://twitter.com/download/android"" rel=""nofollow"">Twitter for Android</a>",madhivanan555,185,True,False,,
173,173,174,RT @VijayAlif5_: 14 Age Girl Missing Please Share Max #Help https://.co/g3nKsvzLrK,False,0,,2021-02-11 14:30:23,False,,1359872414201434113,,"<a href=""http://twitter.com/download/iphone"" rel=""nofollow"">Twitter for iPhone</a>",itsYuvarajS,185,True,False,,
174,174,175,RT @VijayAlif5_: 14 Age Girl Missing Please Share Max #Help https://.co/g3nKsvzLrK,False,0,,2021-02-11 14:30:05,False,,1359872337609449472,,"<a href=""http://twitter.com/download/android"" rel=""nofollow"">Twitter for Android</a>",Padmanavijay2,185,True,False,,
175,175,176,RT @VijayAlif5_: 14 Age Girl Missing Please Share Max #Help https://.co/g3nKsvzLrK,False,0,,2021-02-11 14:30:00,False,,1359872317568864256,,"<a href=""http://twitter.com/download/android"" rel=""nofollow"">Twitter for Android</a>",martinez35503,185,True,False,,
176,176,177,RT @VijayAlif5_: 14 Age Girl Missing Please Share Max #Help https://.co/g3nKsvzLrK,False,0,,2021-02-11 14:29:49,False,,1359872271725154305,,"<a href=""http://twitter.com/download/android"" rel=""nofollow"">Twitter for Android</a>",BeingVJMaster,185,True,False,,
177,177,178,RT @VijayAlif5_: 14 Age Girl Missing Please Share Max #Help https://.co/g3nKsvzLrK,False,0,,2021-02-11 14:29:39,False,,1359872229475897345,,"<a href=""https://mobile.twitter.com"" rel=""nofollow"">Twitter Web App</a>",ramk8060,185,True,False,,
178,178,179,RT @VijayAlif5_: 14 Age Girl Missing Please Share Max #Help https://.co/g3nKsvzLrK,False,0,,2021-02-11 14:29:17,False,,1359872137385811972,,"<a href=""http://twitter.com/download/android"" rel=""nofollow"">Twitter for Android</a>",Kayal79857929,185,True,False,,
179,179,180,RT @VijayAlif5_: 14 Age Girl Missing Please Share Max #Help https://.co/g3nKsvzLrK,False,0,,2021-02-11 14:28:52,False,,1359872031206957062,,"<a href=""http://twitter.com/download/android"" rel=""nofollow"">Twitter for Android</a>",TBigilu,185,True,False,,
180,180,181,RT @VijayAlif5_: 14 Age Girl Missing Please Share Max #Help https://.co/g3nKsvzLrK,False,0,,2021-02-11 14:28:41,False,,1359871986445414409,,"<a href=""https://mobile.twitter.com"" rel=""nofollow"">Twitter Web App</a>",Sterio32261391,185,True,False,,
181,181,182,RT @VijayAlif5_: 14 Age Girl Missing Please Share Max #Help https://.co/g3nKsvzLrK,False,0,,2021-02-11 14:28:37,False,,1359871968900567048,,"<a href=""http://twitter.com/download/android"" rel=""nofollow"">Twitter for Android</a>",Nithya79898859,185,True,False,,
182,182,183,RT @VijayAlif5_: 14 Age Girl Missing Please Share Max #Help https://.co/g3nKsvzLrK,False,0,,2021-02-11 14:28:12,False,,1359871864265318405,,"<a href=""http://twitter.com/download/android"" rel=""nofollow"">Twitter for Android</a>",ItzDfc,185,True,False,,
183,183,184,RT @VijayAlif5_: 14 Age Girl Missing Please Share Max #Help https://.co/g3nKsvzLrK,False,0,,2021-02-11 14:27:59,False,,1359871808573300751,,"<a href=""http://twitter.com/download/android"" rel=""nofollow"">Twitter for Android</a>",swathyovi2k,185,True,False,,
184,184,185,RT @VijayAlif5_: 14 Age Girl Missing Please Share Max #Help https://.co/g3nKsvzLrK,False,0,,2021-02-11 14:27:58,False,,1359871807579332612,,"<a href=""http://twitter.com/download/android"" rel=""nofollow"">Twitter for Android</a>",Selvam_Vj_,185,True,False,,
185,185,186,14 Age Girl Missing Please Share Max #Help https://.co/g3nKsvzLrK,False,153,,2021-02-11 14:27:13,False,,1359871615643787264,,"<a href=""http://twitter.com/download/android"" rel=""nofollow"">Twitter for Android</a>",VijayAlif5_,185,False,False,,
186,186,187,RT @achiralk: If  Interested DM   send  CV  . #jobs #rt #Help #UIUX https://.co/WdLUiWmGac,False,0,,2021-02-11 09:47:06,False,,1359801124203597824,,"<a href=""http://twitter.com/download/iphone"" rel=""nofollow"">Twitter for iPhone</a>",Iam_paala,13,True,False,,
187,187,188,RT @achiralk: If  Interested DM   send  CV  . #jobs #rt #Help #UIUX https://.co/WdLUiWmGac,False,0,,2021-02-11 09:32:37,False,,1359797477512151042,,"<a href=""http://twitter.com/download/iphone"" rel=""nofollow"">Twitter for iPhone</a>",hemal_,13,True,False,,
188,188,189,"Following  activity ODIC  currently conducting  door--door survey  Addiction throughout  village. 
WiÂ https://.co/AMf0Hq03Je",False,3,SharanaOfficial,2021-02-11 09:31:37,True,1.3597971337217595e+18,1359797225895809024,250496755.0,"<a href=""https://mobile.twitter.com"" rel=""nofollow"">Twitter Web App</a>",SharanaOfficial,0,False,False,,
189,189,190,RT @achiralk: If  Interested DM   send  CV  . #jobs #rt #Help #UIUX https://.co/WdLUiWmGac,False,0,,2021-02-11 08:36:38,False,,1359783390103261185,,"<a href=""http://twitter.com/download/android"" rel=""nofollow"">Twitter for Android</a>",EnThunga,13,True,False,,
190,190,191,RT @achiralk: If  Interested DM   send  CV  . #jobs #rt #Help #UIUX https://.co/WdLUiWmGac,False,0,,2021-02-11 08:19:23,False,,1359779047845163008,,"<a href=""http://twitter.com/download/android"" rel=""nofollow"">Twitter for Android</a>",moogater,13,True,False,,
191,191,192,RT @achiralk: If  Interested DM   send  CV  . #jobs #rt #Help #UIUX https://.co/WdLUiWmGac,False,0,,2021-02-11 08:05:34,False,,1359775572449054724,,"<a href=""http://twitter.com/download/android"" rel=""nofollow"">Twitter for Android</a>",MiyuruhansiS,13,True,False,,
192,192,193,RT @achiralk: If  Interested DM   send  CV  . #jobs #rt #Help #UIUX https://.co/WdLUiWmGac,False,0,,2021-02-11 07:58:49,False,,1359773872006914051,,"<a href=""https://mobile.twitter.com"" rel=""nofollow"">Twitter Web App</a>",kazZtr_,13,True,False,,
193,193,194,RT @achiralk: If  Interested DM   send  CV  . #jobs #rt #Help #UIUX https://.co/WdLUiWmGac,False,0,,2021-02-11 07:41:06,False,,1359769416725008384,,"<a href=""http://twitter.com/download/iphone"" rel=""nofollow"">Twitter for iPhone</a>",H_gayashan,13,True,False,,
194,194,195,RT @achiralk: If  Interested DM   send  CV  . #jobs #rt #Help #UIUX https://.co/WdLUiWmGac,False,0,,2021-02-11 07:14:27,False,,1359762709290446849,,"<a href=""https://mobile.twitter.com"" rel=""nofollow"">Twitter Web App</a>",erangatennakoon,13,True,False,,
195,195,196,RT @achiralk: If  Interested DM   send  CV  . #jobs #rt #Help #UIUX https://.co/WdLUiWmGac,False,0,,2021-02-11 07:06:03,False,,1359760594052681731,,"<a href=""http://twitter.com/download/android"" rel=""nofollow"">Twitter for Android</a>",Dr_Alien_,13,True,False,,
196,196,197,If  Interested DM   send  CV  . #jobs #rt #Help #UIUX https://.co/WdLUiWmGac,False,11,,2021-02-11 06:57:35,False,,1359758464717705221,,"<a href=""https://mobile.twitter.com"" rel=""nofollow"">Twitter Web App</a>",achiralk,13,False,False,,
197,197,198,"3M Lanka permanently closed  per  Google maps. Close  business hours ,  I' late  call  see. AnyonÂ https://.co/7QgWzjSFOA",False,2,,2021-02-10 12:14:57,True,,1359475944122064898,,"<a href=""https://mobile.twitter.com"" rel=""nofollow"">Twitter Web App</a>",erangatennakoon,0,False,False,,
198,198,199,"RT @iamthachar:  HP laptop service centre employee available  chennai ??

#Help",False,0,,2021-02-10 10:53:09,False,,1359455356557033475,,"<a href=""http://twitter.com/download/android"" rel=""nofollow"">Twitter for Android</a>",Rajuraj39370592,3,True,False,,
199,199,200,RT @iamrajesh_sct: Suggest Me Best Bike With 250cc For Doing MotoVlogs...#Help,False,0,,2021-02-10 10:29:26,False,,1359449390088286208,,"<a href=""http://twitter.com/download/android"" rel=""nofollow"">Twitter for Android</a>",Ajith68817067,56,True,False,,
200,200,201,"RT @iamthachar:  HP laptop service centre employee available  chennai ??

#Help",False,0,,2021-02-10 09:26:50,False,,1359433635644907521,,"<a href=""http://twitter.com/download/android"" rel=""nofollow"">Twitter for Android</a>",Karvaad_,3,True,False,,
201,201,202,"RT @iamthachar:  HP laptop service centre employee available  chennai ??

#Help",False,0,,2021-02-10 09:09:28,False,,1359429265960361987,,"<a href=""http://twitter.com/download/iphone"" rel=""nofollow"">Twitter for iPhone</a>",nilaavan,3,True,False,,
202,202,203," HP laptop service centre employee available  chennai ??

#Help",False,1,,2021-02-10 09:05:40,False,,1359428309860241417,,"<a href=""https://mobile.twitter.com"" rel=""nofollow"">Twitter Web App</a>",iamthachar,3,False,False,,
203,203,204,"@rtiindia 
@CNBCTV18News 
@LabourMinistry
@nsitharaman
@FinMinIndia
@Labourlawindia

This act  implemented  Â https://.co/7HaILaXsjt",False,0,rtiindia,2021-02-10 06:42:29,True,,1359392275890020360,15622291.0,"<a href=""http://twitter.com/download/android"" rel=""nofollow"">Twitter for Android</a>",iam_Gopal18,0,False,False,,
204,204,205,RT @ShashindraK: One   super talented &amp; good friend  looking   marketing//branding job. He  considerable experience  brandinÂ,False,0,,2021-02-10 02:36:22,False,,1359330339236110340,,"<a href=""http://twitter.com/download/android"" rel=""nofollow"">Twitter for Android</a>",DinukaNirmal,4,True,False,,
205,205,206,RT @ShashindraK: One   super talented &amp; good friend  looking   marketing//branding job. He  considerable experience  brandinÂ,False,0,,2021-02-10 02:29:59,False,,1359328731018317824,,"<a href=""http://twitter.com/download/android"" rel=""nofollow"">Twitter for Android</a>",ShashindraK,4,True,False,,
206,206,207,"TRUST: ALL  THE CHILDREN 
Due  COVID -19, sponsors  unable  gave funds   needs.More   hundredÂ https://.co/6U7Yip3znc",False,0,,2021-02-09 16:29:59,True,,1359177735453642761,,"<a href=""http://twitter.com/download/android"" rel=""nofollow"">Twitter for Android</a>",VickyNik007,0,False,False,,
207,207,208,RT @iamrajesh_sct: Suggest Me Best Bike With 250cc For Doing MotoVlogs...#Help,False,0,,2021-02-09 14:53:37,False,,1359153487678947337,,"<a href=""http://twitter.com/download/android"" rel=""nofollow"">Twitter for Android</a>",ThalaVe62581713,56,True,False,,
208,208,209,RT @iamrajesh_sct: Suggest Me Best Bike With 250cc For Doing MotoVlogs...#Help,False,0,,2021-02-09 13:32:22,False,,1359133038458728450,,"<a href=""http://twitter.com/download/android"" rel=""nofollow"">Twitter for Android</a>",Abdr2498,56,True,False,,
209,209,210,RT @iamrajesh_sct: Suggest Me Best Bike With 250cc For Doing MotoVlogs...#Help,False,0,,2021-02-09 13:21:43,False,,1359130357480652806,,"<a href=""http://twitter.com/download/android"" rel=""nofollow"">Twitter for Android</a>",VBK_Off,56,True,False,,
210,210,211,RT @iamrajesh_sct: Suggest Me Best Bike With 250cc For Doing MotoVlogs...#Help,False,0,,2021-02-09 13:12:29,False,,1359128034838630402,,"<a href=""http://twitter.com/download/android"" rel=""nofollow"">Twitter for Android</a>",Sakthi89482948,56,True,False,,
211,211,212,RT @iamrajesh_sct: Suggest Me Best Bike With 250cc For Doing MotoVlogs...#Help,False,0,,2021-02-09 13:09:58,False,,1359127400823443456,,"<a href=""http://twitter.com/download/android"" rel=""nofollow"">Twitter for Android</a>",suresh_subru,56,True,False,,
212,212,213,RT @iamrajesh_sct: Suggest Me Best Bike With 250cc For Doing MotoVlogs...#Help,False,0,,2021-02-09 13:01:17,False,,1359125216010465284,,"<a href=""http://twitter.com/download/android"" rel=""nofollow"">Twitter for Android</a>",shahil_thecrazy,56,True,False,,
213,213,214,RT @iamrajesh_sct: Suggest Me Best Bike With 250cc For Doing MotoVlogs...#Help,False,0,,2021-02-09 12:58:35,False,,1359124538324262916,,"<a href=""http://twitter.com/download/android"" rel=""nofollow"">Twitter for Android</a>",Santhos63014861,56,True,False,,
214,214,215,RT @iamrajesh_sct: Suggest Me Best Bike With 250cc For Doing MotoVlogs...#Help,False,0,,2021-02-09 12:35:58,False,,1359118844707635203,,"<a href=""http://twitter.com/download/iphone"" rel=""nofollow"">Twitter for iPhone</a>",itzAjithA,56,True,False,,
215,215,216,RT @iamrajesh_sct: Suggest Me Best Bike With 250cc For Doing MotoVlogs...#Help,False,0,,2021-02-09 12:26:29,False,,1359116456307302400,,"<a href=""http://twitter.com/download/android"" rel=""nofollow"">Twitter for Android</a>",Ak86135656,56,True,False,,
216,216,217,RT @iamrajesh_sct: Suggest Me Best Bike With 250cc For Doing MotoVlogs...#Help,False,0,,2021-02-09 12:18:10,False,,1359114364352012288,,"<a href=""http://twitter.com/download/android"" rel=""nofollow"">Twitter for Android</a>",2104Chitthesh,56,True,False,,
217,217,218,RT @iamrajesh_sct: Suggest Me Best Bike With 250cc For Doing MotoVlogs...#Help,False,0,,2021-02-09 12:10:30,False,,1359112436335345665,,"<a href=""http://twitter.com/download/android"" rel=""nofollow"">Twitter for Android</a>",The_AK_Devotee,56,True,False,,
218,218,219,RT @iamrajesh_sct: Suggest Me Best Bike With 250cc For Doing MotoVlogs...#Help,False,0,,2021-02-09 12:07:41,False,,1359111728877826062,,"<a href=""http://twitter.com/download/android"" rel=""nofollow"">Twitter for Android</a>",Mohanra74629087,56,True,False,,
219,219,220,RT @iamrajesh_sct: Suggest Me Best Bike With 250cc For Doing MotoVlogs...#Help,False,0,,2021-02-09 12:04:20,False,,1359110886057594883,,"<a href=""http://twitter.com/download/android"" rel=""nofollow"">Twitter for Android</a>",AntonySebastin0,56,True,False,,
220,220,221,RT @iamrajesh_sct: Suggest Me Best Bike With 250cc For Doing MotoVlogs...#Help,False,0,,2021-02-09 12:03:46,False,,1359110740855037956,,"<a href=""http://twitter.com/download/android"" rel=""nofollow"">Twitter for Android</a>",smartharish2,56,True,False,,
221,221,222,RT @iamrajesh_sct: Suggest Me Best Bike With 250cc For Doing MotoVlogs...#Help,False,0,,2021-02-09 12:00:33,False,,1359109933451464707,,"<a href=""http://twitter.com/download/android"" rel=""nofollow"">Twitter for Android</a>",guhanmass35,56,True,False,,
222,222,223,RT @iamrajesh_sct: Suggest Me Best Bike With 250cc For Doing MotoVlogs...#Help,False,0,,2021-02-09 11:51:39,False,,1359107691608633344,,"<a href=""http://twitter.com/download/android"" rel=""nofollow"">Twitter for Android</a>",Varun30698908,56,True,False,,
223,223,224,RT @iamrajesh_sct: Suggest Me Best Bike With 250cc For Doing MotoVlogs...#Help,False,0,,2021-02-09 11:46:33,False,,1359106410206830603,,"<a href=""http://twitter.com/download/android"" rel=""nofollow"">Twitter for Android</a>",KD56680783,56,True,False,,
224,224,225,RT @iamrajesh_sct: Suggest Me Best Bike With 250cc For Doing MotoVlogs...#Help,False,0,,2021-02-09 11:25:43,False,,1359101164474617858,,"<a href=""http://twitter.com/download/android"" rel=""nofollow"">Twitter for Android</a>",VailmaiRamesh,56,True,False,,
225,225,226,RT @iamrajesh_sct: Suggest Me Best Bike With 250cc For Doing MotoVlogs...#Help,False,0,,2021-02-09 11:12:36,False,,1359097864438177792,,"<a href=""http://twitter.com/download/android"" rel=""nofollow"">Twitter for Android</a>",vinodhp6,56,True,False,,
226,226,227,RT @iamrajesh_sct: Suggest Me Best Bike With 250cc For Doing MotoVlogs...#Help,False,0,,2021-02-09 10:12:44,False,,1359082797915250693,,"<a href=""http://twitter.com/download/android"" rel=""nofollow"">Twitter for Android</a>",thalave84846214,56,True,False,,
227,227,228,RT @iamrajesh_sct: Suggest Me Best Bike With 250cc For Doing MotoVlogs...#Help,False,0,,2021-02-09 10:11:22,False,,1359082456305946635,,"<a href=""http://twitter.com/download/android"" rel=""nofollow"">Twitter for Android</a>",AJITHIYANKARTH7,56,True,False,,
228,228,229,If anyone   gazette  schools reopening  western province? #Help #RT,False,4,,2021-02-09 09:54:15,False,,1359078148344664068,,"<a href=""http://twitter.com/download/iphone"" rel=""nofollow"">Twitter for iPhone</a>",erangatennakoon,2,False,False,,
229,229,230,RT @iamrajesh_sct: Suggest Me Best Bike With 250cc For Doing MotoVlogs...#Help,False,0,,2021-02-09 09:31:50,False,,1359072505818796033,,"<a href=""http://twitter.com/download/android"" rel=""nofollow"">Twitter for Android</a>",EsakksV,56,True,False,,
230,230,231,RT @iamrajesh_sct: Suggest Me Best Bike With 250cc For Doing MotoVlogs...#Help,False,0,,2021-02-09 09:17:31,False,,1359068903893200900,,"<a href=""http://twitter.com/download/android"" rel=""nofollow"">Twitter for Android</a>",Balatamilan008,56,True,False,,
231,231,232,RT @iamrajesh_sct: Suggest Me Best Bike With 250cc For Doing MotoVlogs...#Help,False,0,,2021-02-09 09:15:31,False,,1359068398408245251,,"<a href=""http://twitter.com/download/android"" rel=""nofollow"">Twitter for Android</a>",Sanjay55483505,56,True,False,,
232,232,233,RT @iamrajesh_sct: Suggest Me Best Bike With 250cc For Doing MotoVlogs...#Help,False,0,,2021-02-09 09:13:26,False,,1359067875856642051,,"<a href=""http://twitter.com/download/android"" rel=""nofollow"">Twitter for Android</a>",ThalaAdictt,56,True,False,,
233,233,234,RT @iamrajesh_sct: Suggest Me Best Bike With 250cc For Doing MotoVlogs...#Help,False,0,,2021-02-09 09:03:36,False,,1359065399552217092,,"<a href=""http://twitter.com/download/android"" rel=""nofollow"">Twitter for Android</a>",Mohamed76405216,56,True,False,,
234,234,235,RT @jamusgit: What would  choose  buy  often? Please #RT #food #help,False,0,,2021-02-09 08:58:39,False,,1359064154108162048,,"<a href=""http://twitter.com/download/android"" rel=""nofollow"">Twitter for Android</a>",4shade17,5,True,False,,
235,235,236,RT @jamusgit: What would  choose  buy  often? Please #RT #food #help,False,0,,2021-02-09 08:57:30,False,,1359063864826990593,,"<a href=""https://mobile.twitter.com"" rel=""nofollow"">Twitter Web App</a>",jamusgit,5,True,False,,
236,236,237,RT @iamrajesh_sct: Suggest Me Best Bike With 250cc For Doing MotoVlogs...#Help,False,0,,2021-02-09 08:57:15,False,,1359063803237859329,,"<a href=""http://twitter.com/download/android"" rel=""nofollow"">Twitter for Android</a>",ARUNTHALA007,56,True,False,,
237,237,238,RT @iamrajesh_sct: Suggest Me Best Bike With 250cc For Doing MotoVlogs...#Help,False,0,,2021-02-09 08:53:35,False,,1359062878582579200,,"<a href=""http://twitter.com/download/android"" rel=""nofollow"">Twitter for Android</a>",Itz_Kettavan97,56,True,False,,
238,238,239,RT @iamrajesh_sct: Suggest Me Best Bike With 250cc For Doing MotoVlogs...#Help,False,0,,2021-02-09 08:47:45,False,,1359061413684121601,,"<a href=""http://twitter.com/download/android"" rel=""nofollow"">Twitter for Android</a>",Thala_Vino005,56,True,False,,
239,239,240,RT @iamrajesh_sct: Suggest Me Best Bike With 250cc For Doing MotoVlogs...#Help,False,0,,2021-02-09 08:22:03,False,,1359054946306428931,,"<a href=""http://twitter.com/download/android"" rel=""nofollow"">Twitter for Android</a>",Nizy2506,56,True,False,,
240,240,241,RT @iamrajesh_sct: Suggest Me Best Bike With 250cc For Doing MotoVlogs...#Help,False,0,,2021-02-09 08:11:53,False,,1359052385675452422,,"<a href=""http://twitter.com/download/android"" rel=""nofollow"">Twitter for Android</a>",Jai53653560,56,True,False,,
241,241,242,RT @iamrajesh_sct: Suggest Me Best Bike With 250cc For Doing MotoVlogs...#Help,False,0,,2021-02-09 08:05:52,False,,1359050870541881345,,"<a href=""http://twitter.com/download/android"" rel=""nofollow"">Twitter for Android</a>",Midhunr21385664,56,True,False,,
242,242,243,RT @iamrajesh_sct: Suggest Me Best Bike With 250cc For Doing MotoVlogs...#Help,False,0,,2021-02-09 07:47:32,False,,1359046258401239041,,"<a href=""http://twitter.com/download/android"" rel=""nofollow"">Twitter for Android</a>",ThalaAsar,56,True,False,,
243,243,244,RT @iamrajesh_sct: Suggest Me Best Bike With 250cc For Doing MotoVlogs...#Help,False,0,,2021-02-09 07:44:31,False,,1359045499584532480,,"<a href=""https://mobile.twitter.com"" rel=""nofollow"">Twitter Web App</a>",Abishek28834487,56,True,False,,
244,244,245,RT @iamrajesh_sct: Suggest Me Best Bike With 250cc For Doing MotoVlogs...#Help,False,0,,2021-02-09 07:44:01,False,,1359045371326918657,,"<a href=""http://twitter.com/download/android"" rel=""nofollow"">Twitter for Android</a>",VeshShar,56,True,False,,
245,245,246,RT @iamrajesh_sct: Suggest Me Best Bike With 250cc For Doing MotoVlogs...#Help,False,0,,2021-02-09 07:42:23,False,,1359044961291837440,,"<a href=""https://mobile.twitter.com"" rel=""nofollow"">Twitter Web App</a>",thala_san7,56,True,False,,
246,246,247,RT @iamrajesh_sct: Suggest Me Best Bike With 250cc For Doing MotoVlogs...#Help,False,0,,2021-02-09 07:38:11,False,,1359043903454810114,,"<a href=""http://twitter.com/download/android"" rel=""nofollow"">Twitter for Android</a>",Samuel88280265,56,True,False,,
247,247,248,RT @iamrajesh_sct: Suggest Me Best Bike With 250cc For Doing MotoVlogs...#Help,False,0,,2021-02-09 07:37:20,False,,1359043691030093825,,"<a href=""http://twitter.com/download/android"" rel=""nofollow"">Twitter for Android</a>",naughtynrtoff,56,True,False,,
248,248,249,RT @iamrajesh_sct: Suggest Me Best Bike With 250cc For Doing MotoVlogs...#Help,False,0,,2021-02-09 07:33:25,False,,1359042705519738881,,"<a href=""http://twitter.com/download/iphone"" rel=""nofollow"">Twitter for iPhone</a>",jahir77827151,56,True,False,,
249,249,250,RT @iamrajesh_sct: Suggest Me Best Bike With 250cc For Doing MotoVlogs...#Help,False,0,,2021-02-09 07:33:03,False,,1359042614721302533,,"<a href=""http://twitter.com/download/android"" rel=""nofollow"">Twitter for Android</a>",imShibusm,56,True,False,,
250,250,251,RT @iamrajesh_sct: Suggest Me Best Bike With 250cc For Doing MotoVlogs...#Help,False,0,,2021-02-09 07:30:49,False,,1359042053171077121,,"<a href=""http://twitter.com/download/android"" rel=""nofollow"">Twitter for Android</a>",Parthib49190403,56,True,False,,
251,251,252,RT @iamrajesh_sct: Suggest Me Best Bike With 250cc For Doing MotoVlogs...#Help,False,0,,2021-02-09 07:27:46,False,,1359041284392976384,,"<a href=""http://twitter.com/download/android"" rel=""nofollow"">Twitter for Android</a>",saravan40319657,56,True,False,,
252,252,253,RT @iamrajesh_sct: Suggest Me Best Bike With 250cc For Doing MotoVlogs...#Help,False,0,,2021-02-09 07:22:08,False,,1359039867674480643,,"<a href=""http://twitter.com/download/android"" rel=""nofollow"">Twitter for Android</a>",AJITHFANSANDHRA,56,True,False,,
253,253,254,RT @iamrajesh_sct: Suggest Me Best Bike With 250cc For Doing MotoVlogs...#Help,False,0,,2021-02-09 07:21:04,False,,1359039597573853185,,"<a href=""http://twitter.com/download/android"" rel=""nofollow"">Twitter for Android</a>",_BoVe_Sara_,56,True,False,,
254,254,255,RT @iamrajesh_sct: Suggest Me Best Bike With 250cc For Doing MotoVlogs...#Help,False,0,,2021-02-09 07:20:46,False,,1359039522621644802,,"<a href=""http://twitter.com/download/android"" rel=""nofollow"">Twitter for Android</a>",gana_vel,56,True,False,,
255,255,256,RT @iamrajesh_sct: Suggest Me Best Bike With 250cc For Doing MotoVlogs...#Help,False,0,,2021-02-09 07:20:25,False,,1359039435656994816,,"<a href=""http://twitter.com/download/android"" rel=""nofollow"">Twitter for Android</a>",Dk66406229,56,True,False,,
256,256,257,RT @iamrajesh_sct: Suggest Me Best Bike With 250cc For Doing MotoVlogs...#Help,False,0,,2021-02-09 07:16:32,False,,1359038458073739264,,"<a href=""http://twitter.com/download/android"" rel=""nofollow"">Twitter for Android</a>",Ajithku41359643,56,True,False,,
257,257,258,RT @iamrajesh_sct: Suggest Me Best Bike With 250cc For Doing MotoVlogs...#Help,False,0,,2021-02-09 07:15:07,False,,1359038101620838401,,"<a href=""http://twitter.com/download/android"" rel=""nofollow"">Twitter for Android</a>",PulsarHaneefa,56,True,False,,
258,258,259,RT @iamrajesh_sct: Suggest Me Best Bike With 250cc For Doing MotoVlogs...#Help,False,0,,2021-02-09 07:14:59,False,,1359038067550482435,,"<a href=""http://twitter.com/download/android"" rel=""nofollow"">Twitter for Android</a>",thalafanzjohor,56,True,False,,
259,259,260,RT @iamrajesh_sct: Suggest Me Best Bike With 250cc For Doing MotoVlogs...#Help,False,0,,2021-02-09 07:13:16,False,,1359037634476056585,,"<a href=""http://twitter.com/download/android"" rel=""nofollow"">Twitter for Android</a>",padmanabhandon,56,True,False,,
260,260,261,Suggest Me Best Bike With 250cc For Doing MotoVlogs...#Help,False,376,,2021-02-09 07:12:47,False,,1359037514565054465,,"<a href=""http://twitter.com/download/android"" rel=""nofollow"">Twitter for Android</a>",iamrajesh_sct,56,False,False,,
261,261,262,RT @jamusgit: What would  choose  buy  often? Please #RT #food #help,False,0,,2021-02-09 04:03:08,False,,1358989784463462404,,"<a href=""https://mobile.twitter.com"" rel=""nofollow"">Twitter Web App</a>",LadyZahara,5,True,False,,
262,262,263,RT @jamusgit: What would  choose  buy  often? Please #RT #food #help,False,0,,2021-02-09 02:51:41,False,,1358971805264797697,,"<a href=""https://mobile.twitter.com"" rel=""nofollow"">Twitter Web App</a>",Golden_Makane,5,True,False,,
263,263,264,RT @jamusgit: What would  choose  buy  often? Please #RT #food #help,False,0,,2021-02-09 02:50:53,False,,1358971601862053892,,"<a href=""http://twitter.com/download/android"" rel=""nofollow"">Twitter for Android</a>",purple_heart_tw,5,True,False,,
264,264,265,What would  choose  buy  often? Please #RT #food #help,False,9,,2021-02-08 20:46:24,False,,1358879880734117888,,"<a href=""https://mobile.twitter.com"" rel=""nofollow"">Twitter Web App</a>",jamusgit,5,False,False,,
265,265,266,"RT @frnaffas: It   said  various hadeeth  Prophet (sal),   one  says 'Ya Hayyu Ya Qayyum', HIS DUA IS ACCEPTED !

httpÂ",False,0,,2021-02-08 19:49:25,False,,1358865538366271491,,"<a href=""http://twitter.com/download/iphone"" rel=""nofollow"">Twitter for iPhone</a>",khatimayasir123,1,True,False,,
266,266,267,"Forgive #everyone  sleep   #clean heart <f0><U+009F><U+00A7><U+0098>

I  #   #help  <f0><U+009F><U+008F><U+008B><U+FE0F>

#everynight <f0><U+009F><U+0097><U+0091><U+FE0F>Â https://.co/mcbCiW6KnM",False,0,,2021-02-08 18:11:37,True,,1358840926630723588,,"<a href=""http://instagram.com"" rel=""nofollow"">Instagram</a>",iamvicky_mano,0,False,False,76.9667,11.0
267,267,268,"RT @PraveenNadeera: Help   friend   need!
#Hypertension #KidneyDisease #help

current situation <f0><U+009F><U+0091><U+0087>
https://.co/LclBB1m6at https://Â",False,0,,2021-02-08 02:35:04,False,,1358605237540429824,,"<a href=""http://twitter.com/download/iphone"" rel=""nofollow"">Twitter for iPhone</a>",iam_poor9,9,True,False,,
268,268,269,"RT @PraveenNadeera: Help   friend   need!
#Hypertension #KidneyDisease #help

current situation <f0><U+009F><U+0091><U+0087>
https://.co/LclBB1m6at https://Â",False,0,,2021-02-08 01:29:36,False,,1358588760066125825,,"<a href=""http://twitter.com/download/android"" rel=""nofollow"">Twitter for Android</a>",JanithShey,9,True,False,,
269,269,270,"RT @PraveenNadeera: Help   friend   need!
#Hypertension #KidneyDisease #help

current situation <f0><U+009F><U+0091><U+0087>
https://.co/LclBB1m6at https://Â",False,0,,2021-02-07 19:39:58,False,,1358500770811838465,,"<a href=""http://twitter.com/download/iphone"" rel=""nofollow"">Twitter for iPhone</a>",unknown_lankan,9,True,False,,
270,270,271,"RT @PraveenNadeera: Help   friend   need!
#Hypertension #KidneyDisease #help

current situation <f0><U+009F><U+0091><U+0087>
https://.co/LclBB1m6at https://Â",False,0,,2021-02-07 19:27:47,False,,1358497707703164929,,"<a href=""https://mobile.twitter.com"" rel=""nofollow"">Twitter Web App</a>",Dr_Alien_,9,True,False,,
271,271,272,"RT @PraveenNadeera: Help   friend   need!
#Hypertension #KidneyDisease #help

current situation <f0><U+009F><U+0091><U+0087>
https://.co/LclBB1m6at https://Â",False,0,,2021-02-07 18:20:37,False,,1358480804729352193,,"<a href=""http://twitter.com/download/android"" rel=""nofollow"">Twitter for Android</a>",sachinsupunthak,9,True,False,,
272,272,273,"RT @PraveenNadeera: Help   friend   need!
#Hypertension #KidneyDisease #help

current situation <f0><U+009F><U+0091><U+0087>
https://.co/LclBB1m6at https://Â",False,0,,2021-02-07 17:43:53,False,,1358471560479219713,,"<a href=""http://twitter.com/download/iphone"" rel=""nofollow"">Twitter for iPhone</a>",pulaAbey,9,True,False,,
273,273,274,"RT @PraveenNadeera: Help   friend   need!
#Hypertension #KidneyDisease #help

current situation <f0><U+009F><U+0091><U+0087>
https://.co/LclBB1m6at https://Â",False,0,,2021-02-07 17:23:33,False,,1358466442736201728,,"<a href=""http://twitter.com/download/android"" rel=""nofollow"">Twitter for Android</a>",Ranindu_,9,True,False,,
274,274,275,"RT @PraveenNadeera: Help   friend   need!
#Hypertension #KidneyDisease #help

current situation <f0><U+009F><U+0091><U+0087>
https://.co/LclBB1m6at https://Â",False,0,,2021-02-07 17:23:31,False,,1358466432762216450,,"<a href=""http://twitter.com/download/android"" rel=""nofollow"">Twitter for Android</a>",Spacewalkerlive,9,True,False,,
275,275,276,"RT @PraveenNadeera: Help   friend   need!
#Hypertension #KidneyDisease #help

current situation <f0><U+009F><U+0091><U+0087>
https://.co/LclBB1m6at https://Â",False,0,,2021-02-07 17:23:24,False,,1358466406044495873,,"<a href=""http://twitter.com/download/iphone"" rel=""nofollow"">Twitter for iPhone</a>",chamath_er,9,True,False,,
276,276,277,"Help   friend   need!
#Hypertension #KidneyDisease #help

current situation <f0><U+009F><U+0091><U+0087>
https://.co/LclBB1m6at https://.co/E7UUrw3Mbx",False,12,,2021-02-07 17:21:54,False,,1358466028389376002,,"<a href=""http://twitter.com/download/iphone"" rel=""nofollow"">Twitter for iPhone</a>",PraveenNadeera,9,False,False,,
277,277,278,"RT @notpoos: Anyone working  #99x  #LSEG? 

Looking   internship   sibling <f0><U+009F><U+0091><U+0080>

#Help #RT",False,0,,2021-02-07 13:42:09,False,,1358410725710995457,,"<a href=""http://twitter.com/download/android"" rel=""nofollow"">Twitter for Android</a>",anuramano,14,True,False,,
278,278,279,"RT @notpoos: Anyone working  #99x  #LSEG? 

Looking   internship   sibling <f0><U+009F><U+0091><U+0080>

#Help #RT",False,0,,2021-02-07 13:09:18,False,,1358402458876145664,,"<a href=""http://twitter.com/download/android"" rel=""nofollow"">Twitter for Android</a>",Srinath_SM1,14,True,False,,
279,279,280,"RT @notpoos: Anyone working  #99x  #LSEG? 

Looking   internship   sibling <f0><U+009F><U+0091><U+0080>

#Help #RT",False,0,,2021-02-07 12:30:14,False,,1358392624332242944,,"<a href=""http://twitter.com/download/android"" rel=""nofollow"">Twitter for Android</a>",uruzikal,14,True,False,,
280,280,281,"RT @Ammatasirii: Anyone Â  social media marketing I  want  clarify something  linking IG  FB .
Please DM  reply Â",False,0,,2021-02-07 12:16:44,False,,1358389229009522690,,"<a href=""https://mobile.twitter.com"" rel=""nofollow"">Twitter Web App</a>",CrazyNalin,1,True,False,,
281,281,282,"RT @notpoos: Anyone working  #99x  #LSEG? 

Looking   internship   sibling <f0><U+009F><U+0091><U+0080>

#Help #RT",False,0,,2021-02-07 11:50:13,False,,1358382554571657220,,"<a href=""http://twitter.com/download/android"" rel=""nofollow"">Twitter for Android</a>",IamDDhark,14,True,False,,
282,282,283,"RT @notpoos: Anyone working  #99x  #LSEG? 

Looking   internship   sibling <f0><U+009F><U+0091><U+0080>

#Help #RT",False,0,,2021-02-07 11:17:22,False,,1358374287493660673,,"<a href=""http://twitter.com/download/android"" rel=""nofollow"">Twitter for Android</a>",piumi_silva,14,True,False,,
283,283,284,"Anyone Â  social media marketing I  want  clarify something  linking IG  FB .
Please DM  rÂ https://.co/3cXddPUSUV",False,1,,2021-02-07 10:52:03,True,,1358367915926429697,,"<a href=""http://twitter.com/download/iphone"" rel=""nofollow"">Twitter for iPhone</a>",Ammatasirii,1,False,False,,
284,284,285,"RT @notpoos: Anyone working  #99x  #LSEG? 

Looking   internship   sibling <f0><U+009F><U+0091><U+0080>

#Help #RT",False,0,,2021-02-07 09:25:38,False,,1358346169722675206,,"<a href=""http://twitter.com/download/android"" rel=""nofollow"">Twitter for Android</a>",justdehan,14,True,False,,
285,285,286,"RT @notpoos: Anyone working  #99x  #LSEG? 

Looking   internship   sibling <f0><U+009F><U+0091><U+0080>

#Help #RT",False,0,,2021-02-07 09:20:29,False,,1358344874093805568,,"<a href=""http://twitter.com/download/android"" rel=""nofollow"">Twitter for Android</a>",Vimukthi_93,14,True,False,,
286,286,287,"RT @notpoos: Anyone working  #99x  #LSEG? 

Looking   internship   sibling <f0><U+009F><U+0091><U+0080>

#Help #RT",False,0,,2021-02-07 09:09:36,False,,1358342135720812544,,"<a href=""http://twitter.com/download/iphone"" rel=""nofollow"">Twitter for iPhone</a>",sara_sach,14,True,False,,
287,287,288,"RT @notpoos: Anyone working  #99x  #LSEG? 

Looking   internship   sibling <f0><U+009F><U+0091><U+0080>

#Help #RT",False,0,,2021-02-07 08:57:04,False,,1358338979829977088,,"<a href=""http://twitter.com/download/iphone"" rel=""nofollow"">Twitter for iPhone</a>",ckalana513,14,True,False,,
288,288,289,"RT @notpoos: Anyone working  #99x  #LSEG? 

Looking   internship   sibling <f0><U+009F><U+0091><U+0080>

#Help #RT",False,0,,2021-02-07 08:49:21,False,,1358337040400609290,,"<a href=""http://twitter.com/download/android"" rel=""nofollow"">Twitter for Android</a>",Spacewalkerlive,14,True,False,,
289,289,290,"RT @notpoos: Anyone working  #99x  #LSEG? 

Looking   internship   sibling <f0><U+009F><U+0091><U+0080>

#Help #RT",False,0,,2021-02-07 08:40:52,False,,1358334903591444483,,"<a href=""http://twitter.com/download/iphone"" rel=""nofollow"">Twitter for iPhone</a>",chamath_er,14,True,False,,
290,290,291,"RT @notpoos: Anyone working  #99x  #LSEG? 

Looking   internship   sibling <f0><U+009F><U+0091><U+0080>

#Help #RT",False,0,,2021-02-07 08:40:35,False,,1358334834192519169,,"<a href=""https://mobile.twitter.com"" rel=""nofollow"">Twitter Web App</a>",ItsDonPeter,14,True,False,,
291,291,292,"RT @notpoos: Anyone working  #99x  #LSEG? 

Looking   internship   sibling <f0><U+009F><U+0091><U+0080>

#Help #RT",False,0,,2021-02-07 08:39:28,False,,1358334551731232769,,"<a href=""http://twitter.com/download/android"" rel=""nofollow"">Twitter for Android</a>",TheToka920,14,True,False,,
292,292,293,"RT @notpoos: Anyone working  #99x  #LSEG? 

Looking   internship   sibling <f0><U+009F><U+0091><U+0080>

#Help #RT",False,0,,2021-02-07 08:38:34,False,,1358334323607306243,,"<a href=""http://twitter.com/download/android"" rel=""nofollow"">Twitter for Android</a>",Annnuza,14,True,False,,
293,293,294,"Anyone working  #99x  #LSEG? 

Looking   internship   sibling <f0><U+009F><U+0091><U+0080>

#Help #RT",False,25,,2021-02-07 08:37:25,False,,1358334037354442754,,"<a href=""http://twitter.com/download/iphone"" rel=""nofollow"">Twitter for iPhone</a>",notpoos,14,False,False,,
294,294,295,"Where   set  heart ? Fix  heart  Jesus.
#grace #Jesus #sovereign #truth #help #heart #heartofGodÂ https://.co/ehz8LR6Drz",False,0,,2021-02-06 18:42:25,True,,1358123900886937600,,"<a href=""http://twitter.com/download/android"" rel=""nofollow"">Twitter for Android</a>",NigelRobin2,0,False,False,,
295,295,296,"RT @Suyanalavaathi: 5 units  + blood needed  Mr.Nithyanantham today  tomorrow  CMC vellore. 

Patient id: 253856H
Donor contactÂ",False,0,,2021-02-06 09:36:43,False,,1357986572348588032,,"<a href=""http://twitter.com/download/iphone"" rel=""nofollow"">Twitter for iPhone</a>",Fazil_Amf,2,True,False,,
296,296,297,"RT @Suyanalavaathi: 5 units  + blood needed  Mr.Nithyanantham today  tomorrow  CMC vellore. 

Patient id: 253856H
Donor contactÂ",False,0,,2021-02-06 09:10:04,False,,1357979864859607042,,"<a href=""https://sootigaa.com"" rel=""nofollow"">Tweet Good</a>",NeedbloodHyd,2,True,False,,
297,297,298,"5 units  + blood needed  Mr.Nithyanantham today  tomorrow  CMC vellore. 

Patient id: 253856H
Donor conÂ https://.co/1t16rAUaks",False,1,,2021-02-06 08:57:39,True,,1357976740560183302,,"<a href=""http://twitter.com/download/iphone"" rel=""nofollow"">Twitter for iPhone</a>",Suyanalavaathi,2,False,False,,
298,298,299,Frnds youtube disable panitu vanced use panalama<f0><U+009F><U+0099><U+0081> #help,False,0,,2021-02-06 03:13:20,False,,1357890088689045505,,"<a href=""https://mobile.twitter.com"" rel=""nofollow"">Twitter Web App</a>",mk_offll,0,False,False,,
299,299,300,Anyone working  Seylan bank? #Help #RT,False,9,,2021-02-06 01:57:16,False,,1357870949157097476,,"<a href=""http://twitter.com/#!/download/ipad"" rel=""nofollow"">Twitter for iPad</a>",erangatennakoon,6,False,False,,
300,300,301,RT @PraveenNadeera: Anyone  fondant icing cakes around colombo? <f0><U+009F><U+008D><U+00B0> need  help   friend #help,False,0,,2021-02-05 20:22:43,False,,1357786754984513536,,"<a href=""http://twitter.com/download/iphone"" rel=""nofollow"">Twitter for iPhone</a>",lasantharanjana,4,True,False,,
301,301,302,RT @PraveenNadeera: Anyone  fondant icing cakes around colombo? <f0><U+009F><U+008D><U+00B0> need  help   friend #help,False,0,,2021-02-05 17:51:18,False,,1357748650391265282,,"<a href=""http://twitter.com/download/iphone"" rel=""nofollow"">Twitter for iPhone</a>",Sanjivakkuk,4,True,False,,
302,302,303,RT @PraveenNadeera: Anyone  fondant icing cakes around colombo? <f0><U+009F><U+008D><U+00B0> need  help   friend #help,False,0,,2021-02-05 15:21:40,False,,1357710991329353731,,"<a href=""http://twitter.com/download/android"" rel=""nofollow"">Twitter for Android</a>",iampiyumi_,4,True,False,,
303,303,304,RT @PraveenNadeera: Anyone  fondant icing cakes around colombo? <f0><U+009F><U+008D><U+00B0> need  help   friend #help,False,0,,2021-02-05 14:56:46,False,,1357704726402523137,,"<a href=""https://mobile.twitter.com"" rel=""nofollow"">Twitter Web App</a>",Sedona_B,4,True,False,,
304,304,305,Anyone  fondant icing cakes around colombo? <f0><U+009F><U+008D><U+00B0> need  help   friend #help,False,9,,2021-02-05 14:55:04,False,,1357704298881310725,,"<a href=""http://twitter.com/download/iphone"" rel=""nofollow"">Twitter for iPhone</a>",PraveenNadeera,4,False,False,,
305,305,306,AÂpura peeps please #help #rt #lka https://.co/8wFmQwv7fV,False,3,,2021-02-05 12:22:19,False,,1357665858340999168,,"<a href=""http://twitter.com/download/iphone"" rel=""nofollow"">Twitter for iPhone</a>",DulajMendis,0,False,False,,
306,306,307,RT @FeedingCeylon: May God help  strengthen  bond  family  friends  New Year. Sending  well wishes  praying  Â,False,0,,2021-02-05 03:28:48,False,,1357531593414496256,,"<a href=""http://twitter.com/download/iphone"" rel=""nofollow"">Twitter for iPhone</a>",GenElecSL,6,True,False,,
307,307,308,RT @pulaAbey: Looking  people    understanding  python  JavaScript. Contact   information. #RT #help #javascript #Â,False,0,,2021-02-04 17:58:47,False,,1357388143117234179,,"<a href=""https://twitter.com/100DaysOf2020"" rel=""nofollow"">#100DaysOf2020</a>",100DaysOf2020,15,True,False,,
308,308,309,RT @pulaAbey: Looking  people    understanding  python  JavaScript. Contact   information. #RT #help #javascript #Â,False,0,,2021-02-04 17:57:42,False,,1357387871712337926,,"<a href=""https://mobile.twitter.com"" rel=""nofollow"">Twitter Web App</a>",Dr_Alien_,15,True,False,,
309,309,310,RT @pulaAbey: Looking  people    understanding  python  JavaScript. Contact   information. #RT #help #javascript #Â,False,0,,2021-02-04 17:57:21,False,,1357387782348369921,,"<a href=""http://twitter.com/download/android"" rel=""nofollow"">Twitter for Android</a>",Vimukthi_93,15,True,False,,
310,310,311,RT @pulaAbey: Looking  people    understanding  python  JavaScript. Contact   information. #RT #help #javascript #Â,False,0,,2021-02-04 15:26:34,False,,1357349837004394497,,"<a href=""http://twitter.com/download/iphone"" rel=""nofollow"">Twitter for iPhone</a>",PraveenNadeera,15,True,False,,
311,311,312,RT @pulaAbey: Looking  people    understanding  python  JavaScript. Contact   information. #RT #help #javascript #Â,False,0,,2021-02-04 15:13:25,False,,1357346530395525121,,"<a href=""http://twitter.com/download/android"" rel=""nofollow"">Twitter for Android</a>",ItsmeSuppa,15,True,False,,
312,312,313,RT @pulaAbey: Looking  people    understanding  python  JavaScript. Contact   information. #RT #help #javascript #Â,False,0,,2021-02-04 15:11:16,False,,1357345987161853954,,"<a href=""https://yathinbabu.github.io"" rel=""nofollow"">xael bot</a>",xaelbot,15,True,False,,
313,313,314,RT @pulaAbey: Looking  people    understanding  python  JavaScript. Contact   information. #RT #help #javascript #Â,False,0,,2021-02-04 15:11:13,False,,1357345974184669187,,,altf4hashbot,15,True,False,,
314,314,315,RT @pulaAbey: Looking  people    understanding  python  JavaScript. Contact   information. #RT #help #javascript #Â,False,0,,2021-02-04 15:07:08,False,,1357344949927178244,,"<a href=""http://twitter.com/download/android"" rel=""nofollow"">Twitter for Android</a>",maggiegirl29,15,True,False,,
315,315,316,RT @pulaAbey: Looking  people    understanding  python  JavaScript. Contact   information. #RT #help #javascript #Â,False,0,,2021-02-04 15:07:03,False,,1357344925096968192,,,30xcodes,15,True,False,,
316,316,317,RT @pulaAbey: Looking  people    understanding  python  JavaScript. Contact   information. #RT #help #javascript #Â,False,0,,2021-02-04 15:06:43,False,,1357344844956323854,,"<a href=""http://twitter.com/download/iphone"" rel=""nofollow"">Twitter for iPhone</a>",chamath_er,15,True,False,,
317,317,318,RT @pulaAbey: Looking  people    understanding  python  JavaScript. Contact   information. #RT #help #javascript #Â,False,0,,2021-02-04 15:05:32,False,,1357344547399868418,,,developer_RTbot,15,True,False,,
318,318,319,RT @pulaAbey: Looking  people    understanding  python  JavaScript. Contact   information. #RT #help #javascript #Â,False,0,,2021-02-04 15:05:32,False,,1357344543385948164,,,iPythonistaBot,15,True,False,,
319,319,320,Looking  people    understanding  python  JavaScript. Contact   information. #RT #helpÂ https://.co/XhDCDkeMQT,False,20,,2021-02-04 15:05:26,True,,1357344519725801475,,"<a href=""http://twitter.com/download/iphone"" rel=""nofollow"">Twitter for iPhone</a>",pulaAbey,15,False,False,,
