,,,text,favorited,favoriteCount,replyToSN,created,truncated,replyToSID,id,replyToUID,statusSource,screenName,retweetCount,isRetweet,retweeted,longitude,latitude
0,0,1,"#Covid19 #Update<f0><U+009F><U+00A6><U+00A0>
2021-01-05

2 #deaths, 479 new cases  445 recovered  far #today

<U+25AA><U+FE0F>Total #Cases - 45,726
<U+25AA><U+FE0F>Â https://.co/ev5XVIqUaA",False,1,,2021-01-05 16:47:51,True,,1346498659232460801,,"<a href=""http://twitter.com/download/iphone"" rel=""nofollow"">Twitter for iPhone</a>",Naveeth14,0,False,False,,
1,1,2,"#Covid19 #Update<f0><U+009F><U+00A6><U+00A0>
2021-01-04

#Two(02) #COVID-19 related #deaths reported  #Rathnapura  467 new #cases recordeÂ https://.co/Eku5uFkHss",False,0,,2021-01-04 16:02:55,True,,1346124962873171975,,"<a href=""http://twitter.com/download/iphone"" rel=""nofollow"">Twitter for iPhone</a>",Naveeth14,0,False,False,,
2,2,3,"#Covid-19 #Update*<f0><U+009F><U+00A6><U+00A0>
2021-01-02

#Three(03) #COVID19 related #deaths  502 new cases recorded  #Sri #Lanka <f0><U+009F><U+0087><U+00B1><f0><U+009F><U+0087><U+00B0>Â https://.co/cq8XnNutDt",False,3,,2021-01-02 14:34:12,True,,1345377859024654337,,"<a href=""http://twitter.com/download/iphone"" rel=""nofollow"">Twitter for iPhone</a>",Naveeth14,0,False,False,,
