,,,text,favorited,favoriteCount,replyToSN,created,truncated,replyToSID,id,replyToUID,statusSource,screenName,retweetCount,isRetweet,retweeted,longitude,latitude
0,0,1,"RT @ashandulakshana: Does anyone using SSD portable drives,  recommend  something durable.<f0><U+009F><U+0099><U+0082>
#help",False,0,,2021-02-26 04:16:48,False,,1365153820175597573,,"<a href=""http://twitter.com/download/android"" rel=""nofollow"">Twitter for Android</a>",kaviiiiisha,2,True,False,,
1,1,2,"RT @ashandulakshana: Does anyone using SSD portable drives,  recommend  something durable.<f0><U+009F><U+0099><U+0082>
#help",False,0,,2021-02-26 04:16:26,False,,1365153726735011840,,"<a href=""http://twitter.com/download/android"" rel=""nofollow"">Twitter for Android</a>",ashandulakshana,2,True,False,,
2,2,3,"Does anyone using SSD portable drives,  recommend  something durable.<f0><U+009F><U+0099><U+0082>
#help",False,3,,2021-02-26 04:13:36,False,,1365153014345007112,,"<a href=""http://twitter.com/download/android"" rel=""nofollow"">Twitter for Android</a>",ashandulakshana,2,False,False,,
3,3,4,"RT @ChuTneyPuDi: My friend' father needs  get  Liver Stent,  treatment cost  huge   family  falling short  funds. If Â",False,0,,2021-02-25 16:32:20,False,,1364976534776283136,,"<a href=""http://twitter.com/download/android"" rel=""nofollow"">Twitter for Android</a>",Ravipv1972,24,True,False,,
4,4,5,"RT @SeLFiShEnGiNeeR: Urgent:

Blood Need : A+ 
Units : 2 
Place : Apollo Hospital Trichy 

#Help #Emergency #Need",False,0,,2021-02-25 08:25:18,False,,1364853967713226754,,"<a href=""http://twitter.com/download/android"" rel=""nofollow"">Twitter for Android</a>",aamaiveriyan01,27,True,False,,
5,5,6,"Chengalpat la buses run aguthu ?
Orelse strike ah ?
#help
#urgent",False,0,,2021-02-25 02:32:58,False,,1364765301091430400,,"<a href=""http://twitter.com/download/android"" rel=""nofollow"">Twitter for Android</a>",Me_dharan,0,False,False,,
6,6,7,The good #webdevelopment #work #websitedesign #branding website practises  optimizing  #webdesign #websiteÂ https://.co/Y97Oq8wk5q,False,1,,2021-02-24 17:15:14,True,,1364624941203611648,,"<a href=""https://mobile.twitter.com"" rel=""nofollow"">Twitter Web App</a>",sharktail123,0,False,False,,
7,7,8,"RT @SeLFiShEnGiNeeR: Urgent:

Blood Need : A+ 
Units : 2 
Place : Apollo Hospital Trichy 

#Help #Emergency #Need",False,0,,2021-02-24 16:53:05,False,,1364619370333233156,,"<a href=""http://twitter.com/download/android"" rel=""nofollow"">Twitter for Android</a>",hari_offi,27,True,False,,
8,8,9,RT @ravinhwg: Anybody using Firebase ? #help,False,0,,2021-02-24 14:26:13,False,,1364582407324659712,,"<a href=""http://twitter.com/download/android"" rel=""nofollow"">Twitter for Android</a>",Dr_Alien_,13,True,False,,
9,9,10,"RT @SeLFiShEnGiNeeR: Urgent:

Blood Need : A+ 
Units : 2 
Place : Apollo Hospital Trichy 

#Help #Emergency #Need",False,0,,2021-02-24 14:09:54,False,,1364578302812323840,,"<a href=""http://twitter.com/download/android"" rel=""nofollow"">Twitter for Android</a>",itzdeepuvj,27,True,False,,
10,10,11,"RT @SeLFiShEnGiNeeR: Urgent:

Blood Need : A+ 
Units : 2 
Place : Apollo Hospital Trichy 

#Help #Emergency #Need",False,0,,2021-02-24 13:31:07,False,,1364568543539302403,,"<a href=""http://twitter.com/download/android"" rel=""nofollow"">Twitter for Android</a>",BaluRonaldo,27,True,False,,
11,11,12,"RT @SeLFiShEnGiNeeR: Urgent:

Blood Need : A+ 
Units : 2 
Place : Apollo Hospital Trichy 

#Help #Emergency #Need",False,0,,2021-02-24 13:21:21,False,,1364566083554791425,,"<a href=""http://twitter.com/download/android"" rel=""nofollow"">Twitter for Android</a>",KaviyaVijay001,27,True,False,,
12,12,13,"RT @SeLFiShEnGiNeeR: Urgent:

Blood Need : A+ 
Units : 2 
Place : Apollo Hospital Trichy 

#Help #Emergency #Need",False,0,,2021-02-24 13:18:24,False,,1364565342702374912,,"<a href=""https://mobile.twitter.com"" rel=""nofollow"">Twitter Web App</a>",ActorVijayTeam,27,True,False,,
13,13,14,"RT @SeLFiShEnGiNeeR: Urgent:

Blood Need : A+ 
Units : 2 
Place : Apollo Hospital Trichy 

#Help #Emergency #Need",False,0,,2021-02-24 12:54:12,False,,1364559253512491008,,"<a href=""http://twitter.com/download/android"" rel=""nofollow"">Twitter for Android</a>",RebornVj,27,True,False,,
14,14,15,"RT @SeLFiShEnGiNeeR: Urgent:

Blood Need : A+ 
Units : 2 
Place : Apollo Hospital Trichy 

#Help #Emergency #Need",False,0,,2021-02-24 12:36:00,False,,1364554669851250690,,"<a href=""http://twitter.com/download/android"" rel=""nofollow"">Twitter for Android</a>",sabarivj123,27,True,False,,
15,15,16,"RT @SeLFiShEnGiNeeR: Urgent:

Blood Need : A+ 
Units : 2 
Place : Apollo Hospital Trichy 

#Help #Emergency #Need",False,0,,2021-02-24 12:30:08,False,,1364553194920026114,,"<a href=""http://twitter.com/download/android"" rel=""nofollow"">Twitter for Android</a>",Patrickap2004,27,True,False,,
16,16,17,"RT @SeLFiShEnGiNeeR: Urgent:

Blood Need : A+ 
Units : 2 
Place : Apollo Hospital Trichy 

#Help #Emergency #Need",False,0,,2021-02-24 12:25:41,False,,1364552073090539520,,"<a href=""http://twitter.com/download/android"" rel=""nofollow"">Twitter for Android</a>",Nayeem_vj,27,True,False,,
17,17,18,"RT @SeLFiShEnGiNeeR: Urgent:

Blood Need : A+ 
Units : 2 
Place : Apollo Hospital Trichy 

#Help #Emergency #Need",False,0,,2021-02-24 12:21:16,False,,1364550963579658243,,"<a href=""http://twitter.com/download/android"" rel=""nofollow"">Twitter for Android</a>",suhasinichenn1,27,True,False,,
18,18,19,"RT @SeLFiShEnGiNeeR: Urgent:

Blood Need : A+ 
Units : 2 
Place : Apollo Hospital Trichy 

#Help #Emergency #Need",False,0,,2021-02-24 12:16:09,False,,1364549677421498370,,"<a href=""http://twitter.com/download/android"" rel=""nofollow"">Twitter for Android</a>",mersal07,27,True,False,,
19,19,20,"RT @SeLFiShEnGiNeeR: Urgent:

Blood Need : A+ 
Units : 2 
Place : Apollo Hospital Trichy 

#Help #Emergency #Need",False,0,,2021-02-24 11:03:01,False,,1364531272333234176,,"<a href=""http://twitter.com/download/android"" rel=""nofollow"">Twitter for Android</a>",udhaya_ganesh,27,True,False,,
20,20,21,"RT @SeLFiShEnGiNeeR: Urgent:

Blood Need : A+ 
Units : 2 
Place : Apollo Hospital Trichy 

#Help #Emergency #Need",False,0,,2021-02-24 10:55:53,False,,1364529474826473475,,"<a href=""http://twitter.com/download/android"" rel=""nofollow"">Twitter for Android</a>",JosephVasanth10,27,True,False,,
21,21,22,"RT @SeLFiShEnGiNeeR: Urgent:

Blood Need : A+ 
Units : 2 
Place : Apollo Hospital Trichy 

#Help #Emergency #Need",False,0,,2021-02-24 10:44:49,False,,1364526691289157632,,"<a href=""http://twitter.com/download/android"" rel=""nofollow"">Twitter for Android</a>",vijayan_vijay26,27,True,False,,
22,22,23,"RT @SeLFiShEnGiNeeR: Urgent:

Blood Need : A+ 
Units : 2 
Place : Apollo Hospital Trichy 

#Help #Emergency #Need",False,0,,2021-02-24 10:20:43,False,,1364520625008599042,,"<a href=""http://twitter.com/download/android"" rel=""nofollow"">Twitter for Android</a>",MASTER_Dhamo,27,True,False,,
23,23,24,"RT @SeLFiShEnGiNeeR: Urgent:

Blood Need : A+ 
Units : 2 
Place : Apollo Hospital Trichy 

#Help #Emergency #Need",False,0,,2021-02-24 10:19:40,False,,1364520362881343495,,"<a href=""http://twitter.com/download/android"" rel=""nofollow"">Twitter for Android</a>",Prabhakar273941,27,True,False,,
24,24,25,"RT @SeLFiShEnGiNeeR: Urgent:

Blood Need : A+ 
Units : 2 
Place : Apollo Hospital Trichy 

#Help #Emergency #Need",False,0,,2021-02-24 10:19:10,False,,1364520236238610440,,"<a href=""http://twitter.com/download/android"" rel=""nofollow"">Twitter for Android</a>",Harisha64452927,27,True,False,,
25,25,26,"RT @SeLFiShEnGiNeeR: Urgent:

Blood Need : A+ 
Units : 2 
Place : Apollo Hospital Trichy 

#Help #Emergency #Need",False,0,,2021-02-24 10:17:40,False,,1364519859007102976,,"<a href=""http://twitter.com/download/android"" rel=""nofollow"">Twitter for Android</a>",yaathisisnini,27,True,False,,
26,26,27,"RT @SeLFiShEnGiNeeR: Urgent:

Blood Need : A+ 
Units : 2 
Place : Apollo Hospital Trichy 

#Help #Emergency #Need",False,0,,2021-02-24 10:17:20,False,,1364519773443268608,,"<a href=""http://twitter.com/download/android"" rel=""nofollow"">Twitter for Android</a>",rambharath97,27,True,False,,
27,27,28,"RT @SeLFiShEnGiNeeR: Urgent:

Blood Need : A+ 
Units : 2 
Place : Apollo Hospital Trichy 

#Help #Emergency #Need",False,0,,2021-02-24 10:15:40,False,,1364519356189696001,,"<a href=""http://twitter.com/download/android"" rel=""nofollow"">Twitter for Android</a>",IamSumanVJ,27,True,False,,
28,28,29,"RT @SeLFiShEnGiNeeR: Urgent:

Blood Need : A+ 
Units : 2 
Place : Apollo Hospital Trichy 

#Help #Emergency #Need",False,0,,2021-02-24 10:14:49,False,,1364519141353299968,,"<a href=""http://twitter.com/download/android"" rel=""nofollow"">Twitter for Android</a>",fuckyoumaleart,27,True,False,,
29,29,30,"RT @SeLFiShEnGiNeeR: Urgent:

Blood Need : A+ 
Units : 2 
Place : Apollo Hospital Trichy 

#Help #Emergency #Need",False,0,,2021-02-24 10:13:57,False,,1364518923186540551,,"<a href=""http://twitter.com/download/iphone"" rel=""nofollow"">Twitter for iPhone</a>",muguVj,27,True,False,,
30,30,31,"Urgent:

Blood Need : A+ 
Units : 2 
Place : Apollo Hospital Trichy 

#Help #Emergency #Need",False,50,,2021-02-24 10:12:56,False,,1364518666524495873,,"<a href=""http://twitter.com/download/android"" rel=""nofollow"">Twitter for Android</a>",SeLFiShEnGiNeeR,27,False,False,,
31,31,32,Edexcel A2 Biology Exam Preparation Classes #lk #help #edexcel #biology https://.co/0ksw4dFxIN,False,0,,2021-02-24 08:49:22,False,,1364497635818631168,,"<a href=""https://mobile.twitter.com"" rel=""nofollow"">Twitter Web App</a>",k9yosh,0,False,False,,
32,32,33,RT @ravinhwg: Anybody using Firebase ? #help,False,0,,2021-02-24 08:24:21,False,,1364491343305711621,,"<a href=""http://twitter.com/download/android"" rel=""nofollow"">Twitter for Android</a>",NandiyaLive,13,True,False,,
33,33,34,RT @ravinhwg: Anybody using Firebase ? #help,False,0,,2021-02-24 07:33:43,False,,1364478598753644546,,"<a href=""http://twitter.com/download/android"" rel=""nofollow"">Twitter for Android</a>",uruzikal,13,True,False,,
34,34,35,RT @ravinhwg: Anybody using Firebase ? #help,False,0,,2021-02-24 07:06:16,False,,1364471690261114880,,"<a href=""http://twitter.com/download/iphone"" rel=""nofollow"">Twitter for iPhone</a>",ShehanThamel,13,True,False,,
35,35,36,RT @ravinhwg: Anybody using Firebase ? #help,False,0,,2021-02-24 07:04:07,False,,1364471151234146306,,"<a href=""https://mobile.twitter.com"" rel=""nofollow"">Twitter Web App</a>",__Methmal,13,True,False,,
36,36,37,RT @ravinhwg: Anybody using Firebase ? #help,False,0,,2021-02-24 07:03:20,False,,1364470952776507397,,"<a href=""http://twitter.com/download/android"" rel=""nofollow"">Twitter for Android</a>",IsuriUdeshika,13,True,False,,
37,37,38,RT @ravinhwg: Anybody using Firebase ? #help,False,0,,2021-02-24 06:24:20,False,,1364461137845100552,,"<a href=""http://twitter.com/download/android"" rel=""nofollow"">Twitter for Android</a>",Charith25151760,13,True,False,,
38,38,39,"RT @ashroxx: Is   Galle - Kataragama Highway bus? Where  I find  schedule?

#help #lka",False,0,,2021-02-24 05:45:19,False,,1364451319449198594,,"<a href=""http://twitter.com/download/android"" rel=""nofollow"">Twitter for Android</a>",KawdaBoy,3,True,False,,
39,39,40,"RT @ashroxx: Is   Galle - Kataragama Highway bus? Where  I find  schedule?

#help #lka",False,0,,2021-02-24 05:25:21,False,,1364446294387826691,,"<a href=""https://mobile.twitter.com"" rel=""nofollow"">Twitter Web App</a>",indika27,3,True,False,,
40,40,41,RT @ravinhwg: Anybody using Firebase ? #help,False,0,,2021-02-24 04:40:58,False,,1364435126243913733,,"<a href=""http://twitter.com/download/iphone"" rel=""nofollow"">Twitter for iPhone</a>",chamath_er,13,True,False,,
41,41,42,RT @ravinhwg: Anybody using Firebase ? #help,False,0,,2021-02-24 04:39:36,False,,1364434780545163264,,"<a href=""http://twitter.com/download/android"" rel=""nofollow"">Twitter for Android</a>",thejanwic,13,True,False,,
42,42,43,RT @ravinhwg: Anybody using Firebase ? #help,False,0,,2021-02-24 04:36:45,False,,1364434064468447232,,"<a href=""https://mobile.twitter.com"" rel=""nofollow"">Twitter Web App</a>",imVedda,13,True,False,,
43,43,44,RT @ravinhwg: Anybody using Firebase ? #help,False,0,,2021-02-24 04:35:11,False,,1364433668836524035,,"<a href=""http://twitter.com/download/android"" rel=""nofollow"">Twitter for Android</a>",sachinsupunthak,13,True,False,,
44,44,45,RT @ravinhwg: Anybody using Firebase ? #help,False,0,,2021-02-24 04:31:01,False,,1364432622739316738,,"<a href=""http://twitter.com/download/android"" rel=""nofollow"">Twitter for Android</a>",Vimukthi_93,13,True,False,,
45,45,46,RT @ravinhwg: Anybody using Firebase ? #help,False,0,,2021-02-24 04:22:45,False,,1364430541894733824,,"<a href=""http://twitter.com/download/android"" rel=""nofollow"">Twitter for Android</a>",ashandulakshana,13,True,False,,
46,46,47,Anybody using Firebase ? #help,False,38,,2021-02-24 04:22:05,False,,1364430371354415106,,"<a href=""https://mobile.twitter.com"" rel=""nofollow"">Twitter Web App</a>",ravinhwg,13,False,False,,
47,47,48,Any ideas  learn AWS   beginner #AWS #help,False,0,,2021-02-23 19:57:04,False,,1364303281070116868,,"<a href=""http://twitter.com/download/android"" rel=""nofollow"">Twitter for Android</a>",Telex_pandian,0,False,False,,
48,48,49,"RT @ChuTneyPuDi: My friend' father needs  get  Liver Stent,  treatment cost  huge   family  falling short  funds. If Â",False,0,,2021-02-23 17:40:25,False,,1364268891975806980,,"<a href=""http://twitter.com/download/android"" rel=""nofollow"">Twitter for Android</a>",Suryasubramany1,24,True,False,,
49,49,50,"RT @ChuTneyPuDi: My friend' father needs  get  Liver Stent,  treatment cost  huge   family  falling short  funds. If Â",False,0,,2021-02-23 16:40:20,False,,1364253772554276866,,"<a href=""http://twitter.com/download/android"" rel=""nofollow"">Twitter for Android</a>",DarlingRashmii,24,True,False,,
50,50,51,I   getting requests  many school Students  speak   lessons burden  academic year. LookÂ https://.co/R56mehQ8eS,False,40,,2021-02-23 15:26:46,True,,1364235258330107906,,"<a href=""http://twitter.com/download/android"" rel=""nofollow"">Twitter for Android</a>",Sunandhaspeaks,20,False,False,,
51,51,52,"Does anyone   copy  ""Handy Perinbanayagam: A Memorial Volume: Jaffna Youth Congress  Selections  HisÂ https://.co/DnhMUGi2v9",False,0,,2021-02-23 12:01:59,True,,1364183724808572929,,"<a href=""https://mobile.twitter.com"" rel=""nofollow"">Twitter Web App</a>",_thinkholic,0,False,False,,
52,52,53,"We @aspirefactory  Helping  Barbers fight  pandemic,  could support us   initiative  well;Â https://.co/dSp6kjfTMi",False,0,,2021-02-23 07:13:20,True,,1364111079651991552,,"<a href=""https://mobile.twitter.com"" rel=""nofollow"">Twitter Web App</a>",naveenieus,0,False,False,,
53,53,54,"A Humanitarian Gesture <f0><U+009F><U+0091><U+008F>

#RPF personnel  Delhi Division assisting  specially abled mother.  

#BeyondCallOfDutyÂ https://.co/37AroYXeKo",False,11,,2021-02-23 04:46:48,True,,1364074206133035013,,"<a href=""http://twitter.com/download/android"" rel=""nofollow"">Twitter for Android</a>",DrmMys,0,False,False,,
54,54,55,"RT @ChuTneyPuDi: My friend' father needs  get  Liver Stent,  treatment cost  huge   family  falling short  funds. If Â",False,0,,2021-02-23 04:23:56,False,,1364068450415439880,,"<a href=""http://twitter.com/download/android"" rel=""nofollow"">Twitter for Android</a>",Shashi_Offl,24,True,False,,
55,55,56,"RT @ChuTneyPuDi: My friend' father needs  get  Liver Stent,  treatment cost  huge   family  falling short  funds. If Â",False,0,,2021-02-23 04:20:10,False,,1364067501865279488,,"<a href=""http://twitter.com/download/android"" rel=""nofollow"">Twitter for Android</a>",KannadaBO,24,True,False,,
56,56,57,RT @Ruwanthi77: Anyone  Sampath Bank? I   issue   password self unlock  #help <f0><U+009F><U+0099><U+0088>,False,0,,2021-02-23 04:17:39,False,,1364066869582258179,,"<a href=""http://twitter.com/download/android"" rel=""nofollow"">Twitter for Android</a>",JonasKOLLA,3,True,False,,
57,57,58,RT @Ruwanthi77: Anyone  Sampath Bank? I   issue   password self unlock  #help <f0><U+009F><U+0099><U+0088>,False,0,,2021-02-22 19:49:00,False,,1363938864918716416,,"<a href=""http://twitter.com/download/android"" rel=""nofollow"">Twitter for Android</a>",UpulTR,3,True,False,,
58,58,59,"RT @Ammatasirii: Looking   annex  rent . Single bed room, kitchen , bathroom . Sharing  house  even fine . Around Dehiwala ,mountÂ",False,0,,2021-02-22 19:03:10,False,,1363927329148260356,,"<a href=""http://twitter.com/download/iphone"" rel=""nofollow"">Twitter for iPhone</a>",GotukolaMallum,31,True,False,,
59,59,60,Aquity solutions  CHIL SEZ Keeranatham actively hiring freshers  1year experienced 'Data Associate'   MT coÂ https://.co/pq7qoC6e7X,False,1,,2021-02-22 16:35:35,True,,1363890187298693126,,"<a href=""http://twitter.com/download/android"" rel=""nofollow"">Twitter for Android</a>",patrictweets,1,False,False,,
60,60,61,"RT @ashroxx: Is   Galle - Kataragama Highway bus? Where  I find  schedule?

#help #lka",False,0,,2021-02-22 16:14:24,False,,1363884856170606593,,"<a href=""http://twitter.com/download/iphone"" rel=""nofollow"">Twitter for iPhone</a>",Lovely_Paba,3,True,False,,
61,61,62,"Is   Galle - Kataragama Highway bus? Where  I find  schedule?

#help #lka",False,2,,2021-02-22 16:11:28,False,,1363884118006587397,,"<a href=""https://mobile.twitter.com"" rel=""nofollow"">Twitter Web App</a>",ashroxx,3,False,False,,
62,62,63,"RT @ChuTneyPuDi: My friend' father needs  get  Liver Stent,  treatment cost  huge   family  falling short  funds. If Â",False,0,,2021-02-22 15:39:15,False,,1363876010593189890,,"<a href=""https://mobile.twitter.com"" rel=""nofollow"">Twitter Web App</a>",AbhiNAIK99,24,True,False,,
63,63,64,"RT @ChuTneyPuDi: My friend' father needs  get  Liver Stent,  treatment cost  huge   family  falling short  funds. If Â",False,0,,2021-02-22 15:39:00,False,,1363875947657580547,,"<a href=""http://twitter.com/download/android"" rel=""nofollow"">Twitter for Android</a>",ashwinmurthy,24,True,False,,
64,64,65,Does anyone   MagSafe 2 charger ' like  sell/give away? #lka #help,False,3,,2021-02-22 15:18:49,False,,1363870870498811908,,"<a href=""https://mobile.twitter.com"" rel=""nofollow"">Twitter Web App</a>",thamaraxyz,0,False,False,,
65,65,66,RT @ravinhwg: Anybody  knows eslint? #help,False,0,,2021-02-22 14:01:22,False,,1363851379010248706,,"<a href=""http://twitter.com/download/android"" rel=""nofollow"">Twitter for Android</a>",thejanwic,2,True,False,,
66,66,67,RT @ravinhwg: Anybody  knows eslint? #help,False,0,,2021-02-22 13:34:09,False,,1363844530328408067,,"<a href=""http://twitter.com/download/android"" rel=""nofollow"">Twitter for Android</a>",Vimukthi_93,2,True,False,,
67,67,68,Anybody  knows eslint? #help,False,3,,2021-02-22 13:32:32,False,,1363844121509523463,,"<a href=""https://mobile.twitter.com"" rel=""nofollow"">Twitter Web App</a>",ravinhwg,2,False,False,,
68,68,69,RT @Ruwanthi77: Anyone  Sampath Bank? I   issue   password self unlock  #help <f0><U+009F><U+0099><U+0088>,False,0,,2021-02-22 12:55:58,False,,1363834919357612034,,"<a href=""http://twitter.com/download/android"" rel=""nofollow"">Twitter for Android</a>",NotRomesh,3,True,False,,
69,69,70,"RT @ChuTneyPuDi: My friend' father needs  get  Liver Stent,  treatment cost  huge   family  falling short  funds. If Â",False,0,,2021-02-22 12:53:57,False,,1363834412681416708,,"<a href=""http://twitter.com/download/android"" rel=""nofollow"">Twitter for Android</a>",Pradeep35738783,24,True,False,,
70,70,71,Anyone  Sampath Bank? I   issue   password self unlock  #help <f0><U+009F><U+0099><U+0088>,False,7,,2021-02-22 12:01:55,False,,1363821318362161155,,"<a href=""http://twitter.com/download/iphone"" rel=""nofollow"">Twitter for iPhone</a>",Ruwanthi77,3,False,False,,
71,71,72,"RT @ChuTneyPuDi: My friend' father needs  get  Liver Stent,  treatment cost  huge   family  falling short  funds. If Â",False,0,,2021-02-22 09:08:15,False,,1363777615337648138,,"<a href=""http://twitter.com/download/android"" rel=""nofollow"">Twitter for Android</a>",SowmyaRavi6,24,True,False,,
72,72,73,"RT @ChuTneyPuDi: My friend' father needs  get  Liver Stent,  treatment cost  huge   family  falling short  funds. If Â",False,0,,2021-02-22 08:36:10,False,,1363769540744671236,,"<a href=""http://twitter.com/download/android"" rel=""nofollow"">Twitter for Android</a>",hemanthrao11,24,True,False,,
73,73,74,"RT @ChuTneyPuDi: My friend' father needs  get  Liver Stent,  treatment cost  huge   family  falling short  funds. If Â",False,0,,2021-02-22 07:43:32,False,,1363756292917977096,,"<a href=""http://twitter.com/download/iphone"" rel=""nofollow"">Twitter for iPhone</a>",samyuktahornad,24,True,False,,
74,74,75,"RT @ChuTneyPuDi: My friend' father needs  get  Liver Stent,  treatment cost  huge   family  falling short  funds. If Â",False,0,,2021-02-22 07:19:45,False,,1363750309856567297,,"<a href=""http://twitter.com/download/android"" rel=""nofollow"">Twitter for Android</a>",aadharamos,24,True,False,,
75,75,76,"RT @ChuTneyPuDi: My friend' father needs  get  Liver Stent,  treatment cost  huge   family  falling short  funds. If Â",False,0,,2021-02-22 07:11:35,False,,1363748252718272514,,"<a href=""http://twitter.com/download/iphone"" rel=""nofollow"">Twitter for iPhone</a>",rakshitshetty,24,True,False,,
76,76,77,"RT @ChuTneyPuDi: My friend' father needs  get  Liver Stent,  treatment cost  huge   family  falling short  funds. If Â",False,0,,2021-02-22 07:07:39,False,,1363747265106509826,,"<a href=""http://twitter.com/download/android"" rel=""nofollow"">Twitter for Android</a>",BurgerrB,24,True,False,,
77,77,78,"My friend' father needs  get  Liver Stent,  treatment cost  huge   family  falling short  funds.Â https://.co/2WeRDj47XY",False,109,,2021-02-22 06:59:12,True,,1363745136346193923,,"<a href=""https://mobile.twitter.com"" rel=""nofollow"">Twitter Web App</a>",ChuTneyPuDi,24,False,False,,
78,78,79,"whatsapp integration using PHP.

anybody ???

#help #plsRT",False,0,,2021-02-22 06:50:50,False,,1363743033053782016,,"<a href=""https://mobile.twitter.com"" rel=""nofollow"">Twitter Web App</a>",iamthachar,0,False,False,,
79,79,80,"""Until one  loved  animal,  part  one' soul remains unawakened."" - Anatole France

#MondayMotivationÂ https://.co/rZgg4lWL1i",False,10,,2021-02-22 04:21:46,True,,1363705519173591043,,"<a href=""http://twitter.com/download/android"" rel=""nofollow"">Twitter for Android</a>",SENTHILSSK1982,2,False,False,,
80,80,81,Got  call   baby  got injured. Went   rescued  baby   help   shelter boys  taÂ https://.co/aIwaSRMgPI,False,27,,2021-02-22 01:50:41,True,,1363667495660388352,,"<a href=""http://twitter.com/download/android"" rel=""nofollow"">Twitter for Android</a>",SENTHILSSK1982,11,False,False,,
81,81,82,@UberEats @Uber Made  order  Uber Eats  '     hour   order  still  processing staÂ https://.co/gFlLNlUexm,False,1,UberEats,2021-02-21 15:46:44,True,,1363515506423029767,3100005042.0,"<a href=""https://mobile.twitter.com"" rel=""nofollow"">Twitter Web App</a>",thidasapankaja,0,False,False,,
82,82,83,Can anyone help  getting  District Medical Officer  MOH district office medical certificate  employment purÂ https://.co/T1gG6JgxhI,False,0,,2021-02-21 14:55:33,True,,1363502626302615552,,"<a href=""https://mobile.twitter.com"" rel=""nofollow"">Twitter Web App</a>",Sachin94,0,False,False,,
83,83,84,"RT @SulthanOfTweet: Anyone knows   fix ?
#Help https://.co/7WSFQ38DSb",False,0,,2021-02-21 14:41:11,False,,1363499009852071947,,"<a href=""http://twitter.com/download/iphone"" rel=""nofollow"">Twitter for iPhone</a>",dkparamee,1,True,False,,
84,84,85,"Anyone knows   fix ?
#Help https://.co/7WSFQ38DSb",False,1,,2021-02-21 14:23:21,False,,1363494522030755840,,"<a href=""http://twitter.com/download/android"" rel=""nofollow"">Twitter for Android</a>",SulthanOfTweet,1,False,False,,
85,85,86,"RT @Ammatasirii: Looking   annex  rent . Single bed room, kitchen , bathroom . Sharing  house  even fine . Around Dehiwala ,mountÂ",False,0,,2021-02-21 08:32:52,False,,1363406323082166272,,"<a href=""http://twitter.com/download/android"" rel=""nofollow"">Twitter for Android</a>",Oshila123,31,True,False,,
86,86,87,"RT @Ammatasirii: Looking   annex  rent . Single bed room, kitchen , bathroom . Sharing  house  even fine . Around Dehiwala ,mountÂ",False,0,,2021-02-21 05:52:05,False,,1363365858882461700,,"<a href=""http://twitter.com/download/android"" rel=""nofollow"">Twitter for Android</a>",ItsmeSuppa,31,True,False,,
87,87,88,"RT @Ammatasirii: Looking   annex  rent . Single bed room, kitchen , bathroom . Sharing  house  even fine . Around Dehiwala ,mountÂ",False,0,,2021-02-21 05:10:40,False,,1363355433956610049,,"<a href=""http://twitter.com/download/android"" rel=""nofollow"">Twitter for Android</a>",4shade17,31,True,False,,
88,88,89,"RT @Ammatasirii: Looking   annex  rent . Single bed room, kitchen , bathroom . Sharing  house  even fine . Around Dehiwala ,mountÂ",False,0,,2021-02-21 04:56:17,False,,1363351818252652548,,"<a href=""http://twitter.com/download/iphone"" rel=""nofollow"">Twitter for iPhone</a>",heyitsmindyyy,31,True,False,,
89,89,90,"RT @Ammatasirii: Looking   annex  rent . Single bed room, kitchen , bathroom . Sharing  house  even fine . Around Dehiwala ,mountÂ",False,0,,2021-02-21 04:22:07,False,,1363343218197204995,,"<a href=""http://twitter.com/download/android"" rel=""nofollow"">Twitter for Android</a>",accioaccount,31,True,False,,
90,90,91,#Respect #help   https://.co/GbWdf3gIqY,False,0,,2021-02-21 03:26:17,False,,1363329169044594690,,"<a href=""http://twitter.com/download/iphone"" rel=""nofollow"">Twitter for iPhone</a>",Nishath143,0,False,False,,
91,91,92,"RT @Ammatasirii: Looking   annex  rent . Single bed room, kitchen , bathroom . Sharing  house  even fine . Around Dehiwala ,mountÂ",False,0,,2021-02-21 03:04:30,False,,1363323683981258753,,"<a href=""http://twitter.com/download/android"" rel=""nofollow"">Twitter for Android</a>",huzefa_hamid,31,True,False,,
92,92,93,"RT @Ammatasirii: Looking   annex  rent . Single bed room, kitchen , bathroom . Sharing  house  even fine . Around Dehiwala ,mountÂ",False,0,,2021-02-21 02:30:46,False,,1363315195242680328,,"<a href=""http://twitter.com/download/iphone"" rel=""nofollow"">Twitter for iPhone</a>",maashimellows,31,True,False,,
93,93,94,"RT @Ammatasirii: Looking   annex  rent . Single bed room, kitchen , bathroom . Sharing  house  even fine . Around Dehiwala ,mountÂ",False,0,,2021-02-20 22:24:53,False,,1363253316302503941,,"<a href=""http://twitter.com/download/android"" rel=""nofollow"">Twitter for Android</a>",sharond_s,31,True,False,,
94,94,95,"RT @Ammatasirii: Looking   annex  rent . Single bed room, kitchen , bathroom . Sharing  house  even fine . Around Dehiwala ,mountÂ",False,0,,2021-02-20 20:33:32,False,,1363225296036593666,,"<a href=""https://mobile.twitter.com"" rel=""nofollow"">Twitter Web App</a>",brollieonmyhead,31,True,False,,
95,95,96,"RT @Ammatasirii: Looking   annex  rent . Single bed room, kitchen , bathroom . Sharing  house  even fine . Around Dehiwala ,mountÂ",False,0,,2021-02-20 19:09:31,False,,1363204149605621761,,"<a href=""http://twitter.com/download/iphone"" rel=""nofollow"">Twitter for iPhone</a>",MistressofTomes,31,True,False,,
96,96,97,"RT @Ammatasirii: Looking   annex  rent . Single bed room, kitchen , bathroom . Sharing  house  even fine . Around Dehiwala ,mountÂ",False,0,,2021-02-20 19:03:10,False,,1363202553937207297,,"<a href=""http://twitter.com/download/android"" rel=""nofollow"">Twitter for Android</a>",januka91,31,True,False,,
97,97,98,"RT @Ammatasirii: Looking   annex  rent . Single bed room, kitchen , bathroom . Sharing  house  even fine . Around Dehiwala ,mountÂ",False,0,,2021-02-20 18:42:24,False,,1363197325791821827,,"<a href=""http://twitter.com/download/android"" rel=""nofollow"">Twitter for Android</a>",abhishrekkk,31,True,False,,
98,98,99,"RT @Ammatasirii: Looking   annex  rent . Single bed room, kitchen , bathroom . Sharing  house  even fine . Around Dehiwala ,mountÂ",False,0,,2021-02-20 18:30:15,False,,1363194270664908801,,"<a href=""https://mobile.twitter.com"" rel=""nofollow"">Twitter Web App</a>",CrazyNalin,31,True,False,,
99,99,100,"RT @Ammatasirii: Looking   annex  rent . Single bed room, kitchen , bathroom . Sharing  house  even fine . Around Dehiwala ,mountÂ",False,0,,2021-02-20 18:21:59,False,,1363192190915076097,,"<a href=""https://mobile.twitter.com"" rel=""nofollow"">Twitter Web App</a>",milzybud,31,True,False,,
100,100,101,"RT @Ammatasirii: Looking   annex  rent . Single bed room, kitchen , bathroom . Sharing  house  even fine . Around Dehiwala ,mountÂ",False,0,,2021-02-20 18:18:36,False,,1363191337017819139,,"<a href=""http://twitter.com/download/iphone"" rel=""nofollow"">Twitter for iPhone</a>",SchWino,31,True,False,,
101,101,102,"RT @Ammatasirii: Looking   annex  rent . Single bed room, kitchen , bathroom . Sharing  house  even fine . Around Dehiwala ,mountÂ",False,0,,2021-02-20 18:11:02,False,,1363189434858962950,,"<a href=""http://twitter.com/download/android"" rel=""nofollow"">Twitter for Android</a>",blaqfyre_,31,True,False,,
102,102,103,"RT @Ammatasirii: Looking   annex  rent . Single bed room, kitchen , bathroom . Sharing  house  even fine . Around Dehiwala ,mountÂ",False,0,,2021-02-20 18:09:15,False,,1363188985162424322,,"<a href=""http://twitter.com/download/android"" rel=""nofollow"">Twitter for Android</a>",wutdfark,31,True,False,,
103,103,104,"RT @Ammatasirii: Looking   annex  rent . Single bed room, kitchen , bathroom . Sharing  house  even fine . Around Dehiwala ,mountÂ",False,0,,2021-02-20 18:08:47,False,,1363188865624727554,,"<a href=""http://twitter.com/download/android"" rel=""nofollow"">Twitter for Android</a>",ThiranjaJ,31,True,False,,
104,104,105,"RT @Ammatasirii: Looking   annex  rent . Single bed room, kitchen , bathroom . Sharing  house  even fine . Around Dehiwala ,mountÂ",False,0,,2021-02-20 17:48:39,False,,1363183801409495046,,"<a href=""https://mobile.twitter.com"" rel=""nofollow"">Twitter Web App</a>",rangitha,31,True,False,,
105,105,106,"RT @Ammatasirii: Looking   annex  rent . Single bed room, kitchen , bathroom . Sharing  house  even fine . Around Dehiwala ,mountÂ",False,0,,2021-02-20 17:41:14,False,,1363181935976095747,,"<a href=""https://about.twitter.com/products/tweetdeck"" rel=""nofollow"">TweetDeck</a>",SashenMe,31,True,False,,
106,106,107,"RT @Ammatasirii: Looking   annex  rent . Single bed room, kitchen , bathroom . Sharing  house  even fine . Around Dehiwala ,mountÂ",False,0,,2021-02-20 17:41:06,False,,1363181900496474115,,"<a href=""http://twitter.com/download/iphone"" rel=""nofollow"">Twitter for iPhone</a>",AmanaIflal,31,True,False,,
107,107,108,"RT @Ammatasirii: Looking   annex  rent . Single bed room, kitchen , bathroom . Sharing  house  even fine . Around Dehiwala ,mountÂ",False,0,,2021-02-20 17:35:48,False,,1363180566393221120,,"<a href=""http://twitter.com/download/android"" rel=""nofollow"">Twitter for Android</a>",KazGirl20,31,True,False,,
108,108,109,"RT @Ammatasirii: Looking   annex  rent . Single bed room, kitchen , bathroom . Sharing  house  even fine . Around Dehiwala ,mountÂ",False,0,,2021-02-20 17:35:37,False,,1363180520356503560,,"<a href=""http://twitter.com/download/android"" rel=""nofollow"">Twitter for Android</a>",Estelle_Vasude1,31,True,False,,
109,109,110,"RT @Ammatasirii: Looking   annex  rent . Single bed room, kitchen , bathroom . Sharing  house  even fine . Around Dehiwala ,mountÂ",False,0,,2021-02-20 17:32:18,False,,1363179687464198147,,"<a href=""http://twitter.com/download/android"" rel=""nofollow"">Twitter for Android</a>",MiyuruhansiS,31,True,False,,
110,110,111,"RT @Ammatasirii: Looking   annex  rent . Single bed room, kitchen , bathroom . Sharing  house  even fine . Around Dehiwala ,mountÂ",False,0,,2021-02-20 17:29:22,False,,1363178947236700162,,"<a href=""http://twitter.com/download/iphone"" rel=""nofollow"">Twitter for iPhone</a>",nHiRanZ,31,True,False,,
111,111,112,"RT @Ammatasirii: Looking   annex  rent . Single bed room, kitchen , bathroom . Sharing  house  even fine . Around Dehiwala ,mountÂ",False,0,,2021-02-20 17:27:36,False,,1363178502011420674,,"<a href=""http://twitter.com/download/android"" rel=""nofollow"">Twitter for Android</a>",Annnuza,31,True,False,,
112,112,113,"RT @Ammatasirii: Looking   annex  rent . Single bed room, kitchen , bathroom . Sharing  house  even fine . Around Dehiwala ,mountÂ",False,0,,2021-02-20 17:27:17,False,,1363178424223756289,,"<a href=""http://twitter.com/download/iphone"" rel=""nofollow"">Twitter for iPhone</a>",rusiya_,31,True,False,,
113,113,114,"RT @Ammatasirii: Looking   annex  rent . Single bed room, kitchen , bathroom . Sharing  house  even fine . Around Dehiwala ,mountÂ",False,0,,2021-02-20 17:26:34,False,,1363178241847009282,,"<a href=""https://mobile.twitter.com"" rel=""nofollow"">Twitter Web App</a>",dil_jayarathne,31,True,False,,
114,114,115,"RT @Ammatasirii: Looking   annex  rent . Single bed room, kitchen , bathroom . Sharing  house  even fine . Around Dehiwala ,mountÂ",False,0,,2021-02-20 17:25:47,False,,1363178045977190403,,"<a href=""https://mobile.twitter.com"" rel=""nofollow"">Twitter Web App</a>",__Methmal,31,True,False,,
115,115,116,"Looking   annex  rent . Single bed room, kitchen , bathroom . Sharing  house  even fine . Around DehiwalaÂ https://.co/qz3u73PzR8",False,28,,2021-02-20 17:25:09,True,,1363177886765641730,,"<a href=""http://twitter.com/download/iphone"" rel=""nofollow"">Twitter for iPhone</a>",Ammatasirii,31,False,False,,
116,116,117,"RT @Morpeasmonk: Any screen capturing(video) tools without watermark  recording icon  mobile.

#Help

#VaathiComing #AA21 #CookWithComÂ",False,0,,2021-02-20 07:29:29,False,,1363027981103292416,,"<a href=""https://mobile.twitter.com"" rel=""nofollow"">Twitter Web App</a>",Bantu_gadu_135,1,True,False,,
117,117,118,"Any screen capturing(video) tools without watermark  recording icon  mobile.

#Help

#VaathiComing #AA21Â https://.co/q3IHtBTqxr",False,1,,2021-02-20 06:30:36,True,,1363013163822714880,,"<a href=""http://twitter.com/download/android"" rel=""nofollow"">Twitter for Android</a>",Morpeasmonk,1,False,False,,
118,118,119,@googlenexus 4a    stock  #lka  Please let  know   know  store. #Help #Nexus,False,0,googlenexus,2021-02-20 05:36:53,False,,1362999644620394499,207773069.0,"<a href=""http://twitter.com/download/android"" rel=""nofollow"">Twitter for Android</a>",raviyasas,0,False,False,,
119,119,120,"Tweeps, anyone using  dialog prepaid connection  credit  expiring   given time period? #Help",False,2,,2021-02-20 03:50:32,False,,1362972880506556417,,"<a href=""http://twitter.com/download/iphone"" rel=""nofollow"">Twitter for iPhone</a>",erangatennakoon,0,False,False,,
120,120,121,@Patymkaro @PatymBank @vijayshekhar @Paytm fraudulence  patym.. #help  track   fraud..  @PatymBankÂ https://.co/MR7BIbVu4d,False,0,,2021-02-19 19:38:18,True,,1362849005919592448,,"<a href=""http://twitter.com/download/android"" rel=""nofollow"">Twitter for Android</a>",NimaManoharan,0,False,False,,
121,121,122,"RT @GayumiKW: Guys '   big help    like  three posts  fb!<f0><U+009F><U+0098><U+008C> JUST THESE THREE POSTS!

House Baratheon
ÂAnuja Dampriya -Â",False,0,,2021-02-19 07:54:54,False,,1362671992227262468,,"<a href=""http://twitter.com/download/android"" rel=""nofollow"">Twitter for Android</a>",kaviiiiisha,4,True,False,,
122,122,123,RT @tikirimaarie: Anyone ordered items  https://.co/RGswGLW7vJ ? <f0><U+009F><U+0091><U+0080> #help #RT,False,0,,2021-02-19 07:52:43,False,,1362671441888436224,,"<a href=""http://twitter.com/download/android"" rel=""nofollow"">Twitter for Android</a>",Vimukthi_93,11,True,False,,
123,123,124,"RT @Colombo_Ladyy: A'ight! I   desperate need  help. 
Dear SL Med Twitter, 
could  help   recommending hematologists  SriÂ",False,0,,2021-02-19 06:45:15,False,,1362654461617823750,,"<a href=""http://twitter.com/download/android"" rel=""nofollow"">Twitter for Android</a>",spudsyallday,16,True,False,,
124,124,125,"RT @GayumiKW: Guys '   big help    like  three posts  fb!<f0><U+009F><U+0098><U+008C> JUST THESE THREE POSTS!

House Baratheon
ÂAnuja Dampriya -Â",False,0,,2021-02-19 06:24:33,False,,1362649251839283205,,"<a href=""http://twitter.com/download/android"" rel=""nofollow"">Twitter for Android</a>",basura11_,4,True,False,,
125,125,126,"RT @GayumiKW: Guys '   big help    like  three posts  fb!<f0><U+009F><U+0098><U+008C> JUST THESE THREE POSTS!

House Baratheon
ÂAnuja Dampriya -Â",False,0,,2021-02-19 06:01:03,False,,1362643340286595075,,"<a href=""http://twitter.com/download/android"" rel=""nofollow"">Twitter for Android</a>",Sedona_B,4,True,False,,
126,126,127,"RT @GayumiKW: Guys '   big help    like  three posts  fb!<f0><U+009F><U+0098><U+008C> JUST THESE THREE POSTS!

House Baratheon
ÂAnuja Dampriya -Â",False,0,,2021-02-19 06:00:44,False,,1362643259005181957,,"<a href=""https://mobile.twitter.com"" rel=""nofollow"">Twitter Web App</a>",chamath_er,4,True,False,,
127,127,128,"Guys '   big help    like  three posts  fb!<f0><U+009F><U+0098><U+008C> JUST THESE THREE POSTS!

House Baratheon
ÂAnuja DÂ https://.co/QT54il0cKi",False,16,,2021-02-19 06:00:08,True,,1362643108513468420,,"<a href=""http://twitter.com/download/android"" rel=""nofollow"">Twitter for Android</a>",GayumiKW,4,False,False,,
128,128,129,Does anyone knows anything  CHAINS band  INC band? <f0><U+009F><U+0098><U+0087> #RT #help,False,1,,2021-02-19 05:48:22,False,,1362640147599085568,,"<a href=""http://twitter.com/download/iphone"" rel=""nofollow"">Twitter for iPhone</a>",Ruwanthi77,0,False,False,,
129,129,130,Can anyone send   link  watch  fifty shades movie <f0><U+009F><U+0098><U+0081><U+2764><U+FE0F> #help #RT,False,6,,2021-02-19 03:36:38,False,,1362606996202004482,,"<a href=""http://twitter.com/download/android"" rel=""nofollow"">Twitter for Android</a>",ItsMeKande,0,False,False,,
130,130,131,RT @tikirimaarie: Anyone ordered items  https://.co/RGswGLW7vJ ? <f0><U+009F><U+0091><U+0080> #help #RT,False,0,,2021-02-19 00:10:00,False,,1362554994914811904,,"<a href=""http://twitter.com/download/android"" rel=""nofollow"">Twitter for Android</a>",Dr_Alien_,11,True,False,,
131,131,132,RT @tikirimaarie: Anyone ordered items  https://.co/RGswGLW7vJ ? <f0><U+009F><U+0091><U+0080> #help #RT,False,0,,2021-02-18 18:45:58,False,,1362473447259967488,,"<a href=""http://twitter.com/download/android"" rel=""nofollow"">Twitter for Android</a>",YasithDanushka,11,True,False,,
132,132,133,"RT @Colombo_Ladyy: A'ight! I   desperate need  help. 
Dear SL Med Twitter, 
could  help   recommending hematologists  SriÂ",False,0,,2021-02-18 18:23:25,False,,1362467775801823236,,"<a href=""http://twitter.com/download/iphone"" rel=""nofollow"">Twitter for iPhone</a>",zzzzzeinab,16,True,False,,
133,133,134,RT @tikirimaarie: Anyone ordered items  https://.co/RGswGLW7vJ ? <f0><U+009F><U+0091><U+0080> #help #RT,False,0,,2021-02-18 15:02:24,False,,1362417187764330503,,"<a href=""http://twitter.com/download/android"" rel=""nofollow"">Twitter for Android</a>",annethekat,11,True,False,,
134,134,135,RT @tikirimaarie: Anyone ordered items  https://.co/RGswGLW7vJ ? <f0><U+009F><U+0091><U+0080> #help #RT,False,0,,2021-02-18 14:50:01,False,,1362414070440230915,,"<a href=""http://twitter.com/download/android"" rel=""nofollow"">Twitter for Android</a>",uruzikal,11,True,False,,
135,135,136,RT @tikirimaarie: Anyone ordered items  https://.co/RGswGLW7vJ ? <f0><U+009F><U+0091><U+0080> #help #RT,False,0,,2021-02-18 14:35:11,False,,1362410339116146692,,"<a href=""http://twitter.com/download/android"" rel=""nofollow"">Twitter for Android</a>",GayumiKW,11,True,False,,
136,136,137,RT @tikirimaarie: Anyone ordered items  https://.co/RGswGLW7vJ ? <f0><U+009F><U+0091><U+0080> #help #RT,False,0,,2021-02-18 14:33:13,False,,1362409842493718529,,"<a href=""http://twitter.com/download/iphone"" rel=""nofollow"">Twitter for iPhone</a>",sara_sach,11,True,False,,
137,137,138,RT @tikirimaarie: Anyone ordered items  https://.co/RGswGLW7vJ ? <f0><U+009F><U+0091><U+0080> #help #RT,False,0,,2021-02-18 14:31:35,False,,1362409432303480837,,"<a href=""https://mobile.twitter.com"" rel=""nofollow"">Twitter Web App</a>",Rasikalink,11,True,False,,
138,138,139,RT @tikirimaarie: Anyone ordered items  https://.co/RGswGLW7vJ ? <f0><U+009F><U+0091><U+0080> #help #RT,False,0,,2021-02-18 14:30:37,False,,1362409188991860745,,"<a href=""https://mobile.twitter.com"" rel=""nofollow"">Twitter Web App</a>",kaviiiiisha,11,True,False,,
139,139,140,RT @tikirimaarie: Anyone ordered items  https://.co/RGswGLW7vJ ? <f0><U+009F><U+0091><U+0080> #help #RT,False,0,,2021-02-18 14:29:42,False,,1362408958418378754,,"<a href=""http://twitter.com/download/android"" rel=""nofollow"">Twitter for Android</a>",__Methmal,11,True,False,,
140,140,141,Anyone ordered items  https://.co/RGswGLW7vJ ? <f0><U+009F><U+0091><U+0080> #help #RT,False,26,,2021-02-18 14:28:59,False,,1362408777505525773,,"<a href=""http://twitter.com/download/android"" rel=""nofollow"">Twitter for Android</a>",tikirimaarie,11,False,False,,
