,,,text,favorited,favoriteCount,replyToSN,created,truncated,replyToSID,id,replyToUID,statusSource,screenName,retweetCount,isRetweet,retweeted,longitude,latitude
0,0,1,"Sunny Beach Side.
#sunshine #beach #beachside #sunnyday #sandy #nature #naturelovers #naturephotography #keralaÂ https://.co/0FsveCC5Kh",False,1,,2021-02-12 00:46:54,True,,1360027565264490496,,"<a href=""https://mobile.twitter.com"" rel=""nofollow"">Twitter Web App</a>",iypetomson,0,False,False,,
1,1,2,"Meditation Hall   International Departure Security Hold Area <f0><U+009F><U+0092><U+0097><f0><U+009F><U+008C><U+00B9>

@AAI_Official @MoCA_GoI @DGCAIndiaÂ https://.co/WwXRCX1GZl",False,4,,2021-02-05 11:13:32,True,,1357648548200779778,,"<a href=""http://twitter.com/download/android"" rel=""nofollow"">Twitter for Android</a>",aaiclcairport,1,False,False,,
