,,,text,favorited,favoriteCount,replyToSN,created,truncated,replyToSID,id,replyToUID,statusSource,screenName,retweetCount,isRetweet,retweeted,longitude,latitude
0,0,1,"RT @bro_345: New one <f0><U+009F><U+0098><U+0084><U+2728>
https://.co/udAW1I4f9x

#musical #meditate #musicians #musiclovers #musicislife #flute #krishna #gokulam #meditatiÂ",False,0,,2021-01-05 06:56:07,False,,1346349745325961216,,,JrMeditation,1,True,False,,
1,1,2,"New one <f0><U+009F><U+0098><U+0084><U+2728>
https://.co/udAW1I4f9x

#musical #meditate #musicians #musiclovers #musicislife #flute #krishnaÂ https://.co/vTTFVUYaaQ",False,0,,2021-01-05 06:54:07,True,,1346349241170464768,,"<a href=""http://twitter.com/download/android"" rel=""nofollow"">Twitter for Android</a>",bro_345,1,False,False,,
2,2,3,"https://.co/QEV7vMiyi5
Click   link  please watch ...
Meditation Music...
@6.30Am today premiering...Â https://.co/Jsunc36PeT",False,1,,2021-01-05 01:10:29,True,,1346262763769720834,,"<a href=""http://twitter.com/download/android"" rel=""nofollow"">Twitter for Android</a>",TamilandaInfo,0,False,False,,
