,,,text,favorited,favoriteCount,replyToSN,created,truncated,replyToSID,id,replyToUID,statusSource,screenName,retweetCount,isRetweet,retweeted,longitude,latitude
0,0,1,"https://.co/sNmXghDGQI
click    link  please watch ...
@7.00Pm today Premiering...
Calm Flute MusicÂ https://.co/EYFHA3D3CF",False,0,,2021-01-13 01:52:03,True,,1349172326651158534,,"<a href=""http://twitter.com/download/android"" rel=""nofollow"">Twitter for Android</a>",TamilandaInfo,0,False,False,,
1,1,2,"https://.co/rMfY9Dyq74
Click   link  please watch ...
Relaxing Calm Music...
Today premiering ...
TÂ https://.co/Ub5MlgwuFX",False,0,,2021-01-09 08:24:41,True,,1347821582513696769,,"<a href=""http://twitter.com/download/android"" rel=""nofollow"">Twitter for Android</a>",TamilandaInfo,0,False,False,,
2,2,3,"RT @iypetomson: Sunrise River Reflections.
#sunrise #reflections #nature #NaturePhotography #tropical #CALM #goodvibes https://.co/I2Li55HÂ",False,0,,2021-01-08 22:30:45,False,,1347672117245071362,,"<a href=""http://twitter.com/download/android"" rel=""nofollow"">Twitter for Android</a>",KaliTravel,1,True,False,,
