,,,text,favorited,favoriteCount,replyToSN,created,truncated,replyToSID,id,replyToUID,statusSource,screenName,retweetCount,isRetweet,retweeted,longitude,latitude
0,0,1,"https://.co/GExYc4jfyZ
Click     link  watch ...
Calm piano music...
Thanks  watching keep suÂ https://.co/Vll2dwdLd3",False,0,,2021-02-14 00:20:21,True,,1360745658680926210,,"<a href=""http://twitter.com/download/android"" rel=""nofollow"">Twitter for Android</a>",TamilandaInfo,0,False,False,,
1,1,2,"Sunny Beach Side.
#sunshine #beach #beachside #sunnyday #sandy #nature #naturelovers #naturephotography #keralaÂ https://.co/0FsveCC5Kh",False,1,,2021-02-12 00:46:54,True,,1360027565264490496,,"<a href=""https://mobile.twitter.com"" rel=""nofollow"">Twitter Web App</a>",iypetomson,0,False,False,,
