,,,text,favorited,favoriteCount,replyToSN,created,truncated,replyToSID,id,replyToUID,statusSource,screenName,retweetCount,isRetweet,retweeted,longitude,latitude
0,0,1,"https://.co/QEV7vMiyi5
Click   link  please watch ...
Meditation Music...
@6.30Am today premiering...Â https://.co/Jsunc36PeT",False,1,,2021-01-05 01:10:29,True,,1346262763769720834,,"<a href=""http://twitter.com/download/android"" rel=""nofollow"">Twitter for Android</a>",TamilandaInfo,0,False,False,,
1,1,2,"https://.co/0jEPN2uZ8V
Click   link  please watch ...
Calm Relaxing Music...
@11.00Am today premieringÂ https://.co/rit1BjSIRb",False,0,,2020-12-30 05:18:13,True,,1344150776982036481,,"<a href=""http://twitter.com/download/android"" rel=""nofollow"">Twitter for Android</a>",TamilandaInfo,0,False,False,,
2,2,3,#calm &amp; #cool captain #AjinkyaRahane well played <f0><U+009F><U+0091><U+008F><f0><U+009F><U+0091><U+008F> @ajinkyarahane88 @BCCI,False,0,,2020-12-29 03:52:14,False,,1343766754749640707,,"<a href=""http://twitter.com/download/android"" rel=""nofollow"">Twitter for Android</a>",avinash6123,0,False,False,,
3,3,4,"Our life  creation   mind.<f0><U+009F><U+00A4><U+008D>
Â
#peaceofmind #calm #Patience #positivity #judeelton https://.co/FyXttO0BK4",False,1,,2020-12-28 20:42:23,False,,1343658575650988032,,"<a href=""http://twitter.com/download/iphone"" rel=""nofollow"">Twitter for iPhone</a>",Judealton1,0,False,False,,
4,4,5,"RT @dhayaalagiri: Photo   day! <f0><U+009F><U+0098><U+008D>

#Rahane #MyTestCaptain #India #Calm #Composed https://.co/Jw83ECPJyI",False,0,,2020-12-28 06:30:22,False,,1343444161358249984,,"<a href=""http://twitter.com/download/android"" rel=""nofollow"">Twitter for Android</a>",megavettri,27,True,False,,
