,,,text,favorited,favoriteCount,replyToSN,created,truncated,replyToSID,id,replyToUID,statusSource,screenName,retweetCount,isRetweet,retweeted,longitude,latitude
0,0,1,"https://.co/0jEPN2uZ8V
Click   link  please watch ...
Calm Relaxing Music...
@11.00Am today premieringÂ https://.co/rit1BjSIRb",False,0,,2020-12-30 05:18:13,True,,1344150776982036481,,"<a href=""http://twitter.com/download/android"" rel=""nofollow"">Twitter for Android</a>",TamilandaInfo,0,False,False,,
1,1,2,#calm &amp; #cool captain #AjinkyaRahane well played <f0><U+009F><U+0091><U+008F><f0><U+009F><U+0091><U+008F> @ajinkyarahane88 @BCCI,False,0,,2020-12-29 03:52:14,False,,1343766754749640707,,"<a href=""http://twitter.com/download/android"" rel=""nofollow"">Twitter for Android</a>",avinash6123,0,False,False,,
2,2,3,"Our life  creation   mind.<f0><U+009F><U+00A4><U+008D>
Â
#peaceofmind #calm #Patience #positivity #judeelton https://.co/FyXttO0BK4",False,0,,2020-12-28 20:42:23,False,,1343658575650988032,,"<a href=""http://twitter.com/download/iphone"" rel=""nofollow"">Twitter for iPhone</a>",Judealton1,0,False,False,,
3,3,4,"RT @dhayaalagiri: Photo   day! <f0><U+009F><U+0098><U+008D>

#Rahane #MyTestCaptain #India #Calm #Composed https://.co/Jw83ECPJyI",False,0,,2020-12-28 06:30:22,False,,1343444161358249984,,"<a href=""http://twitter.com/download/android"" rel=""nofollow"">Twitter for Android</a>",megavettri,27,True,False,,
4,4,5,"RT @dhayaalagiri: Photo   day! <f0><U+009F><U+0098><U+008D>

#Rahane #MyTestCaptain #India #Calm #Composed https://.co/Jw83ECPJyI",False,0,,2020-12-28 02:29:46,False,,1343383612419309568,,"<a href=""http://twitter.com/download/android"" rel=""nofollow"">Twitter for Android</a>",manitheepan123,27,True,False,,
5,5,6,"RT @dhayaalagiri: Photo   day! <f0><U+009F><U+0098><U+008D>

#Rahane #MyTestCaptain #India #Calm #Composed https://.co/Jw83ECPJyI",False,0,,2020-12-28 02:08:52,False,,1343378352502030337,,"<a href=""http://twitter.com/download/android"" rel=""nofollow"">Twitter for Android</a>",PKJillu,27,True,False,,
6,6,7,"RT @dhayaalagiri: Photo   day! <f0><U+009F><U+0098><U+008D>

#Rahane #MyTestCaptain #India #Calm #Composed https://.co/Jw83ECPJyI",False,0,,2020-12-27 21:41:27,False,,1343311054424612864,,"<a href=""http://twitter.com/download/android"" rel=""nofollow"">Twitter for Android</a>",Billa_1985,27,True,False,,
7,7,8,"RT @dhayaalagiri: Photo   day! <f0><U+009F><U+0098><U+008D>

#Rahane #MyTestCaptain #India #Calm #Composed https://.co/Jw83ECPJyI",False,0,,2020-12-27 17:47:19,False,,1343252130581233664,,"<a href=""http://twitter.com/download/android"" rel=""nofollow"">Twitter for Android</a>",Tpt_balaji,27,True,False,,
8,8,9,"RT @dhayaalagiri: Photo   day! <f0><U+009F><U+0098><U+008D>

#Rahane #MyTestCaptain #India #Calm #Composed https://.co/Jw83ECPJyI",False,0,,2020-12-27 17:33:56,False,,1343248764723552257,,"<a href=""http://twitter.com/download/android"" rel=""nofollow"">Twitter for Android</a>",alagarsamy007,27,True,False,,
9,9,10,"RT @dhayaalagiri: Photo   day! <f0><U+009F><U+0098><U+008D>

#Rahane #MyTestCaptain #India #Calm #Composed https://.co/Jw83ECPJyI",False,0,,2020-12-27 15:28:30,False,,1343217197913579522,,"<a href=""http://twitter.com/download/android"" rel=""nofollow"">Twitter for Android</a>",Santhoshere,27,True,False,,
10,10,11,"RT @dhayaalagiri: Photo   day! <f0><U+009F><U+0098><U+008D>

#Rahane #MyTestCaptain #India #Calm #Composed https://.co/Jw83ECPJyI",False,0,,2020-12-27 14:49:33,False,,1343207396022206464,,"<a href=""http://twitter.com/download/android"" rel=""nofollow"">Twitter for Android</a>",pravinkumarmike,27,True,False,,
11,11,12,"RT @dhayaalagiri: Photo   day! <f0><U+009F><U+0098><U+008D>

#Rahane #MyTestCaptain #India #Calm #Composed https://.co/Jw83ECPJyI",False,0,,2020-12-27 14:41:51,False,,1343205458450866176,,"<a href=""http://twitter.com/download/android"" rel=""nofollow"">Twitter for Android</a>",vigneshvikky12,27,True,False,,
12,12,13,"RT @dhayaalagiri: Photo   day! <f0><U+009F><U+0098><U+008D>

#Rahane #MyTestCaptain #India #Calm #Composed https://.co/Jw83ECPJyI",False,0,,2020-12-27 14:28:15,False,,1343202037664632834,,"<a href=""http://twitter.com/download/android"" rel=""nofollow"">Twitter for Android</a>",a1g1_babu,27,True,False,,
13,13,14,"RT @dhayaalagiri: Photo   day! <f0><U+009F><U+0098><U+008D>

#Rahane #MyTestCaptain #India #Calm #Composed https://.co/Jw83ECPJyI",False,0,,2020-12-27 14:25:32,False,,1343201350977519622,,"<a href=""http://twitter.com/download/iphone"" rel=""nofollow"">Twitter for iPhone</a>",VgkanAnbu,27,True,False,,
14,14,15,"RT @dhayaalagiri: Photo   day! <f0><U+009F><U+0098><U+008D>

#Rahane #MyTestCaptain #India #Calm #Composed https://.co/Jw83ECPJyI",False,0,,2020-12-27 14:25:02,False,,1343201224489906176,,"<a href=""http://twitter.com/download/iphone"" rel=""nofollow"">Twitter for iPhone</a>",ridedinesh,27,True,False,,
15,15,16,"RT @dhayaalagiri: Photo   day! <f0><U+009F><U+0098><U+008D>

#Rahane #MyTestCaptain #India #Calm #Composed https://.co/Jw83ECPJyI",False,0,,2020-12-27 14:04:58,False,,1343196175525036036,,"<a href=""http://twitter.com/download/android"" rel=""nofollow"">Twitter for Android</a>",PriyankaJeyaraj,27,True,False,,
16,16,17,"RT @dhayaalagiri: Photo   day! <f0><U+009F><U+0098><U+008D>

#Rahane #MyTestCaptain #India #Calm #Composed https://.co/Jw83ECPJyI",False,0,,2020-12-27 13:09:14,False,,1343182152431587328,,"<a href=""http://twitter.com/download/android"" rel=""nofollow"">Twitter for Android</a>",Ram9606399786,27,True,False,,
17,17,18,"RT @dhayaalagiri: Photo   day! <f0><U+009F><U+0098><U+008D>

#Rahane #MyTestCaptain #India #Calm #Composed https://.co/Jw83ECPJyI",False,0,,2020-12-27 12:57:23,False,,1343179169564295169,,"<a href=""http://twitter.com/download/android"" rel=""nofollow"">Twitter for Android</a>",Thisiscsn,27,True,False,,
18,18,19,"RT @dhayaalagiri: Photo   day! <f0><U+009F><U+0098><U+008D>

#Rahane #MyTestCaptain #India #Calm #Composed https://.co/Jw83ECPJyI",False,0,,2020-12-27 12:35:25,False,,1343173641480011780,,"<a href=""http://twitter.com/download/iphone"" rel=""nofollow"">Twitter for iPhone</a>",handlebarluv,27,True,False,,
19,19,20,"RT @dhayaalagiri: Photo   day! <f0><U+009F><U+0098><U+008D>

#Rahane #MyTestCaptain #India #Calm #Composed https://.co/Jw83ECPJyI",False,0,,2020-12-27 12:21:44,False,,1343170198077988864,,"<a href=""http://twitter.com/download/android"" rel=""nofollow"">Twitter for Android</a>",SteynThaya,27,True,False,,
20,20,21,"RT @dhayaalagiri: Photo   day! <f0><U+009F><U+0098><U+008D>

#Rahane #MyTestCaptain #India #Calm #Composed https://.co/Jw83ECPJyI",False,0,,2020-12-27 11:52:39,False,,1343162875922137088,,"<a href=""http://twitter.com/download/android"" rel=""nofollow"">Twitter for Android</a>",Amluppa,27,True,False,,
21,21,22,"RT @dhayaalagiri: Photo   day! <f0><U+009F><U+0098><U+008D>

#Rahane #MyTestCaptain #India #Calm #Composed https://.co/Jw83ECPJyI",False,0,,2020-12-27 11:23:43,False,,1343155598074863617,,"<a href=""http://twitter.com/download/android"" rel=""nofollow"">Twitter for Android</a>",AmerkAshok,27,True,False,,
22,22,23,"RT @dhayaalagiri: Photo   day! <f0><U+009F><U+0098><U+008D>

#Rahane #MyTestCaptain #India #Calm #Composed https://.co/Jw83ECPJyI",False,0,,2020-12-27 11:20:12,False,,1343154710522589185,,"<a href=""http://twitter.com/download/android"" rel=""nofollow"">Twitter for Android</a>",MuttaPupps,27,True,False,,
23,23,24,"RT @dhayaalagiri: Photo   day! <f0><U+009F><U+0098><U+008D>

#Rahane #MyTestCaptain #India #Calm #Composed https://.co/Jw83ECPJyI",False,0,,2020-12-27 11:15:17,False,,1343153473659912193,,"<a href=""http://twitter.com/download/android"" rel=""nofollow"">Twitter for Android</a>",Dhilipan_Roy,27,True,False,,
24,24,25,"RT @dhayaalagiri: Photo   day! <f0><U+009F><U+0098><U+008D>

#Rahane #MyTestCaptain #India #Calm #Composed https://.co/Jw83ECPJyI",False,0,,2020-12-27 11:10:13,False,,1343152198704746502,,"<a href=""http://twitter.com/download/android"" rel=""nofollow"">Twitter for Android</a>",Selva_b025,27,True,False,,
25,25,26,"RT @dhayaalagiri: Photo   day! <f0><U+009F><U+0098><U+008D>

#Rahane #MyTestCaptain #India #Calm #Composed https://.co/Jw83ECPJyI",False,0,,2020-12-27 11:07:33,False,,1343151529671331841,,"<a href=""http://twitter.com/download/android"" rel=""nofollow"">Twitter for Android</a>",Rajadurait4,27,True,False,,
26,26,27,"RT @dhayaalagiri: Photo   day! <f0><U+009F><U+0098><U+008D>

#Rahane #MyTestCaptain #India #Calm #Composed https://.co/Jw83ECPJyI",False,0,,2020-12-27 11:01:14,False,,1343149940315287552,,"<a href=""http://twitter.com/download/android"" rel=""nofollow"">Twitter for Android</a>",PATHMARAGAM19,27,True,False,,
27,27,28,"RT @dhayaalagiri: Photo   day! <f0><U+009F><U+0098><U+008D>

#Rahane #MyTestCaptain #India #Calm #Composed https://.co/Jw83ECPJyI",False,0,,2020-12-27 10:59:36,False,,1343149526341668864,,"<a href=""http://twitter.com/download/android"" rel=""nofollow"">Twitter for Android</a>",OnlyTHALAPATHY6,27,True,False,,
28,28,29,"RT @dhayaalagiri: Photo   day! <f0><U+009F><U+0098><U+008D>

#Rahane #MyTestCaptain #India #Calm #Composed https://.co/Jw83ECPJyI",False,0,,2020-12-27 10:59:06,False,,1343149399497576449,,"<a href=""http://twitter.com/download/android"" rel=""nofollow"">Twitter for Android</a>",info32dinesh,27,True,False,,
29,29,30,"RT @dhayaalagiri: Photo   day! <f0><U+009F><U+0098><U+008D>

#Rahane #MyTestCaptain #India #Calm #Composed https://.co/Jw83ECPJyI",False,0,,2020-12-27 10:55:16,False,,1343148438033088518,,"<a href=""http://twitter.com/download/android"" rel=""nofollow"">Twitter for Android</a>",GKdilip_Naidu,27,True,False,,
30,30,31,"Photo   day! <f0><U+009F><U+0098><U+008D>

#Rahane #MyTestCaptain #India #Calm #Composed https://.co/Jw83ECPJyI",False,1178,,2020-12-27 10:54:02,False,,1343148125049896960,,"<a href=""http://twitter.com/download/iphone"" rel=""nofollow"">Twitter for iPhone</a>",dhayaalagiri,27,False,False,,
31,31,32,"https://.co/HQBoxzIdHt
Click   link  please watch ...
Meditation Music 3 hour... 
@1.30Pm today premieÂ https://.co/e0dsHsUp65",False,0,,2020-12-27 08:08:23,True,,1343106439573737472,,"<a href=""http://twitter.com/download/android"" rel=""nofollow"">Twitter for Android</a>",TamilandaInfo,0,False,False,,
