,,,text,favorited,favoriteCount,replyToSN,created,truncated,replyToSID,id,replyToUID,statusSource,screenName,retweetCount,isRetweet,retweeted,longitude,latitude
0,0,1,"Sunrise  River Reflections
#sunrise #river #reflections #nature #naturelovers #naturephotography #kerala #indiaÂ https://.co/Uq6cQwGeP9",False,1,,2021-02-27 00:22:10,True,,1365457161229246465,,"<a href=""https://mobile.twitter.com"" rel=""nofollow"">Twitter Web App</a>",iypetomson,0,False,False,,
1,1,2,"Backwater Scenery
#backwaters #scenery #nature #naturelove #naturelovers #naturephotography #kerala #india #indianÂ https://.co/QstkNw6ouo",False,2,,2021-02-24 05:33:07,True,,1364448249436770308,,"<a href=""https://mobile.twitter.com"" rel=""nofollow"">Twitter Web App</a>",iypetomson,0,False,False,,
