,,,text,favorited,favoriteCount,replyToSN,created,truncated,replyToSID,id,replyToUID,statusSource,screenName,retweetCount,isRetweet,retweeted,longitude,latitude
0,0,1,"https://.co/E2hlqpvLXr
Click   link  please watch ...
Deep Sleep Music...
@7.00Am today premiering...Â https://.co/twnmyC2yCb",False,0,,2021-01-22 01:18:45,True,,1352425434521034752,,"<a href=""http://twitter.com/download/android"" rel=""nofollow"">Twitter for Android</a>",TamilandaInfo,0,False,False,,
1,1,2,A perfect beginning   day  68 mins  #calm. Thanks  @Abhyaasa.,False,0,,2021-01-19 05:19:11,False,,1351398777966325761,,"<a href=""http://twitter.com/download/android"" rel=""nofollow"">Twitter for Android</a>",sudheepKM,0,False,False,,
2,2,3,@root66   real deal. Gentlemen  #Cricket   good leadership  decision making  controlling  gamÂ https://.co/HNjY5iGNWG,False,0,root66,2021-01-18 05:31:07,True,,1351039396359917568,273557471.0,"<a href=""https://mobile.twitter.com"" rel=""nofollow"">Twitter Web App</a>",HashanSirisena,0,False,False,,
3,3,4,"RT @TamilandaInfo: https://.co/zaMV9Fhek9
Click   link  please watch ...
Relaxing Kithar Music...
@7.00Am today Premiering...Â",False,0,,2021-01-16 15:06:11,False,,1350459340856176640,,"<a href=""https://mobile.twitter.com"" rel=""nofollow"">Twitter Web App</a>",dmgolubovsky,1,True,False,,
