,,,text,favorited,favoriteCount,replyToSN,created,truncated,replyToSID,id,replyToUID,statusSource,screenName,retweetCount,isRetweet,retweeted,longitude,latitude
0,0,1,"https://.co/rMfY9Dyq74
Click   link  please watch ...
Relaxing Calm Music...
Today premiering ...
TÂ https://.co/Ub5MlgwuFX",False,0,,2021-01-09 08:24:41,True,,1347821582513696769,,"<a href=""http://twitter.com/download/android"" rel=""nofollow"">Twitter for Android</a>",TamilandaInfo,0,False,False,,
1,1,2,"RT @iypetomson: Sunrise River Reflections.
#sunrise #reflections #nature #NaturePhotography #tropical #CALM #goodvibes https://.co/I2Li55HÂ",False,0,,2021-01-08 22:30:45,False,,1347672117245071362,,"<a href=""http://twitter.com/download/android"" rel=""nofollow"">Twitter for Android</a>",KaliTravel,1,True,False,,
2,2,3,"https://.co/QYcTF1OFME
Click   link  please watch ...
Calm Relaxing Music...
@7.00Pm today premiering.Â https://.co/GloB90NRmI",False,0,,2021-01-07 15:19:11,True,,1347201120364421121,,"<a href=""http://twitter.com/download/android"" rel=""nofollow"">Twitter for Android</a>",TamilandaInfo,0,False,False,,
3,3,4,"Sunrise River Reflections.
#sunrise #reflections #nature #NaturePhotography #tropical #CALM #goodvibes https://.co/I2Li55H114",False,9,,2021-01-07 02:01:21,False,,1347000337685573635,,"<a href=""https://mobile.twitter.com"" rel=""nofollow"">Twitter Web App</a>",iypetomson,1,False,False,,
