,,,text,favorited,favoriteCount,replyToSN,created,truncated,replyToSID,id,replyToUID,statusSource,screenName,retweetCount,isRetweet,retweeted,longitude,latitude
0,0,1,"RT @frnaffas: It   said  various hadeeth  Prophet (sal),   one  says 'Ya Hayyu Ya Qayyum', HIS DUA IS ACCEPTED !

httpÂ",False,0,,2021-02-08 19:49:25,False,,1358865538366271491,,"<a href=""http://twitter.com/download/iphone"" rel=""nofollow"">Twitter for iPhone</a>",khatimayasir123,1,True,False,,
1,1,2,"The perspective   #balanced #life may  different   .
But  much #time  #energy  invest Â https://.co/YRlGpIsFfu",False,1,,2021-02-03 03:26:18,True,,1356806189309386753,,"<a href=""https://mobile.twitter.com"" rel=""nofollow"">Twitter Web App</a>",g3kannangara,0,False,False,,
