,,,text,favorited,favoriteCount,replyToSN,created,truncated,replyToSID,id,replyToUID,statusSource,screenName,retweetCount,isRetweet,retweeted,longitude,latitude
0,0,1,"@MyWalkmate Ans)Piece 2   favourite brand<f0><U+009F><U+0098><U+008D><f0><U+009F><U+0098><U+008D><f0><U+009F><U+008D><U+0080><f0><U+009F><U+008D><U+0080>
#Contestalert #contest #follow #win #fashion #smooth #comfortÂ https://.co/vHSbLb9yR7",False,0,MyWalkmate,2021-01-09 09:20:15,True,1.3475182484393206e+18,1347835568319647746,1.1260114057552444e+18,"<a href=""http://twitter.com/download/android"" rel=""nofollow"">Twitter for Android</a>",rakyenvi92,0,False,False,,
1,1,2,"Replying  
@MyWalkmate
2

#ContestAlert #contest #comment #follow #win #fashion #smooth #comfort #stylishÂ https://.co/ugdSRcqx95",False,0,,2021-01-08 17:59:09,True,,1347603765780566016,,"<a href=""https://mobile.twitter.com"" rel=""nofollow"">Twitter Web App</a>",vikneshmadurai,0,False,False,,
