,,,text,favorited,favoriteCount,replyToSN,created,truncated,replyToSID,id,replyToUID,statusSource,screenName,retweetCount,isRetweet,retweeted,longitude,latitude
0,0,1,"RT @CeylonToday: SL lifts travel restrictions  UK tourists

https://.co/rueN1W0rY8 

#lka #SriLanka #travel #travelrestrictions #travelbÂ",False,0,,2021-02-18 04:21:22,False,,1362255866691424257,,"<a href=""https://mobile.twitter.com"" rel=""nofollow"">Twitter Web App</a>",carlsl,1,True,False,,
1,1,2,"RT @CeylonToday: Health Authorities request citizens  Colombo  restrict movements 

https://.co/hm5Tw24jRQ 

#lka #SriLanka #colombo #Â",False,0,,2021-02-18 04:21:04,False,,1362255789495263235,,"<a href=""https://mobile.twitter.com"" rel=""nofollow"">Twitter Web App</a>",carlsl,2,True,False,,
2,2,3,"RT @CeylonToday: Health Authorities request citizens  Colombo  restrict movements 

https://.co/hm5Tw24jRQ 

#lka #SriLanka #colombo #Â",False,0,,2021-02-18 02:32:11,False,,1362228390674145280,,"<a href=""https://mobile.twitter.com"" rel=""nofollow"">Twitter Web App</a>",Lasaa_V,2,True,False,,
3,3,4,"SL lifts travel restrictions  UK tourists

https://.co/rueN1W0rY8 

#lka #SriLanka #travel #travelrestrictionsÂ https://.co/7G2gdZjBBX",False,1,,2021-02-17 13:52:10,True,,1362037122539028482,,"<a href=""https://mobile.twitter.com"" rel=""nofollow"">Twitter Web App</a>",CeylonToday,1,False,False,,
4,4,5,"Health Authorities request citizens  Colombo  restrict movements 

https://.co/hm5Tw24jRQ 

#lka #SriLankaÂ https://.co/CxfrmPgHxf",False,1,,2021-02-17 13:09:52,True,,1362026477747724290,,"<a href=""https://mobile.twitter.com"" rel=""nofollow"">Twitter Web App</a>",CeylonToday,2,False,False,,
5,5,6,"RT @CeylonToday: Downward COVID-19 trend shows Âsimple public health measures workÂ Â UN health chief @DrTedros 

@UN @UNSriLanka @WHOSriLaÂ",False,0,,2021-02-17 09:39:12,False,,1361973463364247557,,"<a href=""https://mobile.twitter.com"" rel=""nofollow"">Twitter Web App</a>",newsdotlk,1,True,False,,
6,6,7,"Downward COVID-19 trend shows Âsimple public health measures workÂ Â UN health chief @DrTedros 

@UN @UNSriLankaÂ https://.co/a288owHadt",False,1,,2021-02-17 09:27:45,True,,1361970579830628353,,"<a href=""https://mobile.twitter.com"" rel=""nofollow"">Twitter Web App</a>",CeylonToday,1,False,False,,
7,7,8,"RT @CeylonToday: Speaker receives #COVID19 jab 

@ParliamentLK 

https://.co/O5wv2izaNP 

#lka #SriLanka #COVID19SL #COVID19LK #COVID19 #cÂ",False,0,,2021-02-17 07:53:06,False,,1361946761388986372,,"<a href=""https://mobile.twitter.com"" rel=""nofollow"">Twitter Web App</a>",Lasaa_V,2,True,False,,
8,8,9,"RT @CeylonToday: Speaker receives #COVID19 jab 

@ParliamentLK 

https://.co/O5wv2izaNP 

#lka #SriLanka #COVID19SL #COVID19LK #COVID19 #cÂ",False,0,,2021-02-17 07:47:04,False,,1361945242581147649,,"<a href=""https://mobile.twitter.com"" rel=""nofollow"">Twitter Web App</a>",dinuk_perera,2,True,False,,
9,9,10,"Speaker receives #COVID19 jab 

@ParliamentLK 

https://.co/O5wv2izaNP 

#lka #SriLanka #COVID19SL #COVID19LKÂ https://.co/6trlKY60dS",False,4,,2021-02-17 07:42:52,True,,1361944188602908673,,"<a href=""https://mobile.twitter.com"" rel=""nofollow"">Twitter Web App</a>",CeylonToday,2,False,False,,
10,10,11,"RT @CeylonToday: Burial  PM' opinion: @UPGammanpila 

https://.co/lUrczUwR6f

#lka #SriLanka #burials #StopForcedCremations #PrimeMiniÂ",False,0,,2021-02-17 06:51:59,False,,1361931382805602306,,"<a href=""https://mobile.twitter.com"" rel=""nofollow"">Twitter Web App</a>",Lasaa_V,1,True,False,,
11,11,12,"Covid-19: 196,163 inoculated 

https://.co/kpoBvqndJP 

#lka #SriLanka #COVID19SL #COVID19LK #COVID19 #coronavirusÂ https://.co/OGl5WfqtIq",False,4,,2021-02-17 06:21:00,True,,1361923584222879746,,"<a href=""https://mobile.twitter.com"" rel=""nofollow"">Twitter Web App</a>",CeylonToday,1,False,False,,
12,12,13,RT @damien200984: Dont get Dont give  ..#Corona #COVID https://.co/FVLl0ZigLG,False,0,,2021-02-17 03:38:59,False,,1361882811238555650,,"<a href=""http://twitter.com/download/android"" rel=""nofollow"">Twitter for Android</a>",velligasm,1,True,False,,
13,13,14,Dont get Dont give  ..#Corona #COVID https://.co/00nx8nsZZg https://.co/FVLl0ZigLG,False,4,,2021-02-17 02:46:51,False,,1361869689815621632,,"<a href=""http://twitter.com/download/android"" rel=""nofollow"">Twitter for Android</a>",damien200984,1,False,False,,
14,14,15,"Another new coronavirus variant found   UK

#COVID19 #coronavirus #Corona #CoronaInfoCH #coronavirus3",False,1,,2021-02-16 13:10:49,False,,1361664328584232962,,"<a href=""https://mobile.twitter.com"" rel=""nofollow"">Twitter Web App</a>",AnbilChinna,0,False,False,,
15,15,16,"Burial  PM' opinion: @UPGammanpila 

https://.co/lUrczUwR6f

#lka #SriLanka #burials #StopForcedCremationsÂ https://.co/b5r94bqGEp",False,1,,2021-02-16 05:52:25,True,,1361554005231423489,,"<a href=""http://twitter.com/download/iphone"" rel=""nofollow"">Twitter for iPhone</a>",CeylonToday,1,False,False,,
16,16,17,"#JUSTIN 
<U+2B55>Sri Lanka cannot  placed  lockdown due  economic consequences : Co-Cabinet Spokesperson MinisterÂ https://.co/TAbROhMT8e",False,1,,2021-02-16 04:55:47,True,,1361539752437026818,,"<a href=""http://twitter.com/download/android"" rel=""nofollow"">Twitter for Android</a>",yuganOffcial,0,False,False,,
17,17,18,Sri Lanka cannot  placed  lockdown due  economic consequences Â Co-Cabinet Spokesperson Minister Udaya GamÂ https://.co/8hBKOcIc07,False,3,,2021-02-16 04:42:31,True,,1361536411128582148,,"<a href=""https://mobile.twitter.com"" rel=""nofollow"">Twitter Web App</a>",newsradiolk,0,False,False,,
18,18,19,"Should   smoke  consume alcohol get  COVID vaccine? 
#SriLanka #LKA #COVID19 #Corona #coronavirusÂ https://.co/kijZweUj3k",False,0,,2021-02-16 02:57:06,True,,1361509883929972738,,"<a href=""https://mobile.twitter.com"" rel=""nofollow"">Twitter Web App</a>",newsradiolk,0,False,False,,
19,19,20,Chief Growth Officer  oDoc Nare Bandaranayake answers  vital questions   COVID-19 vaccine  KaleidoscopÂ https://.co/TV5GgTHj95,False,0,,2021-02-16 02:07:53,True,,1361497498024468486,,"<a href=""https://mobile.twitter.com"" rel=""nofollow"">Twitter Web App</a>",RodrigoSavithri,0,False,False,,
20,20,21,"RT @newsradiolk: The number  COVID-19 cases detected  Sri Lanka  surpassed 76,000. 774 new infections  detected today increasingÂ",False,0,,2021-02-15 15:17:50,False,,1361333905651945479,,"<a href=""http://twitter.com/download/iphone"" rel=""nofollow"">Twitter for iPhone</a>",iamshakoor,1,True,False,,
21,21,22,"The number  COVID-19 cases detected  Sri Lanka  surpassed 76,000. 774 new infections  detected today incÂ https://.co/4LS7C2UQUn",False,1,,2021-02-15 14:53:41,True,,1361327830601113615,,"<a href=""https://mobile.twitter.com"" rel=""nofollow"">Twitter Web App</a>",newsradiolk,1,False,False,,
22,22,23,RT @viraj_stayhappy: @Aariarujunan Happy birthday aari bro. V love  v always love u... #Aari #HappyBirthdayAari bro. @AariArjunan #CoronÂ,False,0,,2021-02-15 14:48:32,False,,1361326533932052480,,"<a href=""https://mobile.twitter.com"" rel=""nofollow"">Twitter Web App</a>",shanthag42,8,True,False,,
23,23,24,"RT @infodprtsl: General Public   vaccinated  Oxford-AstraZeneca Covid-19 vaccine starting today(15)
#Srilankan #Srilanka #lka #LankÂ",False,0,,2021-02-15 08:46:35,False,,1361235444667609088,,"<a href=""https://mobile.twitter.com"" rel=""nofollow"">Twitter Web App</a>",rehanumfernando,6,True,False,,
24,24,25,"RT @infodprtsl: Covid vaccination  General public  starts  today (15)   priority  high risk zones  Western Province.
#SrÂ",False,0,,2021-02-15 08:46:03,False,,1361235310437224448,,"<a href=""https://mobile.twitter.com"" rel=""nofollow"">Twitter Web App</a>",rehanumfernando,4,True,False,,
25,25,26,"RT @infodprtsl: General Public   vaccinated  Oxford-AstraZeneca Covid-19 vaccine starting today(15)
#Srilankan #Srilanka #lka #LankÂ",False,0,,2021-02-15 08:32:05,False,,1361231798303252481,,,UCRGalle,6,True,False,,
26,26,27,"RT @infodprtsl: Covid vaccination  General public  starts  today (15)   priority  high risk zones  Western Province.
#SrÂ",False,0,,2021-02-15 08:31:34,False,,1361231665599635458,,,UCRGalle,4,True,False,,
27,27,28,Covid vaccination  General public  starts  today (15)   priority  high risk zones  Western ProviÂ https://.co/n2Oivlpjwv,False,3,,2021-02-15 08:26:42,True,,1361230442624479232,,"<a href=""https://mobile.twitter.com"" rel=""nofollow"">Twitter Web App</a>",infodprtsl,4,False,False,,
28,28,29,"RT @infodprtsl: General Public   vaccinated  Oxford-AstraZeneca Covid-19 vaccine starting today(15)
#Srilankan #Srilanka #lka #LankÂ",False,0,,2021-02-15 07:50:32,False,,1361221339303071744,,"<a href=""http://twitter.com/download/android"" rel=""nofollow"">Twitter for Android</a>",lankafiles,6,True,False,,
29,29,30,"RT @infodprtsl: General Public   vaccinated  Oxford-AstraZeneca Covid-19 vaccine starting today(15)
#Srilankan #Srilanka #lka #LankÂ",False,0,,2021-02-15 07:49:34,False,,1361221097388011520,,"<a href=""https://mobile.twitter.com"" rel=""nofollow"">Twitter Web App</a>",Gamika_S,6,True,False,,
30,30,31,"General Public   vaccinated  Oxford-AstraZeneca Covid-19 vaccine starting today(15)
#Srilankan #SrilankaÂ https://.co/AmQLQb8oy4",False,4,,2021-02-15 07:49:15,True,,1361221018002448384,,"<a href=""https://mobile.twitter.com"" rel=""nofollow"">Twitter Web App</a>",infodprtsl,6,False,False,,
31,31,32,"Vaccination  vulnerable groups  begin today -  Army Commander @SilvaShavendra 

https://.co/C5OWqP7SRb 

#lkaÂ https://.co/KqZNNGjUch",False,0,,2021-02-15 06:31:05,True,,1361201345248722946,,"<a href=""https://mobile.twitter.com"" rel=""nofollow"">Twitter Web App</a>",CeylonToday,0,False,False,,
32,32,33,"RT @CeylonToday: No decision  enforce island wide lockdown - Army Commander @SilvaShavendra 

https://.co/foNB9u20e7 

#lka #SriLanka #CÂ",False,0,,2021-02-15 05:38:42,False,,1361188161825632257,,"<a href=""https://mobile.twitter.com"" rel=""nofollow"">Twitter Web App</a>",carlsl,1,True,False,,
33,33,34,"RT @newsdotlk: 2021-02-14
Seven Covid-19 deaths  reported
#Srilankan #Srilanka #lka #Lanka #Ceylon #DGI #Coronavirus #Covid #Corona #StÂ",False,0,,2021-02-15 04:31:35,False,,1361171272428777473,,,UCRGalle,1,True,False,,
34,34,35,"2021-02-14
Seven Covid-19 deaths  reported
#Srilankan #Srilanka #lka #Lanka #Ceylon #DGI #Coronavirus #CovidÂ https://.co/shXUgudjka",False,1,,2021-02-15 04:15:48,True,,1361167302129979392,,"<a href=""https://mobile.twitter.com"" rel=""nofollow"">Twitter Web App</a>",newsdotlk,1,False,False,,
35,35,36,RT @viraj_stayhappy: @Aariarujunan Happy birthday aari bro. V love  v always love u... #Aari #HappyBirthdayAari bro. @AariArjunan #CoronÂ,False,0,,2021-02-15 03:08:43,False,,1361150418437349385,,"<a href=""http://twitter.com/download/android"" rel=""nofollow"">Twitter for Android</a>",JustinRuthvik35,8,True,False,,
36,36,37,"RT @Naveeth14: #Engineering #faculty #students tested positive<f0><U+009F><U+00A6><U+00A0>

Out  49 students 8 tested positive  #COVID19   Faculty  EngineÂ",False,0,,2021-02-15 00:25:09,False,,1361109257274462208,,,education_24x7,1,True,False,,
37,37,38,"#Engineering #faculty #students tested positive<f0><U+009F><U+00A6><U+00A0>

Out  49 students 8 tested positive  #COVID19   FacultyÂ https://.co/Gk7AICfxIJ",False,0,,2021-02-14 15:28:26,True,,1360974186647146499,,"<a href=""http://twitter.com/download/iphone"" rel=""nofollow"">Twitter for iPhone</a>",Naveeth14,1,False,False,,
38,38,39,"#Lokubandara #Passedaway

Former #Speaker W.J.M. Lokubandara,    treated  #COVID19 <f0><U+009F><U+00A6><U+00A0>  #IDH, Â https://.co/utktR1mXmV",False,6,,2021-02-14 15:12:49,True,,1360970254822739974,,"<a href=""http://twitter.com/download/iphone"" rel=""nofollow"">Twitter for iPhone</a>",Naveeth14,0,False,False,,
39,39,40,"No decision  enforce island wide lockdown - Army Commander @SilvaShavendra 

https://.co/foNB9u20e7 

#lkaÂ https://.co/b0lFL49APu",False,2,,2021-02-14 14:20:54,True,,1360957189649698819,,"<a href=""https://mobile.twitter.com"" rel=""nofollow"">Twitter Web App</a>",CeylonToday,1,False,False,,
40,40,41,@albertprayan @ChennaiMetRail @CMOTamilNadu Very unfortunate  @ChennaiMetRail authorities  ignorant   cÂ https://.co/3o4dwEbDs1,False,1,albertprayan,2021-02-14 14:00:27,True,1.3608986371490816e+18,1360952044962467840,23046857.0,"<a href=""http://twitter.com/download/android"" rel=""nofollow"">Twitter for Android</a>",netrakanti71,0,False,False,,
41,41,42,"RT @newsradiolk: 865 COVID-19 recoveries discharged  hospitals today, bringing  total recoveries  68,696  active cases  5,766Â",False,0,,2021-02-14 12:34:35,False,,1360930434259972097,,"<a href=""http://twitter.com/download/android"" rel=""nofollow"">Twitter for Android</a>",tharakasenavi,1,True,False,,
42,42,43,"865 COVID-19 recoveries discharged  hospitals today, bringing  total recoveries  68,696  active cases Â https://.co/THK0QbBnGl",False,2,,2021-02-14 10:37:12,True,,1360900893659459585,,"<a href=""https://mobile.twitter.com"" rel=""nofollow"">Twitter Web App</a>",newsradiolk,1,False,False,,
43,43,44,RT @AthulyaOfficial: Palavitha problems (#corona ) come  go konjam chill pannu maapi<f0><U+009F><U+0098><U+008D>Spread positivity<f0><U+009F><U+0098><U+008D>spend quality time  familÂ,False,0,,2021-02-13 18:18:01,False,,1360654476068196357,,"<a href=""http://twitter.com/download/android"" rel=""nofollow"">Twitter for Android</a>",ANITHVJ2,855,True,False,,
44,44,45,"<U+2666><U+FE0F>----------------<U+2666><U+FE0F>2021-02-13<U+2666><U+FE0F>-------------<U+2666><U+FE0F>
Six covid-19 infection deaths  reported  Sri Lanka
#SrilankanÂ https://.co/K2uaspz1L0",False,4,,2021-02-13 17:24:21,True,,1360640972305039360,,"<a href=""http://twitter.com/download/android"" rel=""nofollow"">Twitter for Android</a>",newsdotlk,1,False,False,,
45,45,46,"#BreakingNews  
HAVE BEEN TELLING FLoBIANS RE THE IDIOCY INSIDE THE SCALP IN BELIEVING MYTHS
These vitamins Â lÂ https://.co/i14fQs2bQm",False,0,,2021-02-13 16:08:21,True,,1360621845221834757,,"<a href=""http://twitter.com/download/android"" rel=""nofollow"">Twitter for Android</a>",Wikiayiyaa,0,False,False,,
46,46,47,RT @David_Blacker: More pseudo-scientific lies   #SriLankangovernmentÂ appointed officials. Next step: refuse  vaccinate drinkersÂ,False,0,,2021-02-13 04:26:09,False,,1360445129044070400,,"<a href=""http://twitter.com/download/android"" rel=""nofollow"">Twitter for Android</a>",Mahishini,1,True,False,,
47,47,48,More pseudo-scientific lies   #SriLankangovernmentÂ appointed officials. Next step: refuse  vaccinate driÂ https://.co/z7PLRCJxaG,False,2,,2021-02-13 03:31:21,True,,1360431340512976899,,"<a href=""http://twitter.com/download/iphone"" rel=""nofollow"">Twitter for iPhone</a>",David_Blacker,1,False,False,,
48,48,49,"RT @infodprtsl: <U+2666><U+FE0F>----------------<U+2666><U+FE0F>2021-02-12<U+2666><U+FE0F>-------------<U+2666><U+FE0F>
408 Covid-19 patients  reported
#Srilankan #Srilanka #lka #Lanka #CeyloÂ",False,0,,2021-02-12 16:31:34,False,,1360265297454792706,,,UCRGalle,3,True,False,,
49,49,50,"<U+2666><U+FE0F>----------------<U+2666><U+FE0F>2021-02-12<U+2666><U+FE0F>-------------<U+2666><U+FE0F>
408 Covid-19 patients  reported
#Srilankan #Srilanka #lkaÂ https://.co/gnuvihwB7w",False,2,,2021-02-12 16:29:27,True,,1360264766753624067,,"<a href=""https://mobile.twitter.com"" rel=""nofollow"">Twitter Web App</a>",infodprtsl,3,False,False,,
50,50,51,RT @viraj_stayhappy: @Aariarujunan Happy birthday aari bro. V love  v always love u... #Aari #HappyBirthdayAari bro. @AariArjunan #CoronÂ,False,0,,2021-02-12 16:07:22,False,,1360259210215235594,,"<a href=""https://mobile.twitter.com"" rel=""nofollow"">Twitter Web App</a>",mohanraj947,8,True,False,,
51,51,52,Brexit worries youngsters  Britain   Corona: Study #Brexit #Britain #Corona #Study https://.co/sKTfIsHMzH,False,0,,2021-02-12 14:22:48,False,,1360232895856611331,,"<a href=""https://hocalwire.com"" rel=""nofollow"">Hocalwire Social Share</a>",madhyamam_eng,0,False,False,,
52,52,53,RT @viraj_stayhappy: @Aariarujunan Happy birthday aari bro. V love  v always love u... #Aari #HappyBirthdayAari bro. @AariArjunan #CoronÂ,False,0,,2021-02-12 14:21:00,False,,1360232439549841415,,"<a href=""http://twitter.com/download/android"" rel=""nofollow"">Twitter for Android</a>",DPKquotes,8,True,False,,
53,53,54,RT @viraj_stayhappy: @Aariarujunan Happy birthday aari bro. V love  v always love u... #Aari #HappyBirthdayAari bro. @AariArjunan #CoronÂ,False,0,,2021-02-12 10:56:58,False,,1360181092892827649,,"<a href=""http://twitter.com/download/android"" rel=""nofollow"">Twitter for Android</a>",koushaya,8,True,False,,
54,54,55,"Over 4,500 inmates test positive  COVID-19 

https://.co/mXQHxTnap3 

#lka #SriLanka #COVID19SL #COVID19LKÂ https://.co/jIRVWSzZyU",False,1,,2021-02-12 10:03:41,True,,1360167686030807046,,"<a href=""https://mobile.twitter.com"" rel=""nofollow"">Twitter Web App</a>",CeylonToday,0,False,False,,
55,55,56,RT @viraj_stayhappy: @Aariarujunan Happy birthday aari bro. V love  v always love u... #Aari #HappyBirthdayAari bro. @AariArjunan #CoronÂ,False,0,,2021-02-12 06:53:27,False,,1360119809933864965,,"<a href=""http://twitter.com/download/android"" rel=""nofollow"">Twitter for Android</a>",Rohin_Dfan,8,True,False,,
56,56,57,RT @viraj_stayhappy: @Aariarujunan Happy birthday aari bro. V love  v always love u... #Aari #HappyBirthdayAari bro. @AariArjunan #CoronÂ,False,0,,2021-02-12 06:42:19,False,,1360117009527148546,,"<a href=""http://twitter.com/download/android"" rel=""nofollow"">Twitter for Android</a>",venkatesTweets,8,True,False,,
57,57,58,RT @viraj_stayhappy: @Aariarujunan Happy birthday aari bro. V love  v always love u... #Aari #HappyBirthdayAari bro. @AariArjunan #CoronÂ,False,0,,2021-02-12 05:56:33,False,,1360105490152235012,,"<a href=""https://mobile.twitter.com"" rel=""nofollow"">Twitter Web App</a>",Sudheesh0704,8,True,False,,
58,58,59,@Aariarujunan Happy birthday aari bro. V love  v always love u... #Aari #HappyBirthdayAari bro. @AariArjunanÂ https://.co/P9JjJjmy65,False,20,Aariarujunan,2021-02-12 05:48:15,True,,1360103403624353793,216767106.0,"<a href=""http://twitter.com/download/android"" rel=""nofollow"">Twitter for Android</a>",viraj_stayhappy,8,False,False,,
59,59,60,"RT @infodprtsl: Four covid-19 infection deaths  reported  Sri Lanka
#Srilankan #Srilanka #lka #Lanka #Ceylon #DGI #Government #InformÂ",False,0,,2021-02-12 01:11:46,False,,1360033825653362690,,"<a href=""https://mobile.twitter.com"" rel=""nofollow"">Twitter Web App</a>",rehanumfernando,5,True,False,,
60,60,61,"RT @infodprtsl: <U+2666><U+FE0F>----------------<U+2666><U+FE0F>2021-02-11<U+2666><U+FE0F>-------------<U+2666><U+FE0F>
403 Covid-19 patients  reported
#Srilankan #Srilanka #lka #Lanka #CeyloÂ",False,0,,2021-02-11 19:31:35,False,,1359948212740608000,,,UCRGalle,4,True,False,,
61,61,62,"RT @infodprtsl: Four covid-19 infection deaths  reported  Sri Lanka
#Srilankan #Srilanka #lka #Lanka #Ceylon #DGI #Government #InformÂ",False,0,,2021-02-11 19:31:03,False,,1359948079344930816,,,UCRGalle,5,True,False,,
62,62,63,"Four covid-19 infection deaths  reported  Sri Lanka
#Srilankan #Srilanka #lka #Lanka #Ceylon #DGI #GovernmentÂ https://.co/FefuUQDNPg",False,2,,2021-02-11 17:28:47,True,,1359917309863686148,,"<a href=""https://mobile.twitter.com"" rel=""nofollow"">Twitter Web App</a>",infodprtsl,5,False,False,,
63,63,64,"<U+2666><U+FE0F>----------------<U+2666><U+FE0F>2021-02-11<U+2666><U+FE0F>-------------<U+2666><U+FE0F>
403 Covid-19 patients  reported
#Srilankan #Srilanka #lkaÂ https://.co/5aKV7aRtRI",False,2,,2021-02-11 16:34:31,True,,1359903652266184706,,"<a href=""https://mobile.twitter.com"" rel=""nofollow"">Twitter Web App</a>",infodprtsl,4,False,False,,
64,64,65,"RT @infodprtsl: <U+2666><U+FE0F>----------------<U+2666><U+FE0F>2021-02-11<U+2666><U+FE0F>-------------<U+2666><U+FE0F>
536 Covid-19 patients  reported
#Srilankan #Srilanka #lka #Lanka #CeyloÂ",False,0,,2021-02-11 15:31:34,False,,1359887813173383176,,,UCRGalle,4,True,False,,
