,,,text,favorited,favoriteCount,replyToSN,created,truncated,replyToSID,id,replyToUID,statusSource,screenName,retweetCount,isRetweet,retweeted,longitude,latitude
0,0,1,"#BREAKING 
ISNT THIS CORRECT?
MAXIES
NOT A LINEAR DISTANCE BUT AS AN AREA. TRUE ENOUGH AS IF A LINE IS FORMED WITHÂ https://.co/psfOC65Xhv",False,0,,2021-02-04 10:27:00,True,,1357274451591585797,,"<a href=""http://twitter.com/download/android"" rel=""nofollow"">Twitter for Android</a>",Wikiayiyaa,0,False,False,,
1,1,2,"#BreakingNews
PLS SHARE AMONGST THE ILLITERATE TOO
GETTING ALL THE LATEST NEWS FOR U GUYS TO TAKE CARE OF YOURSELVEÂ https://.co/MUXm6kkFqF",False,0,,2021-02-04 10:07:21,True,,1357269504720445441,,"<a href=""http://twitter.com/download/android"" rel=""nofollow"">Twitter for Android</a>",Wikiayiyaa,0,False,False,,
2,2,3,"RT @Wikiayiyaa: #BreakingNews
AND MAJORITY TAKING THINGS LIGHTLY
British scientists say  next dangerous Covid variant  likely alreadyÂ",False,0,,2021-02-04 09:19:26,False,,1357257445966512129,,"<a href=""https://twitter.com/wireless_step"" rel=""nofollow"">stepcounter_tracker</a>",wireless_step,1,True,False,,
3,3,4,"#BreakingNews
AND MAJORITY TAKING THINGS LIGHTLY
British scientists say  next dangerous Covid variant  likelyÂ https://.co/rZiVYy2AAE",False,0,,2021-02-04 09:18:53,True,,1357257309563412482,,"<a href=""http://twitter.com/download/android"" rel=""nofollow"">Twitter for Android</a>",Wikiayiyaa,1,False,False,,
4,4,5,"#BREAKING
SELF CHQ FOR COVID-19 - Wiki Wicks '31-02-04
#COVID19 #Corona
https://.co/5dH8F436Cu",False,0,,2021-02-04 08:40:48,False,,1357247723167125506,,"<a href=""http://twitter.com/download/android"" rel=""nofollow"">Twitter for Android</a>",Wikiayiyaa,0,False,False,,
5,5,6,"42%  People Willing  take COVID-19 Vaccine!

#COVID19 #covishieldvaccine #covidindia #Corona https://.co/fIuAh4jb58",False,1,,2021-02-04 02:30:59,False,,1357154656137277440,,"<a href=""http://twitter.com/download/android"" rel=""nofollow"">Twitter for Android</a>",mvlogs77,0,False,False,,
6,6,7,"@WHO ' approved  #corona medicine officially? Why?
#lka #SriLanka",False,1,WHO,2021-02-03 20:03:12,False,,1357057069183098883,14499829.0,"<a href=""http://twitter.com/download/android"" rel=""nofollow"">Twitter for Android</a>",iamRasni,0,False,False,,
7,7,8,"@OfficialSLC player @thiri66  Coach @Mickeyarthurcr1 test positive  #COVID19 

https://.co/CgBLs8INKN 

#lkaÂ https://.co/GD8znTWdHM",False,1,OfficialSLC,2021-02-03 11:37:19,True,,1356929757510856706,177838266.0,"<a href=""https://mobile.twitter.com"" rel=""nofollow"">Twitter Web App</a>",CeylonToday,0,False,False,,
8,8,9,"APHNH requests private sector frontline workers   included  vaccination drive 

https://.co/a2It1BaxDXÂ https://.co/q8RKWQenAQ",False,1,,2021-02-03 11:11:30,True,,1356923259367866370,,"<a href=""https://mobile.twitter.com"" rel=""nofollow"">Twitter Web App</a>",CeylonToday,0,False,False,,
9,9,10,"150 infants test positive  Covid 19   Lady Ridgeway Hospital 

https://.co/HsGkIWsLrc 

#lka #SriLankaÂ https://.co/lFokbR5ki1",False,0,,2021-02-03 10:49:36,True,,1356917751412097027,,"<a href=""https://mobile.twitter.com"" rel=""nofollow"">Twitter Web App</a>",CeylonToday,1,False,False,,
10,10,11,"@Shehzad_Ind @INCIndia @AamAadmiParty @rssurjewala @SanjayAzadSln @SupriyaShrinate @priyankagandhi The ""Congress viÂ https://.co/kdDjo5HLiU",False,1,Sathiam52788164,2021-02-03 09:09:26,True,1.3568911358897316e+18,1356892539958161409,1.2340095539156582e+18,"<a href=""http://twitter.com/download/android"" rel=""nofollow"">Twitter for Android</a>",Sathiam52788164,0,False,False,,
11,11,12,RT @Forumkeralam2: Breaking : Saudi Arabia announces travel ban  travellers  20 countries including starting  tomorrow owing  Â,False,0,,2021-02-03 07:49:27,False,,1356872411661012996,,"<a href=""http://twitter.com/download/android"" rel=""nofollow"">Twitter for Android</a>",hamras_mohammed,11,True,False,,
12,12,13,"RT @CeylonToday: 18 month old succumbs  COVID-19 

https://.co/NJnbYKMqEk 

#lka #SriLanka #COVID19SL #COVID19 #COVID #COVID19LK #coronaÂ",False,0,,2021-02-03 07:04:55,False,,1356861207437860864,,"<a href=""https://mobile.twitter.com"" rel=""nofollow"">Twitter Web App</a>",Lasaa_V,1,True,False,,
13,13,14,"18 month old succumbs  COVID-19 

https://.co/NJnbYKMqEk 

#lka #SriLanka #COVID19SL #COVID19 #COVID #COVID19LKÂ https://.co/B4qq7yTq9Y",False,1,,2021-02-03 06:59:21,True,,1356859807089704960,,"<a href=""https://mobile.twitter.com"" rel=""nofollow"">Twitter Web App</a>",CeylonToday,1,False,False,,
14,14,15,RT @Forumkeralam2: Breaking : Saudi Arabia announces travel ban  travellers  20 countries including starting  tomorrow owing  Â,False,0,,2021-02-03 06:46:44,False,,1356856629224820736,,"<a href=""http://twitter.com/download/android"" rel=""nofollow"">Twitter for Android</a>",Black57905131,11,True,False,,
15,15,16,"RT @CeylonToday: Over 23,000 people vaccinated yesterday 

https://.co/vLXoZCW1D4 

#lka #SriLanka #VaccineStrategy #COVID19SL #COVID19LKÂ",False,0,,2021-02-03 05:23:58,False,,1356835801095671810,,"<a href=""https://coronavirus.com"" rel=""nofollow"">CoronaTweetBot</a>",corona_tweet,2,True,False,,
16,16,17,"Over 23,000 people vaccinated yesterday 

https://.co/vLXoZCW1D4 

#lka #SriLanka #VaccineStrategy #COVID19SLÂ https://.co/AQTgXRsSlh",False,2,,2021-02-03 05:22:54,True,,1356835532916023297,,"<a href=""https://mobile.twitter.com"" rel=""nofollow"">Twitter Web App</a>",CeylonToday,2,False,False,,
17,17,18,"Dr. Neville Fernando infected  Covid-19 

https://.co/2yb2Rp3SdW 

#lka #SriLanka #COVID19SL #COVID19LKÂ https://.co/kp4R3wMVVm",False,0,,2021-02-03 05:12:16,True,,1356832856249692160,,"<a href=""https://mobile.twitter.com"" rel=""nofollow"">Twitter Web App</a>",CeylonToday,0,False,False,,
18,18,19,"RT @newsdotlk: Seven Covid-19 deaths  reported yesterday 2021.02.02
#Srilankan #Srilanka #lka #Lanka #Ceylon #DGI #Government #CoronaviÂ",False,0,,2021-02-03 04:59:11,False,,1356829563465199617,,"<a href=""http://twitter.com/download/android"" rel=""nofollow"">Twitter for Android</a>",mimramzy,3,True,False,,
19,19,20,"RT @newsdotlk: <U+2666><U+FE0F><U+2666><U+FE0F> 2021-02-02-Media Report
07 deaths  Covid 19 infected people   recorded.
#Srilankan #Srilanka #lka #Lanka #CeyÂ",False,0,,2021-02-03 04:31:38,False,,1356822631853527041,,,UCRGalle,2,True,False,,
20,20,21,"RT @newsdotlk: Seven Covid-19 deaths  reported yesterday 2021.02.02
#Srilankan #Srilanka #lka #Lanka #Ceylon #DGI #Government #CoronaviÂ",False,0,,2021-02-03 04:31:06,False,,1356822498680180736,,,UCRGalle,3,True,False,,
21,21,22,"Seven Covid-19 deaths  reported yesterday 2021.02.02
#Srilankan #Srilanka #lka #Lanka #Ceylon #DGI #GovernmentÂ https://.co/r0PjlQypDi",False,2,,2021-02-03 04:19:22,True,,1356819546137583618,,"<a href=""https://mobile.twitter.com"" rel=""nofollow"">Twitter Web App</a>",newsdotlk,3,False,False,,
22,22,23,"<U+2666><U+FE0F><U+2666><U+FE0F> 2021-02-02-Media Report
07 deaths  Covid 19 infected people   recorded.
#Srilankan #Srilanka #lkaÂ https://.co/4lUn9bYgFt",False,2,,2021-02-03 04:11:57,True,,1356817679571693568,,"<a href=""https://mobile.twitter.com"" rel=""nofollow"">Twitter Web App</a>",newsdotlk,2,False,False,,
23,23,24,RT @rodrigues_adorn: Breaking : Saudi Arabia announces travel ban  travellers  20 countries including starting  tomorrow owing Â,False,0,,2021-02-03 04:06:32,False,,1356816314631774214,,"<a href=""http://twitter.com/download/android"" rel=""nofollow"">Twitter for Android</a>",SHARONZEBMFC,6,True,False,,
24,24,25,RT @Forumkeralam2: Breaking : Saudi Arabia announces travel ban  travellers  20 countries including starting  tomorrow owing  Â,False,0,,2021-02-03 04:03:38,False,,1356815585913540610,,"<a href=""https://mobile.twitter.com"" rel=""nofollow"">Twitter Web App</a>",Ringmas34508060,11,True,False,,
25,25,26,RT @rodrigues_adorn: Breaking : Saudi Arabia announces travel ban  travellers  20 countries including starting  tomorrow owing Â,False,0,,2021-02-03 03:18:10,False,,1356804141234880515,,"<a href=""http://twitter.com/download/android"" rel=""nofollow"">Twitter for Android</a>",Pranav09908898,6,True,False,,
26,26,27,RT @Forumkeralam2: Breaking : Saudi Arabia announces travel ban  travellers  20 countries including starting  tomorrow owing  Â,False,0,,2021-02-03 03:13:45,False,,1356803033263349761,,"<a href=""http://twitter.com/download/android"" rel=""nofollow"">Twitter for Android</a>",JaisonMonayi369,11,True,False,,
27,27,28,RT @Forumkeralam2: Breaking : Saudi Arabia announces travel ban  travellers  20 countries including starting  tomorrow owing  Â,False,0,,2021-02-03 03:02:31,False,,1356800204817584129,,"<a href=""http://twitter.com/download/android"" rel=""nofollow"">Twitter for Android</a>",abid_369,11,True,False,,
28,28,29,RT @Forumkeralam2: Breaking : Saudi Arabia announces travel ban  travellers  20 countries including starting  tomorrow owing  Â,False,0,,2021-02-03 03:02:14,False,,1356800133791444999,,"<a href=""http://twitter.com/download/android"" rel=""nofollow"">Twitter for Android</a>",mr_ajmal369,11,True,False,,
29,29,30,"Chief Growth Officer  oDoc Nare Bandaranayake answers  vital questions   COVID-19 vaccine,  Friday Â https://.co/vvnMPqobAn",False,2,,2021-02-03 02:50:38,True,,1356797213217853441,,"<a href=""http://twitter.com/download/iphone"" rel=""nofollow"">Twitter for iPhone</a>",RodrigoSavithri,0,False,False,,
30,30,31,RT @Forumkeralam2: Breaking : Saudi Arabia announces travel ban  travellers  20 countries including starting  tomorrow owing  Â,False,0,,2021-02-03 02:43:00,False,,1356795292809486336,,"<a href=""http://twitter.com/download/android"" rel=""nofollow"">Twitter for Android</a>",RPrijith,11,True,False,,
31,31,32,RT @Forumkeralam2: Breaking : Saudi Arabia announces travel ban  travellers  20 countries including starting  tomorrow owing  Â,False,0,,2021-02-03 02:31:10,False,,1356792315449208832,,"<a href=""http://twitter.com/download/android"" rel=""nofollow"">Twitter for Android</a>",alanjacobtbk,11,True,False,,
32,32,33,RT @Forumkeralam2: Breaking : Saudi Arabia announces travel ban  travellers  20 countries including starting  tomorrow owing  Â,False,0,,2021-02-02 21:49:56,False,,1356721538163118080,,"<a href=""http://twitter.com/download/android"" rel=""nofollow"">Twitter for Android</a>",lenish_leon,11,True,False,,
33,33,34,"We ' free, We  controlled   diseases like #Corona. I wonder?     free eh? erryfuckingtime Â https://.co/H6iBd0D4Fn",False,0,,2021-02-02 19:52:11,True,,1356691909490671622,,"<a href=""https://mobile.twitter.com"" rel=""nofollow"">Twitter Web App</a>",chop______,0,False,False,,
34,34,35,RT @rodrigues_adorn: Breaking : Saudi Arabia announces travel ban  travellers  20 countries including starting  tomorrow owing Â,False,0,,2021-02-02 19:50:06,False,,1356691382363062272,,"<a href=""http://twitter.com/download/android"" rel=""nofollow"">Twitter for Android</a>",Abel_lalettan,6,True,False,,
35,35,36,RT @rodrigues_adorn: Breaking : Saudi Arabia announces travel ban  travellers  20 countries including starting  tomorrow owing Â,False,0,,2021-02-02 19:44:55,False,,1356690078454620160,,"<a href=""http://twitter.com/download/android"" rel=""nofollow"">Twitter for Android</a>",kerala_mohanlal,6,True,False,,
36,36,37,RT @rodrigues_adorn: Breaking : Saudi Arabia announces travel ban  travellers  20 countries including starting  tomorrow owing Â,False,0,,2021-02-02 19:01:59,False,,1356679274678296577,,"<a href=""http://twitter.com/download/android"" rel=""nofollow"">Twitter for Android</a>",VJMuthu16,6,True,False,,
37,37,38,RT @rodrigues_adorn: Breaking : Saudi Arabia announces travel ban  travellers  20 countries including starting  tomorrow owing Â,False,0,,2021-02-02 19:00:32,False,,1356678907932663813,,"<a href=""http://twitter.com/download/android"" rel=""nofollow"">Twitter for Android</a>",squad_plus,6,True,False,,
38,38,39,Breaking : Saudi Arabia announces travel ban  travellers  20 countries including starting  tomorrow owingÂ https://.co/BHRUaSLdxM,False,9,,2021-02-02 18:59:52,True,,1356678740059820033,,"<a href=""http://twitter.com/download/android"" rel=""nofollow"">Twitter for Android</a>",rodrigues_adorn,6,False,False,,
39,39,40,RT @Forumkeralam2: Breaking : Saudi Arabia announces travel ban  travellers  20 countries including starting  tomorrow owing  Â,False,0,,2021-02-02 18:56:01,False,,1356677772861607936,,"<a href=""http://twitter.com/download/android"" rel=""nofollow"">Twitter for Android</a>",Jibinma90840379,11,True,False,,
40,40,41,RT @Forumkeralam2: Breaking : Saudi Arabia announces travel ban  travellers  20 countries including starting  tomorrow owing  Â,False,0,,2021-02-02 18:55:44,False,,1356677702514733056,,"<a href=""http://twitter.com/download/android"" rel=""nofollow"">Twitter for Android</a>",John_Wick___,11,True,False,,
41,41,42,Breaking : Saudi Arabia announces travel ban  travellers  20 countries including starting  tomorrow owingÂ https://.co/kT9vPw1wv9,False,145,,2021-02-02 18:54:57,True,,1356677502085853184,,"<a href=""http://twitter.com/download/android"" rel=""nofollow"">Twitter for Android</a>",Forumkeralam2,11,False,False,,
42,42,43,"Former Speaker tests positive  COVID-19 

https://.co/lnVYe1o8Hi 

#lka #SriLanka #COVID19LK #COVID19SL #Covid_19 #Corona #COVID19",False,1,,2021-02-02 11:31:45,False,,1356565967543885825,,"<a href=""https://mobile.twitter.com"" rel=""nofollow"">Twitter Web App</a>",CeylonToday,1,False,False,,
43,43,44,"Chinese gang arrested  selling fake #Corona  vaccine  saline water

#Chinese #police #CoronavirusÂ https://.co/8Kx8shJQ31",False,0,,2021-02-02 11:22:16,True,,1356563583954419712,,"<a href=""https://mobile.twitter.com"" rel=""nofollow"">Twitter Web App</a>",Updatenews360E,0,False,False,,
44,44,45,"Be  COVID Warrior.Please use high quality Mask manufactured  ProbeLab India.

For  information please call +Â https://.co/denpEFWhrf",False,0,,2021-02-02 08:29:58,True,,1356520222937726977,,"<a href=""https://www.hootsuite.com"" rel=""nofollow"">Hootsuite Inc.</a>",probe_lab,0,False,False,,
45,45,46,"Southern Province Governor tests positive  Covid-19 

https://.co/A1N71TdCbx 

#lka #SriLanka #COVID19LKÂ https://.co/8UrxGBK6kJ",False,1,,2021-02-02 08:27:40,True,,1356519644207710208,,"<a href=""https://mobile.twitter.com"" rel=""nofollow"">Twitter Web App</a>",CeylonToday,0,False,False,,
46,46,47,"RT @CeylonToday: Five students  Jaffna University test positive  COVID 

https://.co/ybbKT8awOy 

#lka #SriLanka #COVID19LK #COVID19SÂ",False,0,,2021-02-02 07:21:32,False,,1356503001536552961,,"<a href=""https://mobile.twitter.com"" rel=""nofollow"">Twitter Web App</a>",dinuk_perera,3,True,False,,
47,47,48,"RT @CeylonToday: Five students  Jaffna University test positive  COVID 

https://.co/ybbKT8awOy 

#lka #SriLanka #COVID19LK #COVID19SÂ",False,0,,2021-02-02 07:18:59,False,,1356502359095017473,,"<a href=""https://mobile.twitter.com"" rel=""nofollow"">Twitter Web App</a>",sulorammohan,3,True,False,,
48,48,49,"Five students  Jaffna University test positive  COVID 

https://.co/ybbKT8awOy 

#lka #SriLanka #COVID19LKÂ https://.co/IAnEHlvkdj",False,6,,2021-02-02 07:18:13,True,,1356502163481067520,,"<a href=""https://mobile.twitter.com"" rel=""nofollow"">Twitter Web App</a>",CeylonToday,3,False,False,,
49,49,50,"Watch  video Health drink||Hemoglobin booster||With English subtitles || Chitra' cafe @YouTube

-----&gt;Â https://.co/28MHEl6FLB",False,1,,2021-02-02 04:49:27,True,,1356464726696288258,,"<a href=""https://mobile.twitter.com"" rel=""nofollow"">Twitter Web App</a>",chitrascafe,0,False,False,,
50,50,51,"Over 95,000 vaccinated  Covid 19 

https://.co/yL3tnBDLnD 

#lka #SriLanka #COVID19LK #COVID19SL #COVID19Â https://.co/xvLcpjiMPx",False,0,,2021-02-02 03:38:28,True,,1356446865584226306,,"<a href=""https://mobile.twitter.com"" rel=""nofollow"">Twitter Web App</a>",CeylonToday,1,False,False,,
51,51,52,@selvadgr82013 @rhevanth95 Crowd celebration pani #corona vandhuchuna yaruga varuva neega ??  1st government ku ennÂ https://.co/tuIPGgGeq4,False,0,selvadgr82013,2021-02-01 19:36:54,True,1.3560844627364332e+18,1356325674659667968,1.1415129703351624e+18,"<a href=""http://twitter.com/download/android"" rel=""nofollow"">Twitter for Android</a>",YunusAk29527482,0,False,False,,
52,52,53,Meet  #specialstudent Nagaraj   suffered  #multipledisabilities. Although   unable  come  schoÂ https://.co/p1D45EnsiL,False,1,,2021-02-01 17:38:44,True,,1356295936885059585,,"<a href=""http://twitter.com/download/android"" rel=""nofollow"">Twitter for Android</a>",MaduraiYmca,0,False,False,,
53,53,54,"How many times  @howiemandel wash  hands  2020?
A. Same  2019
B. Twice  2019
C. Once every hour
D. SaniÂ https://.co/uTlql9g2mA",False,0,,2021-02-01 15:02:42,True,,1356256667449479168,,"<a href=""http://twitter.com/download/android"" rel=""nofollow"">Twitter for Android</a>",ThanuskaranRK,0,False,False,,
54,54,55,"RT @CeylonToday: Bogawantalawa Regional Hospital closed due  Covid-19 

https://.co/XmtH4CTDJY 

#lka #SriLanka #COVID19LK #coronavirusÂ",False,0,,2021-02-01 09:13:08,False,,1356168697673637888,,"<a href=""https://mobile.twitter.com"" rel=""nofollow"">Twitter Web App</a>",Lasaa_V,1,True,False,,
55,55,56,"RT @CeylonToday: Two doctors   Anuradhapura Teaching Hospital test positive  COVID-19 

https://.co/dO4J0rOMRc 

#lka #SriLanka #CÂ",False,0,,2021-02-01 09:12:54,False,,1356168638169014274,,"<a href=""https://mobile.twitter.com"" rel=""nofollow"">Twitter Web App</a>",Lasaa_V,1,True,False,,
56,56,57,"Two doctors   Anuradhapura Teaching Hospital test positive  COVID-19 

https://.co/dO4J0rOMRc 

#lkaÂ https://.co/eumOU5P0CD",False,3,,2021-02-01 08:18:57,True,,1356155063685828611,,"<a href=""https://mobile.twitter.com"" rel=""nofollow"">Twitter Web App</a>",CeylonToday,1,False,False,,
57,57,58,"Bogawantalawa Regional Hospital closed due  Covid-19 

https://.co/XmtH4CTDJY 

#lka #SriLanka #COVID19LKÂ https://.co/qUrmai94lp",False,1,,2021-02-01 08:15:59,True,,1356154313119309824,,"<a href=""https://mobile.twitter.com"" rel=""nofollow"">Twitter Web App</a>",CeylonToday,1,False,False,,
58,58,59,"RT @infodprtsl: <U+2666><U+FE0F>----------------<U+2666><U+FE0F>2021-01-31<U+2666><U+FE0F>-------------<U+2666><U+FE0F>
Three covid-19 infection deaths  reported  Sri Lanka
#Srilankan #SrilÂ",False,0,,2021-01-31 17:31:01,False,,1355931604468850693,,,UCRGalle,6,True,False,,
59,59,60,"RT @infodprtsl: <U+2666><U+FE0F>----------------<U+2666><U+FE0F>2021-01-31<U+2666><U+FE0F>-------------<U+2666><U+FE0F>
Three covid-19 infection deaths  reported  Sri Lanka
#Srilankan #SrilÂ",False,0,,2021-01-31 17:03:29,False,,1355924676271345668,,"<a href=""https://mobile.twitter.com"" rel=""nofollow"">Twitter Web App</a>",rehanumfernando,6,True,False,,
60,60,61,"<U+2666><U+FE0F>----------------<U+2666><U+FE0F>2021-01-31<U+2666><U+FE0F>-------------<U+2666><U+FE0F>
Three covid-19 infection deaths  reported  Sri LankaÂ https://.co/5IplcOUJp7",False,2,,2021-01-31 17:02:58,True,,1355924548407975939,,"<a href=""https://mobile.twitter.com"" rel=""nofollow"">Twitter Web App</a>",infodprtsl,6,False,False,,
61,61,62,"#BREAKING 
MID '20s WANTED REMOVL OF DES 2 COVIDIOTS AS FOOLN/PLAYN WT CTZN'S LIVES-BOTH SAID NO USE MASKS-I SAID NÂ https://.co/jIChp9IQkL",False,0,,2021-01-31 16:29:40,True,,1355916167525883905,,"<a href=""https://mobile.twitter.com"" rel=""nofollow"">Twitter Web App</a>",Wikiayiyaa,0,False,False,,
62,62,63,"#BREAKING 
REMEMBER!
ALL GATHER NEWS/DATA BOUT CORONA MATTERS 'ONLY' FRM GOOGLE UPDATES/BT TOKE BIG ASSED AS IF DEYÂ https://.co/6Cnt3uloRD",False,0,,2021-01-31 15:21:53,True,,1355899108578504707,,"<a href=""https://mobile.twitter.com"" rel=""nofollow"">Twitter Web App</a>",Wikiayiyaa,0,False,False,,
63,63,64,"RT @infodprtsl: <U+2666><U+FE0F>----------------<U+2666><U+FE0F>2021-01-30<U+2666><U+FE0F>--------------<U+2666><U+FE0F>
442 Covid-19 patients  reported
#Srilankan #Srilanka #lka #Lanka #CeylÂ",False,0,,2021-01-30 16:31:01,False,,1355554120132931585,,,UCRGalle,5,True,False,,
64,64,65,"<U+2666><U+FE0F>----------------<U+2666><U+FE0F>2021-01-30<U+2666><U+FE0F>--------------<U+2666><U+FE0F>
442 Covid-19 patients  reported
#Srilankan #Srilanka #lkaÂ https://.co/4VjMTBpfyP",False,4,,2021-01-30 15:53:16,True,,1355544619250049030,,"<a href=""https://mobile.twitter.com"" rel=""nofollow"">Twitter Web App</a>",infodprtsl,5,False,False,,
65,65,66,"RT @infodprtsl: <U+2666><U+FE0F>----------------<U+2666><U+FE0F>2021-01-30<U+2666><U+FE0F>--------------<U+2666><U+FE0F>
406 Covid-19 patients  reported
#Srilankan #Srilanka #lka #Lanka #CeylÂ",False,0,,2021-01-30 14:31:02,False,,1355523922876395525,,,UCRGalle,4,True,False,,
66,66,67,"RT @CeylonToday: ""Vaccination must  given  teachers  high-risk areas"" 

https://.co/EAEUhImHme 

#lka #SriLanka #vaccination #COVID1Â",False,0,,2021-01-30 14:30:58,False,,1355523908510900225,,"<a href=""https://mobile.twitter.com"" rel=""nofollow"">Twitter Web App</a>",Lasaa_V,2,True,False,,
67,67,68,"<U+2666><U+FE0F>----------------<U+2666><U+FE0F>2021-01-30<U+2666><U+FE0F>--------------<U+2666><U+FE0F>
406 Covid-19 patients  reported
#Srilankan #Srilanka #lkaÂ https://.co/NlvjnWdZZ2",False,5,,2021-01-30 13:42:45,True,,1355511773772869635,,"<a href=""https://mobile.twitter.com"" rel=""nofollow"">Twitter Web App</a>",infodprtsl,4,False,False,,
68,68,69,"RT @NabinNVfc: Tested Positive For #COVID19  <f0><U+009F><U+00A4><U+0092><f0><U+009F><U+0098><U+00B7>

Self Isolation Started For 10Days <f0><U+009F><U+0092><U+008A><f0><U+009F><U+009B><U+008C><f0><U+009F><U+008F><U+00BB>

#QuarantineLife #Corona <f0><U+009F><U+009A><U+00B6>",False,0,,2021-01-30 03:26:21,False,,1355356649792278531,,"<a href=""http://twitter.com/download/android"" rel=""nofollow"">Twitter for Android</a>",NPuthuvely,15,True,False,,
69,69,70,"RT @infodprtsl: <U+2666><U+FE0F>----------------<U+2666><U+FE0F>2021-01-29<U+2666><U+FE0F>--------------<U+2666><U+FE0F>
465 Covid-19 patients  reported
#Srilankan #Srilanka #lka #Lanka #CeylÂ",False,0,,2021-01-29 17:31:34,False,,1355206969842409472,,,UCRGalle,4,True,False,,
70,70,71,"RT @infodprtsl: SLAF FRONT LINE HEALTHCARE WORKERS RECEIVE 
OXFORD-ASTRAZENECA COVID-19 VACCINE
#Srilankan #Srilanka #lka #Lanka #Ceylon #DÂ",False,0,,2021-01-29 16:45:09,False,,1355195286826569732,,"<a href=""http://twitter.com/download/android"" rel=""nofollow"">Twitter for Android</a>",Dammi_S,8,True,False,,
71,71,72,"<U+2666><U+FE0F>----------------<U+2666><U+FE0F>2021-01-29<U+2666><U+FE0F>--------------<U+2666><U+FE0F>
465 Covid-19 patients  reported
#Srilankan #Srilanka #lkaÂ https://.co/U2t6DQ5DT0",False,2,,2021-01-29 16:38:55,True,,1355193720870756354,,"<a href=""https://mobile.twitter.com"" rel=""nofollow"">Twitter Web App</a>",infodprtsl,4,False,False,,
72,72,73,"RT @NabinNVfc: Tested Positive For #COVID19  <f0><U+009F><U+00A4><U+0092><f0><U+009F><U+0098><U+00B7>

Self Isolation Started For 10Days <f0><U+009F><U+0092><U+008A><f0><U+009F><U+009B><U+008C><f0><U+009F><U+008F><U+00BB>

#QuarantineLife #Corona <f0><U+009F><U+009A><U+00B6>",False,0,,2021-01-29 16:22:31,False,,1355189590504574976,,"<a href=""http://twitter.com/download/android"" rel=""nofollow"">Twitter for Android</a>",RPrijith,15,True,False,,
73,73,74,"RT @NabinNVfc: Tested Positive For #COVID19  <f0><U+009F><U+00A4><U+0092><f0><U+009F><U+0098><U+00B7>

Self Isolation Started For 10Days <f0><U+009F><U+0092><U+008A><f0><U+009F><U+009B><U+008C><f0><U+009F><U+008F><U+00BB>

#QuarantineLife #Corona <f0><U+009F><U+009A><U+00B6>",False,0,,2021-01-29 16:13:32,False,,1355187332484194307,,"<a href=""http://twitter.com/download/android"" rel=""nofollow"">Twitter for Android</a>",Manik22815282,15,True,False,,
74,74,75,"RT @NabinNVfc: Tested Positive For #COVID19  <f0><U+009F><U+00A4><U+0092><f0><U+009F><U+0098><U+00B7>

Self Isolation Started For 10Days <f0><U+009F><U+0092><U+008A><f0><U+009F><U+009B><U+008C><f0><U+009F><U+008F><U+00BB>

#QuarantineLife #Corona <f0><U+009F><U+009A><U+00B6>",False,0,,2021-01-29 16:07:53,False,,1355185907075145730,,"<a href=""http://twitter.com/download/android"" rel=""nofollow"">Twitter for Android</a>",63dinesh64,15,True,False,,
75,75,76,"RT @NabinNVfc: Tested Positive For #COVID19  <f0><U+009F><U+00A4><U+0092><f0><U+009F><U+0098><U+00B7>

Self Isolation Started For 10Days <f0><U+009F><U+0092><U+008A><f0><U+009F><U+009B><U+008C><f0><U+009F><U+008F><U+00BB>

#QuarantineLife #Corona <f0><U+009F><U+009A><U+00B6>",False,0,,2021-01-29 16:00:54,False,,1355184152736190465,,"<a href=""http://twitter.com/download/android"" rel=""nofollow"">Twitter for Android</a>",STYLE__01,15,True,False,,
76,76,77,"RT @NabinNVfc: Tested Positive For #COVID19  <f0><U+009F><U+00A4><U+0092><f0><U+009F><U+0098><U+00B7>

Self Isolation Started For 10Days <f0><U+009F><U+0092><U+008A><f0><U+009F><U+009B><U+008C><f0><U+009F><U+008F><U+00BB>

#QuarantineLife #Corona <f0><U+009F><U+009A><U+00B6>",False,0,,2021-01-29 15:53:27,False,,1355182275575443456,,"<a href=""http://twitter.com/download/android"" rel=""nofollow"">Twitter for Android</a>",Vinodh_025,15,True,False,,
77,77,78,"RT @NabinNVfc: Tested Positive For #COVID19  <f0><U+009F><U+00A4><U+0092><f0><U+009F><U+0098><U+00B7>

Self Isolation Started For 10Days <f0><U+009F><U+0092><U+008A><f0><U+009F><U+009B><U+008C><f0><U+009F><U+008F><U+00BB>

#QuarantineLife #Corona <f0><U+009F><U+009A><U+00B6>",False,0,,2021-01-29 15:42:54,False,,1355179620383875073,,"<a href=""http://twitter.com/download/android"" rel=""nofollow"">Twitter for Android</a>",VjFans8,15,True,False,,
78,78,79,"RT @NabinNVfc: Tested Positive For #COVID19  <f0><U+009F><U+00A4><U+0092><f0><U+009F><U+0098><U+00B7>

Self Isolation Started For 10Days <f0><U+009F><U+0092><U+008A><f0><U+009F><U+009B><U+008C><f0><U+009F><U+008F><U+00BB>

#QuarantineLife #Corona <f0><U+009F><U+009A><U+00B6>",False,0,,2021-01-29 15:01:15,False,,1355169140726657027,,"<a href=""http://twitter.com/download/android"" rel=""nofollow"">Twitter for Android</a>",AbiNandhiniii,15,True,False,,
79,79,80,"RT @NabinNVfc: Tested Positive For #COVID19  <f0><U+009F><U+00A4><U+0092><f0><U+009F><U+0098><U+00B7>

Self Isolation Started For 10Days <f0><U+009F><U+0092><U+008A><f0><U+009F><U+009B><U+008C><f0><U+009F><U+008F><U+00BB>

#QuarantineLife #Corona <f0><U+009F><U+009A><U+00B6>",False,0,,2021-01-29 14:59:51,False,,1355168786865934337,,"<a href=""http://twitter.com/download/android"" rel=""nofollow"">Twitter for Android</a>",rodrigues_adorn,15,True,False,,
80,80,81,"RT @MarketNewsLK: Over 2,280 frontline health workers vaccinated   Oxford Astra-Zeneca vaccine today: Dr. Sudath Samaraweera, ChiefÂ",False,0,,2021-01-29 14:39:57,False,,1355163780863426562,,"<a href=""http://twitter.com/download/iphone"" rel=""nofollow"">Twitter for iPhone</a>",ChanakyaDissan1,2,True,False,,
81,81,82,"RT @NabinNVfc: Tested Positive For #COVID19  <f0><U+009F><U+00A4><U+0092><f0><U+009F><U+0098><U+00B7>

Self Isolation Started For 10Days <f0><U+009F><U+0092><U+008A><f0><U+009F><U+009B><U+008C><f0><U+009F><U+008F><U+00BB>

#QuarantineLife #Corona <f0><U+009F><U+009A><U+00B6>",False,0,,2021-01-29 14:35:47,False,,1355162732991930384,,"<a href=""http://twitter.com/download/android"" rel=""nofollow"">Twitter for Android</a>",king_iyyappan,15,True,False,,
82,82,83,"RT @infodprtsl: SLAF FRONT LINE HEALTHCARE WORKERS RECEIVE 
OXFORD-ASTRAZENECA COVID-19 VACCINE
#Srilankan #Srilanka #lka #Lanka #Ceylon #DÂ",False,0,,2021-01-29 14:33:29,False,,1355162152924016644,,"<a href=""https://mobile.twitter.com"" rel=""nofollow"">Twitter Web App</a>",rehanumfernando,8,True,False,,
83,83,84,"RT @infodprtsl: <U+2666><U+FE0F>---------<U+2666><U+FE0F><U+2666><U+FE0F><U+2666><U+FE0F><U+2666><U+FE0F>2021-01-29<U+2666><U+FE0F><U+2666><U+FE0F><U+2666><U+FE0F><U+2666><U+FE0F>----------<U+2666><U+FE0F>
COVID Immunization - Progress  Day 1
#Srilankan #Srilanka #lka #Lanka #Â",False,0,,2021-01-29 14:31:35,False,,1355161672718147585,,,UCRGalle,5,True,False,,
84,84,85,"RT @infodprtsl: <U+2666><U+FE0F><U+2666><U+FE0F><U+2666><U+FE0F><U+2666><U+FE0F>2021-01-29<U+2666><U+FE0F><U+2666><U+FE0F><U+2666><U+FE0F><U+2666><U+FE0F>---------
394 Covid-19 patients  reported
#Srilankan #Srilanka #lka #Lanka #Ceylon #DGI #GoveÂ",False,0,,2021-01-29 14:31:03,False,,1355161539448340483,,,UCRGalle,4,True,False,,
85,85,86,"RT @NabinNVfc: Tested Positive For #COVID19  <f0><U+009F><U+00A4><U+0092><f0><U+009F><U+0098><U+00B7>

Self Isolation Started For 10Days <f0><U+009F><U+0092><U+008A><f0><U+009F><U+009B><U+008C><f0><U+009F><U+008F><U+00BB>

#QuarantineLife #Corona <f0><U+009F><U+009A><U+00B6>",False,0,,2021-01-29 14:15:37,False,,1355157655547863043,,"<a href=""http://twitter.com/download/android"" rel=""nofollow"">Twitter for Android</a>",Harisha64452927,15,True,False,,
86,86,87,"RT @infodprtsl: <U+2666><U+FE0F>---------<U+2666><U+FE0F><U+2666><U+FE0F><U+2666><U+FE0F><U+2666><U+FE0F>2021-01-29<U+2666><U+FE0F><U+2666><U+FE0F><U+2666><U+FE0F><U+2666><U+FE0F>----------<U+2666><U+FE0F>
COVID Immunization - Progress  Day 1
#Srilankan #Srilanka #lka #Lanka #Â",False,0,,2021-01-29 14:04:48,False,,1355154935101464580,,"<a href=""https://mobile.twitter.com"" rel=""nofollow"">Twitter Web App</a>",Kaushalya_R_A,5,True,False,,
87,87,88,"<U+2666><U+FE0F><U+2666><U+FE0F><U+2666><U+FE0F><U+2666><U+FE0F>2021-01-29<U+2666><U+FE0F><U+2666><U+FE0F><U+2666><U+FE0F><U+2666><U+FE0F>---------
394 Covid-19 patients  reported
#Srilankan #Srilanka #lka #Lanka #CeylonÂ https://.co/xMTE1dsYUA",False,2,,2021-01-29 14:03:57,True,,1355154720269205510,,"<a href=""https://mobile.twitter.com"" rel=""nofollow"">Twitter Web App</a>",infodprtsl,4,False,False,,
88,88,89,"<U+2666><U+FE0F>---------<U+2666><U+FE0F><U+2666><U+FE0F><U+2666><U+FE0F><U+2666><U+FE0F>2021-01-29<U+2666><U+FE0F><U+2666><U+FE0F><U+2666><U+FE0F><U+2666><U+FE0F>----------<U+2666><U+FE0F>
COVID Immunization - Progress  Day 1
#Srilankan #Srilanka #lkaÂ https://.co/sV33IGJBoS",False,6,,2021-01-29 14:03:25,True,,1355154585548181504,,"<a href=""https://mobile.twitter.com"" rel=""nofollow"">Twitter Web App</a>",infodprtsl,5,False,False,,
89,89,90,"RT @CeylonToday: ""Vaccination must  given  teachers  high-risk areas"" 

https://.co/EAEUhImHme 

#lka #SriLanka #vaccination #COVID1Â",False,0,,2021-01-29 13:58:30,False,,1355153347918000135,,"<a href=""http://twitter.com/download/android"" rel=""nofollow"">Twitter for Android</a>",dinuk_perera,2,True,False,,
90,90,91,"RT @NabinNVfc: Tested Positive For #COVID19  <f0><U+009F><U+00A4><U+0092><f0><U+009F><U+0098><U+00B7>

Self Isolation Started For 10Days <f0><U+009F><U+0092><U+008A><f0><U+009F><U+009B><U+008C><f0><U+009F><U+008F><U+00BB>

#QuarantineLife #Corona <f0><U+009F><U+009A><U+00B6>",False,0,,2021-01-29 13:56:55,False,,1355152949966557194,,"<a href=""http://twitter.com/download/android"" rel=""nofollow"">Twitter for Android</a>",Vijayak19627479,15,True,False,,
91,91,92,"RT @NabinNVfc: Tested Positive For #COVID19  <f0><U+009F><U+00A4><U+0092><f0><U+009F><U+0098><U+00B7>

Self Isolation Started For 10Days <f0><U+009F><U+0092><U+008A><f0><U+009F><U+009B><U+008C><f0><U+009F><U+008F><U+00BB>

#QuarantineLife #Corona <f0><U+009F><U+009A><U+00B6>",False,0,,2021-01-29 13:56:30,False,,1355152844794417153,,"<a href=""http://twitter.com/download/android"" rel=""nofollow"">Twitter for Android</a>",Veramariiii,15,True,False,,
92,92,93,"RT @MarketNewsLK: Over 2,280 frontline health workers vaccinated   Oxford Astra-Zeneca vaccine today: Dr. Sudath Samaraweera, ChiefÂ",False,0,,2021-01-29 13:53:23,False,,1355152062548307969,,"<a href=""http://twitter.com/download/android"" rel=""nofollow"">Twitter for Android</a>",dinuk_perera,2,True,False,,
93,93,94,"RT @NabinNVfc: Tested Positive For #COVID19  <f0><U+009F><U+00A4><U+0092><f0><U+009F><U+0098><U+00B7>

Self Isolation Started For 10Days <f0><U+009F><U+0092><U+008A><f0><U+009F><U+009B><U+008C><f0><U+009F><U+008F><U+00BB>

#QuarantineLife #Corona <f0><U+009F><U+009A><U+00B6>",False,0,,2021-01-29 13:51:54,False,,1355151688605298689,,"<a href=""http://twitter.com/download/android"" rel=""nofollow"">Twitter for Android</a>",sanjanavfc,15,True,False,,
94,94,95,"Tested Positive For #COVID19  <f0><U+009F><U+00A4><U+0092><f0><U+009F><U+0098><U+00B7>

Self Isolation Started For 10Days <f0><U+009F><U+0092><U+008A><f0><U+009F><U+009B><U+008C><f0><U+009F><U+008F><U+00BB>

#QuarantineLife #Corona <f0><U+009F><U+009A><U+00B6>",False,38,,2021-01-29 13:46:59,False,,1355150448940867584,,"<a href=""http://twitter.com/download/android"" rel=""nofollow"">Twitter for Android</a>",NabinNVfc,15,False,False,,
95,95,96,"""Vaccination must  given  teachers  high-risk areas"" 

https://.co/EAEUhImHme 

#lka #SriLanka #vaccinationÂ https://.co/3ku12Lju4e",False,5,,2021-01-29 13:19:25,True,,1355143514900869129,,"<a href=""https://mobile.twitter.com"" rel=""nofollow"">Twitter Web App</a>",CeylonToday,2,False,False,,
96,96,97,"Over 2,280 frontline health workers vaccinated   Oxford Astra-Zeneca vaccine today: Dr. Sudath Samaraweera,Â https://.co/bmrcHHwM8N",False,14,,2021-01-29 12:57:44,True,,1355138054701281289,,"<a href=""http://twitter.com/download/android"" rel=""nofollow"">Twitter for Android</a>",MarketNewsLK,2,False,False,,
97,97,98,"RT @infodprtsl: SLAF FRONT LINE HEALTHCARE WORKERS RECEIVE 
OXFORD-ASTRAZENECA COVID-19 VACCINE
#Srilankan #Srilanka #lka #Lanka #Ceylon #DÂ",False,0,,2021-01-29 11:31:03,False,,1355116242575753216,,,UCRGalle,8,True,False,,
98,98,99,"RT @infodprtsl: SLAF FRONT LINE HEALTHCARE WORKERS RECEIVE 
OXFORD-ASTRAZENECA COVID-19 VACCINE
#Srilankan #Srilanka #lka #Lanka #Ceylon #DÂ",False,0,,2021-01-29 11:19:25,False,,1355113314620223489,,"<a href=""http://twitter.com/download/android"" rel=""nofollow"">Twitter for Android</a>",Kaushalya_R_A,8,True,False,,
99,99,100,"SLAF FRONT LINE HEALTHCARE WORKERS RECEIVE 
OXFORD-ASTRAZENECA COVID-19 VACCINE
#Srilankan #Srilanka #lka #LankaÂ https://.co/g9SANdsm7K",False,8,,2021-01-29 11:13:55,True,,1355111928406941696,,"<a href=""https://mobile.twitter.com"" rel=""nofollow"">Twitter Web App</a>",infodprtsl,8,False,False,,
100,100,101,"Temporary nurses stage protest  various parts  TN

#Corona #hospitals #TamilNadu #variousnurses  

Read More :
https://.co/t02D1BmQU5",False,0,,2021-01-29 09:00:49,False,,1355078434850922496,,"<a href=""https://mobile.twitter.com"" rel=""nofollow"">Twitter Web App</a>",Updatenews360E,0,False,False,,
101,101,102,"RT @infodprtsl: <U+2666><U+FE0F>---------<U+2666><U+FE0F><U+2666><U+FE0F><U+2666><U+FE0F><U+2666><U+FE0F>2021-01-28<U+2666><U+FE0F><U+2666><U+FE0F><U+2666><U+FE0F><U+2666><U+FE0F>----------<U+2666><U+FE0F>
<f0><U+009F><U+0091><U+0089><f0><U+009F><U+0091><U+0089>501 Covid-19 patients  reported<f0><U+009F><U+0091><U+0088><f0><U+009F><U+0091><U+0088>
#Srilankan #Srilanka #lka #LankaÂ",False,0,,2021-01-28 18:32:06,False,,1354859814598434821,,,UCRGalle,4,True,False,,
102,102,103,"RT @infodprtsl: <U+2666><U+FE0F>---------<U+2666><U+FE0F><U+2666><U+FE0F><U+2666><U+FE0F><U+2666><U+FE0F>2021-01-28<U+2666><U+FE0F><U+2666><U+FE0F><U+2666><U+FE0F><U+2666><U+FE0F>----------<U+2666><U+FE0F>
<f0><U+009F><U+0091><U+0089><f0><U+009F><U+0091><U+0089>501 Covid-19 patients  reported<f0><U+009F><U+0091><U+0088><f0><U+009F><U+0091><U+0088>
#Srilankan #Srilanka #lka #LankaÂ",False,0,,2021-01-28 18:31:34,False,,1354859681496367106,,,UCRGalle,4,True,False,,
103,103,104,"<U+2666><U+FE0F>---------<U+2666><U+FE0F><U+2666><U+FE0F><U+2666><U+FE0F><U+2666><U+FE0F>2021-01-28<U+2666><U+FE0F><U+2666><U+FE0F><U+2666><U+FE0F><U+2666><U+FE0F>----------<U+2666><U+FE0F>
<f0><U+009F><U+0091><U+0089><f0><U+009F><U+0091><U+0089>501 Covid-19 patients  reported<f0><U+009F><U+0091><U+0088><f0><U+009F><U+0091><U+0088>
#Srilankan #Srilanka #lkaÂ https://.co/SxMNtkr5z5",False,4,,2021-01-28 17:33:45,True,,1354845129572573190,,"<a href=""https://mobile.twitter.com"" rel=""nofollow"">Twitter Web App</a>",infodprtsl,4,False,False,,
104,104,105,"<U+2666><U+FE0F>---------<U+2666><U+FE0F><U+2666><U+FE0F><U+2666><U+FE0F><U+2666><U+FE0F>2021-01-28<U+2666><U+FE0F><U+2666><U+FE0F><U+2666><U+FE0F><U+2666><U+FE0F>----------<U+2666><U+FE0F>
<f0><U+009F><U+0091><U+0089><f0><U+009F><U+0091><U+0089>501 Covid-19 patients  reported<f0><U+009F><U+0091><U+0088><f0><U+009F><U+0091><U+0088>
#Srilankan #Srilanka #lkaÂ https://.co/3dpfPDOXjL",False,4,,2021-01-28 17:32:52,True,,1354844908138455041,,"<a href=""https://mobile.twitter.com"" rel=""nofollow"">Twitter Web App</a>",infodprtsl,4,False,False,,
105,105,106,"RT @newsdotlk: <U+2666><U+FE0F>---------<U+2666><U+FE0F><U+2666><U+FE0F><U+2666><U+FE0F><U+2666><U+FE0F>2021-01-28<U+2666><U+FE0F><U+2666><U+FE0F><U+2666><U+FE0F><U+2666><U+FE0F>----------<U+2666><U+FE0F>
<f0><U+009F><U+0091><U+0089><f0><U+009F><U+0091><U+0089>351 Covid-19 patients  reported<f0><U+009F><U+0091><U+0088><f0><U+009F><U+0091><U+0088>
#Srilankan #Srilanka #lka #CoronavÂ",False,0,,2021-01-28 16:31:52,False,,1354829558818566147,,"<a href=""https://akonita.com"" rel=""nofollow"">srilanka247</a>",SriLankanBuzz,1,True,False,,
106,106,107,"<U+2666><U+FE0F>---------<U+2666><U+FE0F><U+2666><U+FE0F><U+2666><U+FE0F><U+2666><U+FE0F>2021-01-28<U+2666><U+FE0F><U+2666><U+FE0F><U+2666><U+FE0F><U+2666><U+FE0F>----------<U+2666><U+FE0F>
<f0><U+009F><U+0091><U+0089><f0><U+009F><U+0091><U+0089>351 Covid-19 patients  reported<f0><U+009F><U+0091><U+0088><f0><U+009F><U+0091><U+0088>
#Srilankan #Srilanka #lkaÂ https://.co/HCgbHy0pvC",False,0,,2021-01-28 15:34:35,True,,1354815140193943559,,"<a href=""http://twitter.com/download/android"" rel=""nofollow"">Twitter for Android</a>",newsdotlk,1,False,False,,
107,107,108,"International flights  remain suspended till Feb 28

India  Thursday extended  suspension  scheduled commeÂ https://.co/91No0LcxY0",False,0,,2021-01-28 15:33:36,True,,1354814892855836672,,"<a href=""https://mobile.twitter.com"" rel=""nofollow"">Twitter Web App</a>",soundarc2001,0,False,False,,
108,108,109,"Slight dip  positivity rate  Kerala reports 5,771 new corona cases #Covid19 #KERALACOVID #IMA #Corona https://.co/DZytaWTleH",False,0,,2021-01-28 14:44:09,False,,1354802447298883592,,"<a href=""https://hocalwire.com"" rel=""nofollow"">Hocalwire Social Share</a>",madhyamam_eng,0,False,False,,
109,109,110,"RT @infodprtsl: <U+2666><U+FE0F>---------<U+2666><U+FE0F><U+2666><U+FE0F><U+2666><U+FE0F><U+2666><U+FE0F>2021-01-28<U+2666><U+FE0F><U+2666><U+FE0F><U+2666><U+FE0F><U+2666><U+FE0F>----------<U+2666><U+FE0F>
<f0><U+009F><U+0091><U+0089><f0><U+009F><U+0091><U+0089>351 Covid-19 patients  reported<f0><U+009F><U+0091><U+0088><f0><U+009F><U+0091><U+0088>
#Srilankan #Srilanka #lka #LankaÂ",False,0,,2021-01-28 13:31:02,False,,1354784049911508992,,,UCRGalle,5,True,False,,
110,110,111,"<U+2666><U+FE0F>---------<U+2666><U+FE0F><U+2666><U+FE0F><U+2666><U+FE0F><U+2666><U+FE0F>2021-01-28<U+2666><U+FE0F><U+2666><U+FE0F><U+2666><U+FE0F><U+2666><U+FE0F>----------<U+2666><U+FE0F>
<f0><U+009F><U+0091><U+0089><f0><U+009F><U+0091><U+0089>351 Covid-19 patients  reported<f0><U+009F><U+0091><U+0088><f0><U+009F><U+0091><U+0088>
#Srilankan #Srilanka #lkaÂ https://.co/KMv20OtfuM",False,3,,2021-01-28 13:29:40,True,,1354783705844359169,,"<a href=""https://mobile.twitter.com"" rel=""nofollow"">Twitter Web App</a>",infodprtsl,5,False,False,,
111,111,112,"RT @infodprtsl: <U+2666><U+FE0F><U+2666><U+FE0F><U+2666><U+FE0F><U+2666><U+FE0F>2021-01-27<U+2666><U+FE0F><U+2666><U+FE0F><U+2666><U+FE0F><U+2666><U+FE0F>
<f0><U+009F><U+0091><U+0089><f0><U+009F><U+0091><U+0089>Two covid-19 infection deaths  reported  Sri Lanka<f0><U+009F><U+0091><U+0088><f0><U+009F><U+0091><U+0088>
#Srilankan #Srilanka #lka #Lanka #CÂ",False,0,,2021-01-28 12:04:41,False,,1354762317263753217,,"<a href=""https://mobile.twitter.com"" rel=""nofollow"">Twitter Web App</a>",rehanumfernando,5,True,False,,
