,,,text,favorited,favoriteCount,replyToSN,created,truncated,replyToSID,id,replyToUID,statusSource,screenName,retweetCount,isRetweet,retweeted,longitude,latitude
0,0,1,RT @rodrigues_adorn: Breaking : Saudi Arabia announces travel ban  travellers  20 countries including starting  tomorrow owing Â,False,0,,2021-02-03 03:18:10,False,,1356804141234880515,,"<a href=""http://twitter.com/download/android"" rel=""nofollow"">Twitter for Android</a>",Pranav09908898,5,True,False,,
1,1,2,RT @Forumkeralam2: Breaking : Saudi Arabia announces travel ban  travellers  20 countries including starting  tomorrow owing  Â,False,0,,2021-02-03 03:13:45,False,,1356803033263349761,,"<a href=""http://twitter.com/download/android"" rel=""nofollow"">Twitter for Android</a>",JaisonMonayi369,8,True,False,,
2,2,3,RT @Forumkeralam2: Breaking : Saudi Arabia announces travel ban  travellers  20 countries including starting  tomorrow owing  Â,False,0,,2021-02-03 03:02:31,False,,1356800204817584129,,"<a href=""http://twitter.com/download/android"" rel=""nofollow"">Twitter for Android</a>",abid_369,8,True,False,,
3,3,4,RT @Forumkeralam2: Breaking : Saudi Arabia announces travel ban  travellers  20 countries including starting  tomorrow owing  Â,False,0,,2021-02-03 03:02:14,False,,1356800133791444999,,"<a href=""http://twitter.com/download/android"" rel=""nofollow"">Twitter for Android</a>",mr_ajmal369,8,True,False,,
4,4,5,"Chief Growth Officer  oDoc Nare Bandaranayake answers  vital questions   COVID-19 vaccine,  Friday Â https://.co/vvnMPqobAn",False,1,,2021-02-03 02:50:38,True,,1356797213217853441,,"<a href=""http://twitter.com/download/iphone"" rel=""nofollow"">Twitter for iPhone</a>",RodrigoSavithri,0,False,False,,
5,5,6,RT @Forumkeralam2: Breaking : Saudi Arabia announces travel ban  travellers  20 countries including starting  tomorrow owing  Â,False,0,,2021-02-03 02:43:00,False,,1356795292809486336,,"<a href=""http://twitter.com/download/android"" rel=""nofollow"">Twitter for Android</a>",RPrijith,8,True,False,,
6,6,7,RT @Forumkeralam2: Breaking : Saudi Arabia announces travel ban  travellers  20 countries including starting  tomorrow owing  Â,False,0,,2021-02-03 02:31:10,False,,1356792315449208832,,"<a href=""http://twitter.com/download/android"" rel=""nofollow"">Twitter for Android</a>",alanjacobtbk,8,True,False,,
7,7,8,RT @Forumkeralam2: Breaking : Saudi Arabia announces travel ban  travellers  20 countries including starting  tomorrow owing  Â,False,0,,2021-02-02 21:49:56,False,,1356721538163118080,,"<a href=""http://twitter.com/download/android"" rel=""nofollow"">Twitter for Android</a>",lenish_leon,8,True,False,,
8,8,9,"We ' free, We  controlled   diseases like #Corona. I wonder?     free eh? erryfuckingtime Â https://.co/H6iBd0D4Fn",False,0,,2021-02-02 19:52:11,True,,1356691909490671622,,"<a href=""https://mobile.twitter.com"" rel=""nofollow"">Twitter Web App</a>",chop______,0,False,False,,
9,9,10,RT @rodrigues_adorn: Breaking : Saudi Arabia announces travel ban  travellers  20 countries including starting  tomorrow owing Â,False,0,,2021-02-02 19:50:06,False,,1356691382363062272,,"<a href=""http://twitter.com/download/android"" rel=""nofollow"">Twitter for Android</a>",Abel_lalettan,5,True,False,,
10,10,11,RT @rodrigues_adorn: Breaking : Saudi Arabia announces travel ban  travellers  20 countries including starting  tomorrow owing Â,False,0,,2021-02-02 19:44:55,False,,1356690078454620160,,"<a href=""http://twitter.com/download/android"" rel=""nofollow"">Twitter for Android</a>",kerala_mohanlal,5,True,False,,
11,11,12,RT @rodrigues_adorn: Breaking : Saudi Arabia announces travel ban  travellers  20 countries including starting  tomorrow owing Â,False,0,,2021-02-02 19:01:59,False,,1356679274678296577,,"<a href=""http://twitter.com/download/android"" rel=""nofollow"">Twitter for Android</a>",VJMuthu16,5,True,False,,
12,12,13,RT @rodrigues_adorn: Breaking : Saudi Arabia announces travel ban  travellers  20 countries including starting  tomorrow owing Â,False,0,,2021-02-02 19:00:32,False,,1356678907932663813,,"<a href=""http://twitter.com/download/android"" rel=""nofollow"">Twitter for Android</a>",squad_plus,5,True,False,,
13,13,14,Breaking : Saudi Arabia announces travel ban  travellers  20 countries including starting  tomorrow owingÂ https://.co/BHRUaSLdxM,False,9,,2021-02-02 18:59:52,True,,1356678740059820033,,"<a href=""http://twitter.com/download/android"" rel=""nofollow"">Twitter for Android</a>",rodrigues_adorn,5,False,False,,
14,14,15,RT @Forumkeralam2: Breaking : Saudi Arabia announces travel ban  travellers  20 countries including starting  tomorrow owing  Â,False,0,,2021-02-02 18:56:01,False,,1356677772861607936,,"<a href=""http://twitter.com/download/android"" rel=""nofollow"">Twitter for Android</a>",Jibinma90840379,8,True,False,,
15,15,16,RT @Forumkeralam2: Breaking : Saudi Arabia announces travel ban  travellers  20 countries including starting  tomorrow owing  Â,False,0,,2021-02-02 18:55:44,False,,1356677702514733056,,"<a href=""http://twitter.com/download/android"" rel=""nofollow"">Twitter for Android</a>",John_Wick___,8,True,False,,
16,16,17,Breaking : Saudi Arabia announces travel ban  travellers  20 countries including starting  tomorrow owingÂ https://.co/kT9vPw1wv9,False,90,,2021-02-02 18:54:57,True,,1356677502085853184,,"<a href=""http://twitter.com/download/android"" rel=""nofollow"">Twitter for Android</a>",Forumkeralam2,8,False,False,,
17,17,18,"Former Speaker tests positive  COVID-19 

https://.co/lnVYe1o8Hi 

#lka #SriLanka #COVID19LK #COVID19SL #Covid_19 #Corona #COVID19",False,1,,2021-02-02 11:31:45,False,,1356565967543885825,,"<a href=""https://mobile.twitter.com"" rel=""nofollow"">Twitter Web App</a>",CeylonToday,1,False,False,,
18,18,19,"Be  COVID Warrior.Please use high quality Mask manufactured  ProbeLab India.

For  information please call +Â https://.co/denpEFWhrf",False,0,,2021-02-02 08:29:58,True,,1356520222937726977,,"<a href=""https://www.hootsuite.com"" rel=""nofollow"">Hootsuite Inc.</a>",probe_lab,0,False,False,,
19,19,20,"Southern Province Governor tests positive  Covid-19 

https://.co/A1N71TdCbx 

#lka #SriLanka #COVID19LKÂ https://.co/8UrxGBK6kJ",False,1,,2021-02-02 08:27:40,True,,1356519644207710208,,"<a href=""https://mobile.twitter.com"" rel=""nofollow"">Twitter Web App</a>",CeylonToday,0,False,False,,
20,20,21,"RT @CeylonToday: Five students  Jaffna University test positive  COVID 

https://.co/ybbKT8awOy 

#lka #SriLanka #COVID19LK #COVID19SÂ",False,0,,2021-02-02 07:21:32,False,,1356503001536552961,,"<a href=""https://mobile.twitter.com"" rel=""nofollow"">Twitter Web App</a>",dinuk_perera,3,True,False,,
21,21,22,"RT @CeylonToday: Five students  Jaffna University test positive  COVID 

https://.co/ybbKT8awOy 

#lka #SriLanka #COVID19LK #COVID19SÂ",False,0,,2021-02-02 07:18:59,False,,1356502359095017473,,"<a href=""https://mobile.twitter.com"" rel=""nofollow"">Twitter Web App</a>",sulorammohan,3,True,False,,
22,22,23,"Five students  Jaffna University test positive  COVID 

https://.co/ybbKT8awOy 

#lka #SriLanka #COVID19LKÂ https://.co/IAnEHlvkdj",False,6,,2021-02-02 07:18:13,True,,1356502163481067520,,"<a href=""https://mobile.twitter.com"" rel=""nofollow"">Twitter Web App</a>",CeylonToday,3,False,False,,
23,23,24,"Watch  video Health drink||Hemoglobin booster||With English subtitles || Chitra' cafe @YouTube

-----&gt;Â https://.co/28MHEl6FLB",False,1,,2021-02-02 04:49:27,True,,1356464726696288258,,"<a href=""https://mobile.twitter.com"" rel=""nofollow"">Twitter Web App</a>",chitrascafe,0,False,False,,
24,24,25,"Over 95,000 vaccinated  Covid 19 

https://.co/yL3tnBDLnD 

#lka #SriLanka #COVID19LK #COVID19SL #COVID19Â https://.co/xvLcpjiMPx",False,0,,2021-02-02 03:38:28,True,,1356446865584226306,,"<a href=""https://mobile.twitter.com"" rel=""nofollow"">Twitter Web App</a>",CeylonToday,1,False,False,,
25,25,26,@selvadgr82013 @rhevanth95 Crowd celebration pani #corona vandhuchuna yaruga varuva neega ??  1st government ku ennÂ https://.co/tuIPGgGeq4,False,0,selvadgr82013,2021-02-01 19:36:54,True,1.3560844627364332e+18,1356325674659667968,1.1415129703351624e+18,"<a href=""http://twitter.com/download/android"" rel=""nofollow"">Twitter for Android</a>",YunusAk29527482,0,False,False,,
26,26,27,Meet  #specialstudent Nagaraj   suffered  #multipledisabilities. Although   unable  come  schoÂ https://.co/p1D45EnsiL,False,1,,2021-02-01 17:38:44,True,,1356295936885059585,,"<a href=""http://twitter.com/download/android"" rel=""nofollow"">Twitter for Android</a>",MaduraiYmca,0,False,False,,
27,27,28,"How many times  @howiemandel wash  hands  2020?
A. Same  2019
B. Twice  2019
C. Once every hour
D. SaniÂ https://.co/uTlql9g2mA",False,0,,2021-02-01 15:02:42,True,,1356256667449479168,,"<a href=""http://twitter.com/download/android"" rel=""nofollow"">Twitter for Android</a>",ThanuskaranRK,0,False,False,,
28,28,29,"Two doctors   Anuradhapura Teaching Hospital test positive  COVID-19 

https://.co/dO4J0rOMRc 

#lkaÂ https://.co/eumOU5P0CD",False,3,,2021-02-01 08:18:57,True,,1356155063685828611,,"<a href=""https://mobile.twitter.com"" rel=""nofollow"">Twitter Web App</a>",CeylonToday,1,False,False,,
29,29,30,"Bogawantalawa Regional Hospital closed due  Covid-19 

https://.co/XmtH4CTDJY 

#lka #SriLanka #COVID19LKÂ https://.co/qUrmai94lp",False,1,,2021-02-01 08:15:59,True,,1356154313119309824,,"<a href=""https://mobile.twitter.com"" rel=""nofollow"">Twitter Web App</a>",CeylonToday,1,False,False,,
30,30,31,"RT @infodprtsl: <U+2666><U+FE0F>----------------<U+2666><U+FE0F>2021-01-31<U+2666><U+FE0F>-------------<U+2666><U+FE0F>
Three covid-19 infection deaths  reported  Sri Lanka
#Srilankan #SrilÂ",False,0,,2021-01-31 17:31:01,False,,1355931604468850693,,,UCRGalle,5,True,False,,
31,31,32,"RT @infodprtsl: <U+2666><U+FE0F>----------------<U+2666><U+FE0F>2021-01-31<U+2666><U+FE0F>-------------<U+2666><U+FE0F>
Three covid-19 infection deaths  reported  Sri Lanka
#Srilankan #SrilÂ",False,0,,2021-01-31 17:03:29,False,,1355924676271345668,,"<a href=""https://mobile.twitter.com"" rel=""nofollow"">Twitter Web App</a>",rehanumfernando,5,True,False,,
32,32,33,"<U+2666><U+FE0F>----------------<U+2666><U+FE0F>2021-01-31<U+2666><U+FE0F>-------------<U+2666><U+FE0F>
Three covid-19 infection deaths  reported  Sri LankaÂ https://.co/5IplcOUJp7",False,2,,2021-01-31 17:02:58,True,,1355924548407975939,,"<a href=""https://mobile.twitter.com"" rel=""nofollow"">Twitter Web App</a>",infodprtsl,5,False,False,,
33,33,34,"#BREAKING 
MID '20s WANTED REMOVL OF DES 2 COVIDIOTS AS FOOLN/PLAYN WT CTZN'S LIVES-BOTH SAID NO USE MASKS-I SAID NÂ https://.co/jIChp9IQkL",False,0,,2021-01-31 16:29:40,True,,1355916167525883905,,"<a href=""https://mobile.twitter.com"" rel=""nofollow"">Twitter Web App</a>",Wikiayiyaa,0,False,False,,
34,34,35,"#BREAKING 
REMEMBER!
ALL GATHER NEWS/DATA BOUT CORONA MATTERS 'ONLY' FRM GOOGLE UPDATES/BT TOKE BIG ASSED AS IF DEYÂ https://.co/6Cnt3uloRD",False,0,,2021-01-31 15:21:53,True,,1355899108578504707,,"<a href=""https://mobile.twitter.com"" rel=""nofollow"">Twitter Web App</a>",Wikiayiyaa,0,False,False,,
35,35,36,"RT @infodprtsl: <U+2666><U+FE0F>----------------<U+2666><U+FE0F>2021-01-30<U+2666><U+FE0F>--------------<U+2666><U+FE0F>
442 Covid-19 patients  reported
#Srilankan #Srilanka #lka #Lanka #CeylÂ",False,0,,2021-01-30 16:31:01,False,,1355554120132931585,,,UCRGalle,4,True,False,,
36,36,37,"<U+2666><U+FE0F>----------------<U+2666><U+FE0F>2021-01-30<U+2666><U+FE0F>--------------<U+2666><U+FE0F>
442 Covid-19 patients  reported
#Srilankan #Srilanka #lkaÂ https://.co/4VjMTBpfyP",False,4,,2021-01-30 15:53:16,True,,1355544619250049030,,"<a href=""https://mobile.twitter.com"" rel=""nofollow"">Twitter Web App</a>",infodprtsl,4,False,False,,
37,37,38,"RT @infodprtsl: <U+2666><U+FE0F>----------------<U+2666><U+FE0F>2021-01-30<U+2666><U+FE0F>--------------<U+2666><U+FE0F>
406 Covid-19 patients  reported
#Srilankan #Srilanka #lka #Lanka #CeylÂ",False,0,,2021-01-30 14:31:02,False,,1355523922876395525,,,UCRGalle,3,True,False,,
38,38,39,"<U+2666><U+FE0F>----------------<U+2666><U+FE0F>2021-01-30<U+2666><U+FE0F>--------------<U+2666><U+FE0F>
406 Covid-19 patients  reported
#Srilankan #Srilanka #lkaÂ https://.co/NlvjnWdZZ2",False,5,,2021-01-30 13:42:45,True,,1355511773772869635,,"<a href=""https://mobile.twitter.com"" rel=""nofollow"">Twitter Web App</a>",infodprtsl,3,False,False,,
39,39,40,"RT @NabinNVfc: Tested Positive For #COVID19  <f0><U+009F><U+00A4><U+0092><f0><U+009F><U+0098><U+00B7>

Self Isolation Started For 10Days <f0><U+009F><U+0092><U+008A><f0><U+009F><U+009B><U+008C><f0><U+009F><U+008F><U+00BB>

#QuarantineLife #Corona <f0><U+009F><U+009A><U+00B6>",False,0,,2021-01-30 03:26:21,False,,1355356649792278531,,"<a href=""http://twitter.com/download/android"" rel=""nofollow"">Twitter for Android</a>",NPuthuvely,15,True,False,,
40,40,41,"RT @infodprtsl: <U+2666><U+FE0F>----------------<U+2666><U+FE0F>2021-01-29<U+2666><U+FE0F>--------------<U+2666><U+FE0F>
465 Covid-19 patients  reported
#Srilankan #Srilanka #lka #Lanka #CeylÂ",False,0,,2021-01-29 17:31:34,False,,1355206969842409472,,,UCRGalle,4,True,False,,
41,41,42,"RT @infodprtsl: SLAF FRONT LINE HEALTHCARE WORKERS RECEIVE 
OXFORD-ASTRAZENECA COVID-19 VACCINE
#Srilankan #Srilanka #lka #Lanka #Ceylon #DÂ",False,0,,2021-01-29 16:45:09,False,,1355195286826569732,,"<a href=""http://twitter.com/download/android"" rel=""nofollow"">Twitter for Android</a>",Dammi_S,8,True,False,,
42,42,43,"<U+2666><U+FE0F>----------------<U+2666><U+FE0F>2021-01-29<U+2666><U+FE0F>--------------<U+2666><U+FE0F>
465 Covid-19 patients  reported
#Srilankan #Srilanka #lkaÂ https://.co/U2t6DQ5DT0",False,2,,2021-01-29 16:38:55,True,,1355193720870756354,,"<a href=""https://mobile.twitter.com"" rel=""nofollow"">Twitter Web App</a>",infodprtsl,4,False,False,,
43,43,44,"RT @NabinNVfc: Tested Positive For #COVID19  <f0><U+009F><U+00A4><U+0092><f0><U+009F><U+0098><U+00B7>

Self Isolation Started For 10Days <f0><U+009F><U+0092><U+008A><f0><U+009F><U+009B><U+008C><f0><U+009F><U+008F><U+00BB>

#QuarantineLife #Corona <f0><U+009F><U+009A><U+00B6>",False,0,,2021-01-29 16:22:31,False,,1355189590504574976,,"<a href=""http://twitter.com/download/android"" rel=""nofollow"">Twitter for Android</a>",RPrijith,15,True,False,,
44,44,45,"RT @NabinNVfc: Tested Positive For #COVID19  <f0><U+009F><U+00A4><U+0092><f0><U+009F><U+0098><U+00B7>

Self Isolation Started For 10Days <f0><U+009F><U+0092><U+008A><f0><U+009F><U+009B><U+008C><f0><U+009F><U+008F><U+00BB>

#QuarantineLife #Corona <f0><U+009F><U+009A><U+00B6>",False,0,,2021-01-29 16:13:32,False,,1355187332484194307,,"<a href=""http://twitter.com/download/android"" rel=""nofollow"">Twitter for Android</a>",Manik22815282,15,True,False,,
45,45,46,"RT @NabinNVfc: Tested Positive For #COVID19  <f0><U+009F><U+00A4><U+0092><f0><U+009F><U+0098><U+00B7>

Self Isolation Started For 10Days <f0><U+009F><U+0092><U+008A><f0><U+009F><U+009B><U+008C><f0><U+009F><U+008F><U+00BB>

#QuarantineLife #Corona <f0><U+009F><U+009A><U+00B6>",False,0,,2021-01-29 16:07:53,False,,1355185907075145730,,"<a href=""http://twitter.com/download/android"" rel=""nofollow"">Twitter for Android</a>",63dinesh64,15,True,False,,
46,46,47,"RT @NabinNVfc: Tested Positive For #COVID19  <f0><U+009F><U+00A4><U+0092><f0><U+009F><U+0098><U+00B7>

Self Isolation Started For 10Days <f0><U+009F><U+0092><U+008A><f0><U+009F><U+009B><U+008C><f0><U+009F><U+008F><U+00BB>

#QuarantineLife #Corona <f0><U+009F><U+009A><U+00B6>",False,0,,2021-01-29 16:00:54,False,,1355184152736190465,,"<a href=""http://twitter.com/download/android"" rel=""nofollow"">Twitter for Android</a>",STYLE__01,15,True,False,,
47,47,48,"RT @NabinNVfc: Tested Positive For #COVID19  <f0><U+009F><U+00A4><U+0092><f0><U+009F><U+0098><U+00B7>

Self Isolation Started For 10Days <f0><U+009F><U+0092><U+008A><f0><U+009F><U+009B><U+008C><f0><U+009F><U+008F><U+00BB>

#QuarantineLife #Corona <f0><U+009F><U+009A><U+00B6>",False,0,,2021-01-29 15:53:27,False,,1355182275575443456,,"<a href=""http://twitter.com/download/android"" rel=""nofollow"">Twitter for Android</a>",Vinodh_025,15,True,False,,
48,48,49,"RT @NabinNVfc: Tested Positive For #COVID19  <f0><U+009F><U+00A4><U+0092><f0><U+009F><U+0098><U+00B7>

Self Isolation Started For 10Days <f0><U+009F><U+0092><U+008A><f0><U+009F><U+009B><U+008C><f0><U+009F><U+008F><U+00BB>

#QuarantineLife #Corona <f0><U+009F><U+009A><U+00B6>",False,0,,2021-01-29 15:42:54,False,,1355179620383875073,,"<a href=""http://twitter.com/download/android"" rel=""nofollow"">Twitter for Android</a>",VjFans8,15,True,False,,
49,49,50,"RT @NabinNVfc: Tested Positive For #COVID19  <f0><U+009F><U+00A4><U+0092><f0><U+009F><U+0098><U+00B7>

Self Isolation Started For 10Days <f0><U+009F><U+0092><U+008A><f0><U+009F><U+009B><U+008C><f0><U+009F><U+008F><U+00BB>

#QuarantineLife #Corona <f0><U+009F><U+009A><U+00B6>",False,0,,2021-01-29 15:01:15,False,,1355169140726657027,,"<a href=""http://twitter.com/download/android"" rel=""nofollow"">Twitter for Android</a>",AbiNandhiniii,15,True,False,,
50,50,51,"RT @NabinNVfc: Tested Positive For #COVID19  <f0><U+009F><U+00A4><U+0092><f0><U+009F><U+0098><U+00B7>

Self Isolation Started For 10Days <f0><U+009F><U+0092><U+008A><f0><U+009F><U+009B><U+008C><f0><U+009F><U+008F><U+00BB>

#QuarantineLife #Corona <f0><U+009F><U+009A><U+00B6>",False,0,,2021-01-29 14:59:51,False,,1355168786865934337,,"<a href=""http://twitter.com/download/android"" rel=""nofollow"">Twitter for Android</a>",rodrigues_adorn,15,True,False,,
51,51,52,"RT @MarketNewsLK: Over 2,280 frontline health workers vaccinated   Oxford Astra-Zeneca vaccine today: Dr. Sudath Samaraweera, ChiefÂ",False,0,,2021-01-29 14:39:57,False,,1355163780863426562,,"<a href=""http://twitter.com/download/iphone"" rel=""nofollow"">Twitter for iPhone</a>",ChanakyaDissan1,2,True,False,,
52,52,53,"RT @NabinNVfc: Tested Positive For #COVID19  <f0><U+009F><U+00A4><U+0092><f0><U+009F><U+0098><U+00B7>

Self Isolation Started For 10Days <f0><U+009F><U+0092><U+008A><f0><U+009F><U+009B><U+008C><f0><U+009F><U+008F><U+00BB>

#QuarantineLife #Corona <f0><U+009F><U+009A><U+00B6>",False,0,,2021-01-29 14:35:47,False,,1355162732991930384,,"<a href=""http://twitter.com/download/android"" rel=""nofollow"">Twitter for Android</a>",king_iyyappan,15,True,False,,
53,53,54,"RT @infodprtsl: SLAF FRONT LINE HEALTHCARE WORKERS RECEIVE 
OXFORD-ASTRAZENECA COVID-19 VACCINE
#Srilankan #Srilanka #lka #Lanka #Ceylon #DÂ",False,0,,2021-01-29 14:33:29,False,,1355162152924016644,,"<a href=""https://mobile.twitter.com"" rel=""nofollow"">Twitter Web App</a>",rehanumfernando,8,True,False,,
54,54,55,"RT @infodprtsl: <U+2666><U+FE0F>---------<U+2666><U+FE0F><U+2666><U+FE0F><U+2666><U+FE0F><U+2666><U+FE0F>2021-01-29<U+2666><U+FE0F><U+2666><U+FE0F><U+2666><U+FE0F><U+2666><U+FE0F>----------<U+2666><U+FE0F>
COVID Immunization - Progress  Day 1
#Srilankan #Srilanka #lka #Lanka #Â",False,0,,2021-01-29 14:31:35,False,,1355161672718147585,,,UCRGalle,5,True,False,,
55,55,56,"RT @infodprtsl: <U+2666><U+FE0F><U+2666><U+FE0F><U+2666><U+FE0F><U+2666><U+FE0F>2021-01-29<U+2666><U+FE0F><U+2666><U+FE0F><U+2666><U+FE0F><U+2666><U+FE0F>---------
394 Covid-19 patients  reported
#Srilankan #Srilanka #lka #Lanka #Ceylon #DGI #GoveÂ",False,0,,2021-01-29 14:31:03,False,,1355161539448340483,,,UCRGalle,4,True,False,,
56,56,57,"RT @NabinNVfc: Tested Positive For #COVID19  <f0><U+009F><U+00A4><U+0092><f0><U+009F><U+0098><U+00B7>

Self Isolation Started For 10Days <f0><U+009F><U+0092><U+008A><f0><U+009F><U+009B><U+008C><f0><U+009F><U+008F><U+00BB>

#QuarantineLife #Corona <f0><U+009F><U+009A><U+00B6>",False,0,,2021-01-29 14:15:37,False,,1355157655547863043,,"<a href=""http://twitter.com/download/android"" rel=""nofollow"">Twitter for Android</a>",Harisha64452927,15,True,False,,
57,57,58,"RT @infodprtsl: <U+2666><U+FE0F>---------<U+2666><U+FE0F><U+2666><U+FE0F><U+2666><U+FE0F><U+2666><U+FE0F>2021-01-29<U+2666><U+FE0F><U+2666><U+FE0F><U+2666><U+FE0F><U+2666><U+FE0F>----------<U+2666><U+FE0F>
COVID Immunization - Progress  Day 1
#Srilankan #Srilanka #lka #Lanka #Â",False,0,,2021-01-29 14:04:48,False,,1355154935101464580,,"<a href=""https://mobile.twitter.com"" rel=""nofollow"">Twitter Web App</a>",Kaushalya_R_A,5,True,False,,
58,58,59,"<U+2666><U+FE0F><U+2666><U+FE0F><U+2666><U+FE0F><U+2666><U+FE0F>2021-01-29<U+2666><U+FE0F><U+2666><U+FE0F><U+2666><U+FE0F><U+2666><U+FE0F>---------
394 Covid-19 patients  reported
#Srilankan #Srilanka #lka #Lanka #CeylonÂ https://.co/xMTE1dsYUA",False,2,,2021-01-29 14:03:57,True,,1355154720269205510,,"<a href=""https://mobile.twitter.com"" rel=""nofollow"">Twitter Web App</a>",infodprtsl,4,False,False,,
59,59,60,"<U+2666><U+FE0F>---------<U+2666><U+FE0F><U+2666><U+FE0F><U+2666><U+FE0F><U+2666><U+FE0F>2021-01-29<U+2666><U+FE0F><U+2666><U+FE0F><U+2666><U+FE0F><U+2666><U+FE0F>----------<U+2666><U+FE0F>
COVID Immunization - Progress  Day 1
#Srilankan #Srilanka #lkaÂ https://.co/sV33IGJBoS",False,6,,2021-01-29 14:03:25,True,,1355154585548181504,,"<a href=""https://mobile.twitter.com"" rel=""nofollow"">Twitter Web App</a>",infodprtsl,5,False,False,,
60,60,61,"RT @CeylonToday: ""Vaccination must  given  teachers  high-risk areas"" 

https://.co/EAEUhImHme 

#lka #SriLanka #vaccination #COVID1Â",False,0,,2021-01-29 13:58:30,False,,1355153347918000135,,"<a href=""http://twitter.com/download/android"" rel=""nofollow"">Twitter for Android</a>",dinuk_perera,2,True,False,,
61,61,62,"RT @NabinNVfc: Tested Positive For #COVID19  <f0><U+009F><U+00A4><U+0092><f0><U+009F><U+0098><U+00B7>

Self Isolation Started For 10Days <f0><U+009F><U+0092><U+008A><f0><U+009F><U+009B><U+008C><f0><U+009F><U+008F><U+00BB>

#QuarantineLife #Corona <f0><U+009F><U+009A><U+00B6>",False,0,,2021-01-29 13:56:55,False,,1355152949966557194,,"<a href=""http://twitter.com/download/android"" rel=""nofollow"">Twitter for Android</a>",Vijayak19627479,15,True,False,,
62,62,63,"RT @NabinNVfc: Tested Positive For #COVID19  <f0><U+009F><U+00A4><U+0092><f0><U+009F><U+0098><U+00B7>

Self Isolation Started For 10Days <f0><U+009F><U+0092><U+008A><f0><U+009F><U+009B><U+008C><f0><U+009F><U+008F><U+00BB>

#QuarantineLife #Corona <f0><U+009F><U+009A><U+00B6>",False,0,,2021-01-29 13:56:30,False,,1355152844794417153,,"<a href=""http://twitter.com/download/android"" rel=""nofollow"">Twitter for Android</a>",Veramariiii,15,True,False,,
63,63,64,"RT @MarketNewsLK: Over 2,280 frontline health workers vaccinated   Oxford Astra-Zeneca vaccine today: Dr. Sudath Samaraweera, ChiefÂ",False,0,,2021-01-29 13:53:23,False,,1355152062548307969,,"<a href=""http://twitter.com/download/android"" rel=""nofollow"">Twitter for Android</a>",dinuk_perera,2,True,False,,
64,64,65,"RT @NabinNVfc: Tested Positive For #COVID19  <f0><U+009F><U+00A4><U+0092><f0><U+009F><U+0098><U+00B7>

Self Isolation Started For 10Days <f0><U+009F><U+0092><U+008A><f0><U+009F><U+009B><U+008C><f0><U+009F><U+008F><U+00BB>

#QuarantineLife #Corona <f0><U+009F><U+009A><U+00B6>",False,0,,2021-01-29 13:51:54,False,,1355151688605298689,,"<a href=""http://twitter.com/download/android"" rel=""nofollow"">Twitter for Android</a>",sanjanavfc,15,True,False,,
65,65,66,"Tested Positive For #COVID19  <f0><U+009F><U+00A4><U+0092><f0><U+009F><U+0098><U+00B7>

Self Isolation Started For 10Days <f0><U+009F><U+0092><U+008A><f0><U+009F><U+009B><U+008C><f0><U+009F><U+008F><U+00BB>

#QuarantineLife #Corona <f0><U+009F><U+009A><U+00B6>",False,38,,2021-01-29 13:46:59,False,,1355150448940867584,,"<a href=""http://twitter.com/download/android"" rel=""nofollow"">Twitter for Android</a>",NabinNVfc,15,False,False,,
66,66,67,"""Vaccination must  given  teachers  high-risk areas"" 

https://.co/EAEUhImHme 

#lka #SriLanka #vaccinationÂ https://.co/3ku12Lju4e",False,5,,2021-01-29 13:19:25,True,,1355143514900869129,,"<a href=""https://mobile.twitter.com"" rel=""nofollow"">Twitter Web App</a>",CeylonToday,2,False,False,,
67,67,68,"Over 2,280 frontline health workers vaccinated   Oxford Astra-Zeneca vaccine today: Dr. Sudath Samaraweera,Â https://.co/bmrcHHwM8N",False,14,,2021-01-29 12:57:44,True,,1355138054701281289,,"<a href=""http://twitter.com/download/android"" rel=""nofollow"">Twitter for Android</a>",MarketNewsLK,2,False,False,,
68,68,69,"RT @infodprtsl: SLAF FRONT LINE HEALTHCARE WORKERS RECEIVE 
OXFORD-ASTRAZENECA COVID-19 VACCINE
#Srilankan #Srilanka #lka #Lanka #Ceylon #DÂ",False,0,,2021-01-29 11:31:03,False,,1355116242575753216,,,UCRGalle,8,True,False,,
69,69,70,"RT @infodprtsl: SLAF FRONT LINE HEALTHCARE WORKERS RECEIVE 
OXFORD-ASTRAZENECA COVID-19 VACCINE
#Srilankan #Srilanka #lka #Lanka #Ceylon #DÂ",False,0,,2021-01-29 11:19:25,False,,1355113314620223489,,"<a href=""http://twitter.com/download/android"" rel=""nofollow"">Twitter for Android</a>",Kaushalya_R_A,8,True,False,,
70,70,71,"SLAF FRONT LINE HEALTHCARE WORKERS RECEIVE 
OXFORD-ASTRAZENECA COVID-19 VACCINE
#Srilankan #Srilanka #lka #LankaÂ https://.co/g9SANdsm7K",False,8,,2021-01-29 11:13:55,True,,1355111928406941696,,"<a href=""https://mobile.twitter.com"" rel=""nofollow"">Twitter Web App</a>",infodprtsl,8,False,False,,
71,71,72,"RT @infodprtsl: <U+2666><U+FE0F>---------<U+2666><U+FE0F><U+2666><U+FE0F><U+2666><U+FE0F><U+2666><U+FE0F>2021-01-28<U+2666><U+FE0F><U+2666><U+FE0F><U+2666><U+FE0F><U+2666><U+FE0F>----------<U+2666><U+FE0F>
<f0><U+009F><U+0091><U+0089><f0><U+009F><U+0091><U+0089>501 Covid-19 patients  reported<f0><U+009F><U+0091><U+0088><f0><U+009F><U+0091><U+0088>
#Srilankan #Srilanka #lka #LankaÂ",False,0,,2021-01-28 18:32:06,False,,1354859814598434821,,,UCRGalle,4,True,False,,
72,72,73,"RT @infodprtsl: <U+2666><U+FE0F>---------<U+2666><U+FE0F><U+2666><U+FE0F><U+2666><U+FE0F><U+2666><U+FE0F>2021-01-28<U+2666><U+FE0F><U+2666><U+FE0F><U+2666><U+FE0F><U+2666><U+FE0F>----------<U+2666><U+FE0F>
<f0><U+009F><U+0091><U+0089><f0><U+009F><U+0091><U+0089>501 Covid-19 patients  reported<f0><U+009F><U+0091><U+0088><f0><U+009F><U+0091><U+0088>
#Srilankan #Srilanka #lka #LankaÂ",False,0,,2021-01-28 18:31:34,False,,1354859681496367106,,,UCRGalle,4,True,False,,
73,73,74,"<U+2666><U+FE0F>---------<U+2666><U+FE0F><U+2666><U+FE0F><U+2666><U+FE0F><U+2666><U+FE0F>2021-01-28<U+2666><U+FE0F><U+2666><U+FE0F><U+2666><U+FE0F><U+2666><U+FE0F>----------<U+2666><U+FE0F>
<f0><U+009F><U+0091><U+0089><f0><U+009F><U+0091><U+0089>501 Covid-19 patients  reported<f0><U+009F><U+0091><U+0088><f0><U+009F><U+0091><U+0088>
#Srilankan #Srilanka #lkaÂ https://.co/SxMNtkr5z5",False,4,,2021-01-28 17:33:45,True,,1354845129572573190,,"<a href=""https://mobile.twitter.com"" rel=""nofollow"">Twitter Web App</a>",infodprtsl,4,False,False,,
74,74,75,"<U+2666><U+FE0F>---------<U+2666><U+FE0F><U+2666><U+FE0F><U+2666><U+FE0F><U+2666><U+FE0F>2021-01-28<U+2666><U+FE0F><U+2666><U+FE0F><U+2666><U+FE0F><U+2666><U+FE0F>----------<U+2666><U+FE0F>
<f0><U+009F><U+0091><U+0089><f0><U+009F><U+0091><U+0089>501 Covid-19 patients  reported<f0><U+009F><U+0091><U+0088><f0><U+009F><U+0091><U+0088>
#Srilankan #Srilanka #lkaÂ https://.co/3dpfPDOXjL",False,4,,2021-01-28 17:32:52,True,,1354844908138455041,,"<a href=""https://mobile.twitter.com"" rel=""nofollow"">Twitter Web App</a>",infodprtsl,4,False,False,,
75,75,76,"RT @newsdotlk: <U+2666><U+FE0F>---------<U+2666><U+FE0F><U+2666><U+FE0F><U+2666><U+FE0F><U+2666><U+FE0F>2021-01-28<U+2666><U+FE0F><U+2666><U+FE0F><U+2666><U+FE0F><U+2666><U+FE0F>----------<U+2666><U+FE0F>
<f0><U+009F><U+0091><U+0089><f0><U+009F><U+0091><U+0089>351 Covid-19 patients  reported<f0><U+009F><U+0091><U+0088><f0><U+009F><U+0091><U+0088>
#Srilankan #Srilanka #lka #CoronavÂ",False,0,,2021-01-28 16:31:52,False,,1354829558818566147,,"<a href=""https://akonita.com"" rel=""nofollow"">srilanka247</a>",SriLankanBuzz,1,True,False,,
76,76,77,"<U+2666><U+FE0F>---------<U+2666><U+FE0F><U+2666><U+FE0F><U+2666><U+FE0F><U+2666><U+FE0F>2021-01-28<U+2666><U+FE0F><U+2666><U+FE0F><U+2666><U+FE0F><U+2666><U+FE0F>----------<U+2666><U+FE0F>
<f0><U+009F><U+0091><U+0089><f0><U+009F><U+0091><U+0089>351 Covid-19 patients  reported<f0><U+009F><U+0091><U+0088><f0><U+009F><U+0091><U+0088>
#Srilankan #Srilanka #lkaÂ https://.co/HCgbHy0pvC",False,0,,2021-01-28 15:34:35,True,,1354815140193943559,,"<a href=""http://twitter.com/download/android"" rel=""nofollow"">Twitter for Android</a>",newsdotlk,1,False,False,,
77,77,78,"International flights  remain suspended till Feb 28

India  Thursday extended  suspension  scheduled commeÂ https://.co/91No0LcxY0",False,0,,2021-01-28 15:33:36,True,,1354814892855836672,,"<a href=""https://mobile.twitter.com"" rel=""nofollow"">Twitter Web App</a>",soundarc2001,0,False,False,,
78,78,79,"Slight dip  positivity rate  Kerala reports 5,771 new corona cases #Covid19 #KERALACOVID #IMA #Corona https://.co/DZytaWTleH",False,0,,2021-01-28 14:44:09,False,,1354802447298883592,,"<a href=""https://hocalwire.com"" rel=""nofollow"">Hocalwire Social Share</a>",madhyamam_eng,0,False,False,,
79,79,80,"RT @infodprtsl: <U+2666><U+FE0F>---------<U+2666><U+FE0F><U+2666><U+FE0F><U+2666><U+FE0F><U+2666><U+FE0F>2021-01-28<U+2666><U+FE0F><U+2666><U+FE0F><U+2666><U+FE0F><U+2666><U+FE0F>----------<U+2666><U+FE0F>
<f0><U+009F><U+0091><U+0089><f0><U+009F><U+0091><U+0089>351 Covid-19 patients  reported<f0><U+009F><U+0091><U+0088><f0><U+009F><U+0091><U+0088>
#Srilankan #Srilanka #lka #LankaÂ",False,0,,2021-01-28 13:31:02,False,,1354784049911508992,,,UCRGalle,5,True,False,,
80,80,81,"<U+2666><U+FE0F>---------<U+2666><U+FE0F><U+2666><U+FE0F><U+2666><U+FE0F><U+2666><U+FE0F>2021-01-28<U+2666><U+FE0F><U+2666><U+FE0F><U+2666><U+FE0F><U+2666><U+FE0F>----------<U+2666><U+FE0F>
<f0><U+009F><U+0091><U+0089><f0><U+009F><U+0091><U+0089>351 Covid-19 patients  reported<f0><U+009F><U+0091><U+0088><f0><U+009F><U+0091><U+0088>
#Srilankan #Srilanka #lkaÂ https://.co/KMv20OtfuM",False,3,,2021-01-28 13:29:40,True,,1354783705844359169,,"<a href=""https://mobile.twitter.com"" rel=""nofollow"">Twitter Web App</a>",infodprtsl,5,False,False,,
81,81,82,"RT @infodprtsl: <U+2666><U+FE0F><U+2666><U+FE0F><U+2666><U+FE0F><U+2666><U+FE0F>2021-01-27<U+2666><U+FE0F><U+2666><U+FE0F><U+2666><U+FE0F><U+2666><U+FE0F>
<f0><U+009F><U+0091><U+0089><f0><U+009F><U+0091><U+0089>Two covid-19 infection deaths  reported  Sri Lanka<f0><U+009F><U+0091><U+0088><f0><U+009F><U+0091><U+0088>
#Srilankan #Srilanka #lka #Lanka #CÂ",False,0,,2021-01-28 12:04:41,False,,1354762317263753217,,"<a href=""https://mobile.twitter.com"" rel=""nofollow"">Twitter Web App</a>",rehanumfernando,5,True,False,,
82,82,83,"RT @infodprtsl: <U+2666><U+FE0F><U+2666><U+FE0F><U+2666><U+FE0F><U+2666><U+FE0F>2021-01-27<U+2666><U+FE0F><U+2666><U+FE0F><U+2666><U+FE0F><U+2666><U+FE0F>----
<f0><U+009F><U+0091><U+0089><f0><U+009F><U+0091><U+0089>Two covid-19 infection deaths  reported  Sri Lanka<f0><U+009F><U+0091><U+0088><f0><U+009F><U+0091><U+0088>
#Srilankan #Srilanka #lka #LankÂ",False,0,,2021-01-27 17:32:06,False,,1354482329155207168,,,UCRGalle,4,True,False,,
83,83,84,"RT @infodprtsl: <U+2666><U+FE0F><U+2666><U+FE0F><U+2666><U+FE0F><U+2666><U+FE0F>2021-01-27<U+2666><U+FE0F><U+2666><U+FE0F><U+2666><U+FE0F><U+2666><U+FE0F>
<f0><U+009F><U+0091><U+0089><f0><U+009F><U+0091><U+0089>Two covid-19 infection deaths  reported  Sri Lanka<f0><U+009F><U+0091><U+0088><f0><U+009F><U+0091><U+0088>
#Srilankan #Srilanka #lka #Lanka #CÂ",False,0,,2021-01-27 17:31:35,False,,1354482195902181377,,,UCRGalle,5,True,False,,
84,84,85,"RT @infodprtsl: <U+2666><U+FE0F>---------<U+2666><U+FE0F><U+2666><U+FE0F><U+2666><U+FE0F><U+2666><U+FE0F>2021-01-27<U+2666><U+FE0F><U+2666><U+FE0F><U+2666><U+FE0F><U+2666><U+FE0F>----------<U+2666><U+FE0F>
<f0><U+009F><U+0091><U+0089><f0><U+009F><U+0091><U+0089>431 Covid-19 patients  reported<f0><U+009F><U+0091><U+0088><f0><U+009F><U+0091><U+0088>
#Srilankan #Srilanka #lka #LankaÂ",False,0,,2021-01-27 17:31:03,False,,1354482062745628672,,,UCRGalle,4,True,False,,
85,85,86,"<U+2666><U+FE0F>---------<U+2666><U+FE0F><U+2666><U+FE0F><U+2666><U+FE0F><U+2666><U+FE0F>2021-01-27<U+2666><U+FE0F><U+2666><U+FE0F><U+2666><U+FE0F><U+2666><U+FE0F>----------<U+2666><U+FE0F>
<f0><U+009F><U+0091><U+0089><f0><U+009F><U+0091><U+0089>431 Covid-19 patients  reported<f0><U+009F><U+0091><U+0088><f0><U+009F><U+0091><U+0088>
#Srilankan #Srilanka #lkaÂ https://.co/IDtLZFmE0k",False,3,,2021-01-27 17:15:24,True,,1354478124831014915,,"<a href=""https://mobile.twitter.com"" rel=""nofollow"">Twitter Web App</a>",infodprtsl,4,False,False,,
86,86,87,"<U+2666><U+FE0F><U+2666><U+FE0F><U+2666><U+FE0F><U+2666><U+FE0F>2021-01-27<U+2666><U+FE0F><U+2666><U+FE0F><U+2666><U+FE0F><U+2666><U+FE0F>
<f0><U+009F><U+0091><U+0089><f0><U+009F><U+0091><U+0089>Two covid-19 infection deaths  reported  Sri Lanka<f0><U+009F><U+0091><U+0088><f0><U+009F><U+0091><U+0088>
#Srilankan #Srilanka #lkaÂ https://.co/JQKYpgmyBn",False,3,,2021-01-27 16:59:19,True,,1354474076564312071,,"<a href=""https://mobile.twitter.com"" rel=""nofollow"">Twitter Web App</a>",infodprtsl,5,False,False,,
87,87,88,"<U+2666><U+FE0F><U+2666><U+FE0F><U+2666><U+FE0F><U+2666><U+FE0F>2021-01-27<U+2666><U+FE0F><U+2666><U+FE0F><U+2666><U+FE0F><U+2666><U+FE0F>----
<f0><U+009F><U+0091><U+0089><f0><U+009F><U+0091><U+0089>Two covid-19 infection deaths  reported  Sri Lanka<f0><U+009F><U+0091><U+0088><f0><U+009F><U+0091><U+0088>
#Srilankan #SrilankaÂ https://.co/TdzPveWDKB",False,3,,2021-01-27 16:59:03,True,,1354474008708853760,,"<a href=""https://mobile.twitter.com"" rel=""nofollow"">Twitter Web App</a>",infodprtsl,4,False,False,,
88,88,89,"New Unlock Guidelines By MHA;  All Activities Permitted Outside Containment Zones

#Unlock #centralgovt #COVID19Â https://.co/cbyVk6W00O",False,0,,2021-01-27 14:10:37,True,,1354431621311545345,,"<a href=""https://mobile.twitter.com"" rel=""nofollow"">Twitter Web App</a>",soundarc2001,0,False,False,,
89,89,90,"Next video upload 
My <f0><U+009F><U+0099><U+008B><f0><U+009F><U+008F><U+00BB><U+200D><U+2642><U+FE0F><f0><U+009F><U+0098><U+008A> channel
Kindly watch  support <f0><U+009F><U+0099><U+008F><f0><U+009F><U+008F><U+00BB>
#Covid19 
#CoronaVaccine | #Covid19 | #CoronaÂ https://.co/JeYlqun3sz",False,0,,2021-01-27 12:46:30,True,,1354410453602955264,,"<a href=""http://twitter.com/download/android"" rel=""nofollow"">Twitter for Android</a>",actor_Ragul,1,False,False,,
90,90,91,"No Parliamentarians identified  close contacts  Arundika Fernando

https://.co/jtpxPHS9m4 

#lka #SriLankaÂ https://.co/Wkv8pLkn8J",False,1,,2021-01-27 10:43:59,True,,1354379620309729280,,"<a href=""https://mobile.twitter.com"" rel=""nofollow"">Twitter Web App</a>",CeylonToday,1,False,False,,
91,91,92,"Chinese Covid vaccine  arrive  mid-February - @ChinaEmbSL 

https://.co/IXGelMbVoY 

#lka #SriLanka #COVID19SLÂ https://.co/rwPqo2MXhE",False,1,,2021-01-27 09:41:26,True,,1354363877887266816,,"<a href=""https://mobile.twitter.com"" rel=""nofollow"">Twitter Web App</a>",CeylonToday,1,False,False,,
92,92,93,"COVID-19 patients   released  10 days 

https://.co/IUuqfXKSWR 

#lka #SriLanka #COVID19SL #COVID19LK #Corona #COVID19LK #Quarantine",False,1,,2021-01-27 09:32:39,False,,1354361668113936386,,"<a href=""https://mobile.twitter.com"" rel=""nofollow"">Twitter Web App</a>",CeylonToday,1,False,False,,
93,93,94,"#Coronavirus live | #SriLanka  procure 2  3 million doses  #COVID_19 vaccine  #India .

#lanka #colomboÂ https://.co/ueY2QxxLs4",False,0,,2021-01-27 09:22:12,True,,1354359040931819522,,"<a href=""https://mobile.twitter.com"" rel=""nofollow"">Twitter Web App</a>",BandhiniF,0,False,False,,
94,94,95,"RT @CeylonToday: Covid-19 vaccine  mandatory : Lalith Weeratunga

https://.co/tFGGrIzkCg 

#lka #SriLanka #COVID19LK #COVID19 #CovidVacÂ",False,0,,2021-01-27 06:55:28,False,,1354322112257740807,,"<a href=""https://getreal360.com"" rel=""nofollow"">GetReal360</a>",YouCanFoolMost,2,True,False,,
95,95,96,"Covid-19 vaccine  mandatory : Lalith Weeratunga

https://.co/tFGGrIzkCg 

#lka #SriLanka #COVID19LK #COVID19Â https://.co/YDqaq5gYqH",False,3,,2021-01-27 06:55:26,True,,1354322105656078338,,"<a href=""https://mobile.twitter.com"" rel=""nofollow"">Twitter Web App</a>",CeylonToday,2,False,False,,
96,96,97,"Indian Covid-19 vaccine  arrive tomorrow 

https://.co/uNrbgVH2S6 

#lka #SriLanka #COVIDVaccination #COVID19Â https://.co/h3aQ7Q4wJq",False,2,,2021-01-27 06:50:23,True,,1354320835696324609,,"<a href=""https://mobile.twitter.com"" rel=""nofollow"">Twitter Web App</a>",CeylonToday,1,False,False,,
97,97,98,"State Minister @ArundikaFernan1 tests positive  Covid-19 

https://.co/BEoQUlYT7Q 

#lka #SriLanka #COVID19Â https://.co/KUP3J3XQ0M",False,3,,2021-01-27 06:43:21,True,,1354319063493865472,,"<a href=""https://mobile.twitter.com"" rel=""nofollow"">Twitter Web App</a>",CeylonToday,0,False,False,,
98,98,99,"Police operations  enforce health guidelines  continue: DIG Ajith Rohana

https://.co/MCWfrWJQic 

#lkaÂ https://.co/PMYOGGXsn3",False,0,,2021-01-27 06:33:58,True,,1354316702771765248,,"<a href=""https://mobile.twitter.com"" rel=""nofollow"">Twitter Web App</a>",CeylonToday,0,False,False,,
99,99,100,RT @irdab2: @sumanthraman What u blabbered last year May-June  paid media  referring @BBCWorld assumption  #MotherIndia   Â,False,0,,2021-01-27 04:00:08,False,,1354277990847410178,,,CoronaBot20,1,True,False,,
100,100,101,@sumanthraman What u blabbered last year May-June  paid media  referring @BBCWorld assumption  #MotherIndiaÂ https://.co/3QC9q1WR72,False,1,sumanthraman,2021-01-27 03:58:26,True,1.3541097382087475e+18,1354277560025194497,54436268.0,"<a href=""http://twitter.com/download/android"" rel=""nofollow"">Twitter for Android</a>",irdab2,1,False,False,,
101,101,102,@BBCBreaking What u  predicting last year May?.. India  become  hub  #Corona  crores  people Â https://.co/xmcZbudF7V,False,0,BBCBreaking,2021-01-27 03:54:39,True,1.3541070973031465e+18,1354276609197449222,5402612.0,"<a href=""http://twitter.com/download/android"" rel=""nofollow"">Twitter for Android</a>",irdab2,0,False,False,,
102,102,103,"RT @CeylonToday: Three drivers test positive  Covid-19 

https://.co/yI3qTrIP5E 

#lka #SriLanka #COVID19SL #COVID19LK #Corona #coronavÂ",False,0,,2021-01-26 18:32:02,False,,1354135022756896768,,"<a href=""https://mobile.twitter.com"" rel=""nofollow"">Twitter Web App</a>",rehanumfernando,2,True,False,,
103,103,104,"RT @infodprtsl: <f0><U+009F><U+0091><U+0089><f0><U+009F><U+0091><U+0089>One covid-19 infection death  reported  Sri Lanka<f0><U+009F><U+0091><U+0088><f0><U+009F><U+0091><U+0088>
#Srilankan #Srilanka #lka #Lanka #Ceylon #DGI #Government #InforÂ",False,0,,2021-01-26 17:31:03,False,,1354119674267623424,,,UCRGalle,5,True,False,,
104,104,105,"<f0><U+009F><U+0091><U+0089><f0><U+009F><U+0091><U+0089>One covid-19 infection death  reported  Sri Lanka<f0><U+009F><U+0091><U+0088><f0><U+009F><U+0091><U+0088>
#Srilankan #Srilanka #lka #Lanka #Ceylon #DGIÂ https://.co/QBc1UdeIvo",False,2,,2021-01-26 16:52:47,True,,1354110043659132935,,"<a href=""https://mobile.twitter.com"" rel=""nofollow"">Twitter Web App</a>",infodprtsl,5,False,False,,
105,105,106,"RT @infodprtsl: <f0><U+009F><U+0091><U+0089><f0><U+009F><U+0091><U+0089>Another 379 Covid-19 patients  reported<f0><U+009F><U+0091><U+0088><f0><U+009F><U+0091><U+0088>
#Srilankan #Srilanka #lka #Lanka #Ceylon #DGI #Government #Information #DepÂ",False,0,,2021-01-26 16:31:03,False,,1354104575050059777,,,UCRGalle,6,True,False,,
106,106,107,"<f0><U+009F><U+0091><U+0089><f0><U+009F><U+0091><U+0089>Another 379 Covid-19 patients  reported<f0><U+009F><U+0091><U+0088><f0><U+009F><U+0091><U+0088>
#Srilankan #Srilanka #lka #Lanka #Ceylon #DGI #GovernmentÂ https://.co/kwVXeY7Czv",False,2,,2021-01-26 16:15:12,True,,1354100586237616130,,"<a href=""https://mobile.twitter.com"" rel=""nofollow"">Twitter Web App</a>",infodprtsl,6,False,False,,
107,107,108,"To @MumbaiPolice
My vehicle  theft  Mumbai
Now I   tamilnadu
Time  #Corona I came  tamilnadu I   stÂ https://.co/PzYCx1PY2M",False,27,,2021-01-26 15:36:10,True,,1354090762389098496,,"<a href=""http://twitter.com/download/android"" rel=""nofollow"">Twitter for Android</a>",MickeyAshly2,1,False,False,,
108,108,109,"RT @infodprtsl: <f0><U+009F><U+0091><U+0089><f0><U+009F><U+0091><U+0089>369 Covid-19 patients  reported<f0><U+009F><U+0091><U+0088><f0><U+009F><U+0091><U+0088>
#Srilankan #Srilanka #lka #Lanka #Ceylon #DGI #Government #Information #DepartmentÂ",False,0,,2021-01-26 14:32:38,False,,1354074776701173761,,,UCRGalle,5,True,False,,
109,109,110,"RT @infodprtsl: <f0><U+009F><U+0091><U+0089><f0><U+009F><U+0091><U+0089>369 Covid-19 patients  reported<f0><U+009F><U+0091><U+0088><f0><U+009F><U+0091><U+0088>
#Srilankan #Srilanka #lka #Lanka #Ceylon #DGI #Government #Information #DepartmentÂ",False,0,,2021-01-26 14:32:07,False,,1354074643590766593,,,UCRGalle,5,True,False,,
110,110,111,"RT @DurgadeviAmbal1: #AariArujunan <U+2764>. #Corona time,  still  #treats  #fans well <f0><U+009F><U+0092><U+0096>. Reason,    #liked     #pictureÂ",False,0,,2021-01-26 14:12:55,False,,1354069813111394305,,"<a href=""http://twitter.com/download/android"" rel=""nofollow"">Twitter for Android</a>",Comali76383846,30,True,False,,
111,111,112,"<f0><U+009F><U+0091><U+0089><f0><U+009F><U+0091><U+0089>369 Covid-19 patients  reported<f0><U+009F><U+0091><U+0088><f0><U+009F><U+0091><U+0088>
#Srilankan #Srilanka #lka #Lanka #Ceylon #DGI #Government #InformationÂ https://.co/h3pW2DwvBU",False,5,,2021-01-26 13:59:00,True,,1354066312931192834,,"<a href=""https://mobile.twitter.com"" rel=""nofollow"">Twitter Web App</a>",infodprtsl,5,False,False,,
112,112,113,"<f0><U+009F><U+0091><U+0089><f0><U+009F><U+0091><U+0089>369 Covid-19 patients  reported<f0><U+009F><U+0091><U+0088><f0><U+009F><U+0091><U+0088>
#Srilankan #Srilanka #lka #Lanka #Ceylon #DGI #Government #InformationÂ https://.co/MmdlPdTXJ0",False,4,,2021-01-26 13:58:50,True,,1354066270359089152,,"<a href=""https://mobile.twitter.com"" rel=""nofollow"">Twitter Web App</a>",infodprtsl,5,False,False,,
113,113,114,"RT @newsradiolk: 369 COVID-19 cases detected  Sri Lanka thus far today, bringing  total number  cases  59,536 &amp; active infection cÂ",False,0,,2021-01-26 13:27:53,False,,1354058479103832069,,"<a href=""http://twitter.com/download/android"" rel=""nofollow"">Twitter for Android</a>",tharakasenavi,1,True,False,,
114,114,115,"369 COVID-19 cases detected  Sri Lanka thus far today, bringing  total number  cases  59,536 &amp; active infeÂ https://.co/iluyKb2O7J",False,0,,2021-01-26 12:55:20,True,,1354050287464538112,,"<a href=""https://mobile.twitter.com"" rel=""nofollow"">Twitter Web App</a>",newsradiolk,1,False,False,,
115,115,116,First batch  Frontline Workers  Field Staff  Amar Seva Sangam  inoculated (Covishield vaccine)   partÂ https://.co/T5tSeFyd55,False,3,,2021-01-26 12:25:12,True,,1354042705689501697,,"<a href=""http://twitter.com/download/android"" rel=""nofollow"">Twitter for Android</a>",amarseva,0,False,False,,
116,116,117,First batch  Frontline Workers  Field Staff  Amar Seva Sangam  inoculated (Covishield vaccine)   partÂ https://.co/4Z1twMSS9Z,False,2,,2021-01-26 12:21:10,True,,1354041690680553474,,"<a href=""http://twitter.com/download/android"" rel=""nofollow"">Twitter for Android</a>",amarseva,0,False,False,,
117,117,118,"My #Lockdown #Corona #SONG With #zeetamil #neethane_enthan_ponvasantham #serial Team

#Covid_19 #AWARENESS 

https://.co/5VV055iK09",False,0,,2021-01-26 12:10:32,False,,1354039015767420931,,"<a href=""https://mobile.twitter.com"" rel=""nofollow"">Twitter Web App</a>",Arunthathi_K,0,False,False,,
118,118,119,"Clinical trials  'Dhammika Syrup' still underway - @MoH_SriLanka 

https://.co/Wn9QxvvgK9 

#lka #SriLankaÂ https://.co/DOl81B3jkU",False,5,,2021-01-26 09:37:41,True,,1354000548857585665,,"<a href=""https://mobile.twitter.com"" rel=""nofollow"">Twitter Web App</a>",CeylonToday,2,False,False,,
