,,,text,favorited,favoriteCount,replyToSN,created,truncated,replyToSID,id,replyToUID,statusSource,screenName,retweetCount,isRetweet,retweeted,longitude,latitude
0,0,1,"Get  vaccinated  letÂ end  pandemic together.
.
.
#vaccinecovid19 #vaccinetime #vaccineÂ https://.co/t2cIquPJgD",False,0,,2021-01-16 04:10:53,True,,1350294428695498753,,"<a href=""https://mobile.twitter.com"" rel=""nofollow"">Twitter Web App</a>",vpslakeshore,0,False,False,,
1,1,2,"#Corona   virus
 nobody  desirous
everyone knows   dangerous
  beginning    disastrouÂ https://.co/h6AGrFJS1X",False,1,,2021-01-15 21:21:54,True,,1350191502815686656,,"<a href=""https://mobile.twitter.com"" rel=""nofollow"">Twitter Web App</a>",AnandGuruji3,0,False,False,,
2,2,3,@madan3  abt #Corona ,False,0,madan3,2021-01-15 07:10:36,False,1.3499581818169426e+18,1349977266952970240,110397597.0,"<a href=""http://twitter.com/download/android"" rel=""nofollow"">Twitter for Android</a>",MURUGANMSM,0,False,False,,
3,3,4,"RT @infodprtsl: <f0><U+009F><U+0091><U+0089>Four covid-19 infection deaths  reported  Sri Lanka
#Srilankan #Srilanka #lka #Lanka #Ceylon #DGI #Government #InforÂ",False,0,,2021-01-15 05:52:12,False,,1349957535445311498,,"<a href=""https://mobile.twitter.com"" rel=""nofollow"">Twitter Web App</a>",rehanumfernando,5,True,False,,
4,4,5,"RT @infodprtsl: <f0><U+009F><U+0091><U+0089>Four covid-19 infection deaths  reported  Sri Lanka
#Srilankan #Srilanka #lka #Lanka #Ceylon #DGI #Government #InforÂ",False,0,,2021-01-15 05:44:42,False,,1349955649774317569,,"<a href=""http://twitter.com/download/iphone"" rel=""nofollow"">Twitter for iPhone</a>",kataclysmichaos,5,True,False,,
5,5,6,"RT @infodprtsl: <f0><U+009F><U+0091><U+0089>Four covid-19 infection deaths  reported  Sri Lanka
#Srilankan #Srilanka #lka #Lanka #Ceylon #DGI #Government #InforÂ",False,0,,2021-01-15 05:32:38,False,,1349952612133597185,,,UCRGalle,5,True,False,,
6,6,7,"RT @infodprtsl: <f0><U+009F><U+0091><U+0089>Four covid-19 infection deaths  reported  Sri Lanka
#Srilankan #Srilanka #lka #Lanka #Ceylon #DGI #Government #InforÂ",False,0,,2021-01-15 03:38:47,False,,1349923961505673219,,"<a href=""http://twitter.com/download/android"" rel=""nofollow"">Twitter for Android</a>",Dr_plaquenill,5,True,False,,
7,7,8,"<f0><U+009F><U+0091><U+0089>Four covid-19 infection deaths  reported  Sri Lanka
#Srilankan #Srilanka #lka #Lanka #Ceylon #DGIÂ https://.co/5nHOkc5vmC",False,5,,2021-01-15 03:32:22,True,,1349922348602847233,,"<a href=""https://mobile.twitter.com"" rel=""nofollow"">Twitter Web App</a>",infodprtsl,5,False,False,,
8,8,9,"RT @Dinu_Akshii: Vijay   ÂantidoteÂ  #Corona Says Vijay fan <f0><U+009F><U+0091><U+008C><f0><U+009F><U+0098><U+0082><f0><U+009F><U+0099><U+008F><f0><U+009F><U+00A4><U+00A6>

 last india found  solution   current pandemic <f0><U+009F><U+0092><U+00AA>

#MasÂ",False,0,,2021-01-14 11:00:22,False,,1349672700575268865,,"<a href=""https://mobile.twitter.com"" rel=""nofollow"">Twitter Web App</a>",AvinashTradboy,28,True,False,,
9,9,10,"RT @Dinu_Akshii: Vijay   ÂantidoteÂ  #Corona Says Vijay fan <f0><U+009F><U+0091><U+008C><f0><U+009F><U+0098><U+0082><f0><U+009F><U+0099><U+008F><f0><U+009F><U+00A4><U+00A6>

 last india found  solution   current pandemic <f0><U+009F><U+0092><U+00AA>

#MasÂ",False,0,,2021-01-14 07:34:11,False,,1349620815927472129,,"<a href=""http://twitter.com/download/android"" rel=""nofollow"">Twitter for Android</a>",imranriyaaf,28,True,False,,
10,10,11,"RT @Dinu_Akshii: Vijay   ÂantidoteÂ  #Corona Says Vijay fan <f0><U+009F><U+0091><U+008C><f0><U+009F><U+0098><U+0082><f0><U+009F><U+0099><U+008F><f0><U+009F><U+00A4><U+00A6>

 last india found  solution   current pandemic <f0><U+009F><U+0092><U+00AA>

#MasÂ",False,0,,2021-01-14 06:46:55,False,,1349608919157469188,,"<a href=""http://twitter.com/download/android"" rel=""nofollow"">Twitter for Android</a>",GokulThala15,28,True,False,,
11,11,12,"RT @Dinu_Akshii: Vijay   ÂantidoteÂ  #Corona Says Vijay fan <f0><U+009F><U+0091><U+008C><f0><U+009F><U+0098><U+0082><f0><U+009F><U+0099><U+008F><f0><U+009F><U+00A4><U+00A6>

 last india found  solution   current pandemic <f0><U+009F><U+0092><U+00AA>

#MasÂ",False,0,,2021-01-14 05:01:14,False,,1349582322878697472,,"<a href=""http://twitter.com/download/android"" rel=""nofollow"">Twitter for Android</a>",ThalaSalman8,28,True,False,,
12,12,13,"RT @Dinu_Akshii: Vijay   ÂantidoteÂ  #Corona Says Vijay fan <f0><U+009F><U+0091><U+008C><f0><U+009F><U+0098><U+0082><f0><U+009F><U+0099><U+008F><f0><U+009F><U+00A4><U+00A6>

 last india found  solution   current pandemic <f0><U+009F><U+0092><U+00AA>

#MasÂ",False,0,,2021-01-14 04:17:14,False,,1349571249077321730,,"<a href=""http://twitter.com/download/android"" rel=""nofollow"">Twitter for Android</a>",thamizhtwitzz,28,True,False,,
13,13,14,"RT @Dinu_Akshii: Vijay   ÂantidoteÂ  #Corona Says Vijay fan <f0><U+009F><U+0091><U+008C><f0><U+009F><U+0098><U+0082><f0><U+009F><U+0099><U+008F><f0><U+009F><U+00A4><U+00A6>

 last india found  solution   current pandemic <f0><U+009F><U+0092><U+00AA>

#MasÂ",False,0,,2021-01-14 04:03:03,False,,1349567681897357314,,"<a href=""https://mobile.twitter.com"" rel=""nofollow"">Twitter Web App</a>",nenjukullaabi,28,True,False,,
14,14,15,"RT @Dinu_Akshii: Vijay   ÂantidoteÂ  #Corona Says Vijay fan <f0><U+009F><U+0091><U+008C><f0><U+009F><U+0098><U+0082><f0><U+009F><U+0099><U+008F><f0><U+009F><U+00A4><U+00A6>

 last india found  solution   current pandemic <f0><U+009F><U+0092><U+00AA>

#MasÂ",False,0,,2021-01-14 03:22:27,False,,1349557464593620992,,"<a href=""http://twitter.com/download/android"" rel=""nofollow"">Twitter for Android</a>",sanjay25620445,28,True,False,,
15,15,16,"RT @Dinu_Akshii: Vijay   ÂantidoteÂ  #Corona Says Vijay fan <f0><U+009F><U+0091><U+008C><f0><U+009F><U+0098><U+0082><f0><U+009F><U+0099><U+008F><f0><U+009F><U+00A4><U+00A6>

 last india found  solution   current pandemic <f0><U+009F><U+0092><U+00AA>

#MasÂ",False,0,,2021-01-14 03:21:57,False,,1349557335681880066,,"<a href=""https://mobile.twitter.com"" rel=""nofollow"">Twitter Web App</a>",shivvishani72,28,True,False,,
16,16,17,"RT @Dinu_Akshii: Vijay   ÂantidoteÂ  #Corona Says Vijay fan <f0><U+009F><U+0091><U+008C><f0><U+009F><U+0098><U+0082><f0><U+009F><U+0099><U+008F><f0><U+009F><U+00A4><U+00A6>

 last india found  solution   current pandemic <f0><U+009F><U+0092><U+00AA>

#MasÂ",False,0,,2021-01-14 03:21:56,False,,1349557334867996674,,"<a href=""http://twitter.com/download/iphone"" rel=""nofollow"">Twitter for iPhone</a>",UltimateThalaaa,28,True,False,,
17,17,18,"RT @Dinu_Akshii: Vijay   ÂantidoteÂ  #Corona Says Vijay fan <f0><U+009F><U+0091><U+008C><f0><U+009F><U+0098><U+0082><f0><U+009F><U+0099><U+008F><f0><U+009F><U+00A4><U+00A6>

 last india found  solution   current pandemic <f0><U+009F><U+0092><U+00AA>

#MasÂ",False,0,,2021-01-14 03:20:30,False,,1349556974090743808,,"<a href=""http://twitter.com/download/android"" rel=""nofollow"">Twitter for Android</a>",Valimai_60,28,True,False,,
18,18,19,"RT @Dinu_Akshii: Vijay   ÂantidoteÂ  #Corona Says Vijay fan <f0><U+009F><U+0091><U+008C><f0><U+009F><U+0098><U+0082><f0><U+009F><U+0099><U+008F><f0><U+009F><U+00A4><U+00A6>

 last india found  solution   current pandemic <f0><U+009F><U+0092><U+00AA>

#MasÂ",False,0,,2021-01-14 03:18:37,False,,1349556499123564548,,"<a href=""http://twitter.com/download/android"" rel=""nofollow"">Twitter for Android</a>",iamdines19,28,True,False,,
19,19,20,"RT @Dinu_Akshii: Vijay   ÂantidoteÂ  #Corona Says Vijay fan <f0><U+009F><U+0091><U+008C><f0><U+009F><U+0098><U+0082><f0><U+009F><U+0099><U+008F><f0><U+009F><U+00A4><U+00A6>

 last india found  solution   current pandemic <f0><U+009F><U+0092><U+00AA>

#MasÂ",False,0,,2021-01-14 03:13:43,False,,1349555263670419457,,"<a href=""http://twitter.com/download/android"" rel=""nofollow"">Twitter for Android</a>",imPkumar18,28,True,False,,
20,20,21,"RT @Dinu_Akshii: Vijay   ÂantidoteÂ  #Corona Says Vijay fan <f0><U+009F><U+0091><U+008C><f0><U+009F><U+0098><U+0082><f0><U+009F><U+0099><U+008F><f0><U+009F><U+00A4><U+00A6>

 last india found  solution   current pandemic <f0><U+009F><U+0092><U+00AA>

#MasÂ",False,0,,2021-01-13 19:49:30,False,,1349443473678741504,,"<a href=""http://twitter.com/download/android"" rel=""nofollow"">Twitter for Android</a>",Maara_Ofll,28,True,False,,
21,21,22,"RT @Dinu_Akshii: Vijay   ÂantidoteÂ  #Corona Says Vijay fan <f0><U+009F><U+0091><U+008C><f0><U+009F><U+0098><U+0082><f0><U+009F><U+0099><U+008F><f0><U+009F><U+00A4><U+00A6>

 last india found  solution   current pandemic <f0><U+009F><U+0092><U+00AA>

#MasÂ",False,0,,2021-01-13 19:45:04,False,,1349442358178312196,,"<a href=""http://twitter.com/download/android"" rel=""nofollow"">Twitter for Android</a>",Ravi_Charanism1,28,True,False,,
22,22,23,"RT @Dinu_Akshii: Vijay   ÂantidoteÂ  #Corona Says Vijay fan <f0><U+009F><U+0091><U+008C><f0><U+009F><U+0098><U+0082><f0><U+009F><U+0099><U+008F><f0><U+009F><U+00A4><U+00A6>

 last india found  solution   current pandemic <f0><U+009F><U+0092><U+00AA>

#MasÂ",False,0,,2021-01-13 18:43:40,False,,1349426905544597504,,"<a href=""http://twitter.com/download/iphone"" rel=""nofollow"">Twitter for iPhone</a>",RomanVeerah,28,True,False,,
23,23,24,"RT @Dinu_Akshii: Vijay   ÂantidoteÂ  #Corona Says Vijay fan <f0><U+009F><U+0091><U+008C><f0><U+009F><U+0098><U+0082><f0><U+009F><U+0099><U+008F><f0><U+009F><U+00A4><U+00A6>

 last india found  solution   current pandemic <f0><U+009F><U+0092><U+00AA>

#MasÂ",False,0,,2021-01-13 18:13:34,False,,1349419330572754944,,"<a href=""http://twitter.com/download/android"" rel=""nofollow"">Twitter for Android</a>",innocentidio,28,True,False,,
24,24,25,"RT @Dinu_Akshii: Vijay   ÂantidoteÂ  #Corona Says Vijay fan <f0><U+009F><U+0091><U+008C><f0><U+009F><U+0098><U+0082><f0><U+009F><U+0099><U+008F><f0><U+009F><U+00A4><U+00A6>

 last india found  solution   current pandemic <f0><U+009F><U+0092><U+00AA>

#MasÂ",False,0,,2021-01-13 18:12:39,False,,1349419101937131520,,"<a href=""http://twitter.com/download/android"" rel=""nofollow"">Twitter for Android</a>",kaalakarikalan,28,True,False,,
25,25,26,"RT @Dinu_Akshii: Vijay   ÂantidoteÂ  #Corona Says Vijay fan <f0><U+009F><U+0091><U+008C><f0><U+009F><U+0098><U+0082><f0><U+009F><U+0099><U+008F><f0><U+009F><U+00A4><U+00A6>

 last india found  solution   current pandemic <f0><U+009F><U+0092><U+00AA>

#MasÂ",False,0,,2021-01-13 17:53:00,False,,1349414158526152709,,"<a href=""http://twitter.com/download/android"" rel=""nofollow"">Twitter for Android</a>",kalai123_,28,True,False,,
26,26,27,"RT @Dinu_Akshii: Vijay   ÂantidoteÂ  #Corona Says Vijay fan <f0><U+009F><U+0091><U+008C><f0><U+009F><U+0098><U+0082><f0><U+009F><U+0099><U+008F><f0><U+009F><U+00A4><U+00A6>

 last india found  solution   current pandemic <f0><U+009F><U+0092><U+00AA>

#MasÂ",False,0,,2021-01-13 17:32:29,False,,1349408992133574656,,"<a href=""http://twitter.com/download/android"" rel=""nofollow"">Twitter for Android</a>",Stalin56534184,28,True,False,,
27,27,28,"RT @Dinu_Akshii: Vijay   ÂantidoteÂ  #Corona Says Vijay fan <f0><U+009F><U+0091><U+008C><f0><U+009F><U+0098><U+0082><f0><U+009F><U+0099><U+008F><f0><U+009F><U+00A4><U+00A6>

 last india found  solution   current pandemic <f0><U+009F><U+0092><U+00AA>

#MasÂ",False,0,,2021-01-13 17:28:06,False,,1349407889744658435,,"<a href=""http://twitter.com/download/android"" rel=""nofollow"">Twitter for Android</a>",Itz_RahulTweet,28,True,False,,
28,28,29,"RT @Dinu_Akshii: Vijay   ÂantidoteÂ  #Corona Says Vijay fan <f0><U+009F><U+0091><U+008C><f0><U+009F><U+0098><U+0082><f0><U+009F><U+0099><U+008F><f0><U+009F><U+00A4><U+00A6>

 last india found  solution   current pandemic <f0><U+009F><U+0092><U+00AA>

#MasÂ",False,0,,2021-01-13 17:26:59,False,,1349407609527300098,,"<a href=""http://twitter.com/download/android"" rel=""nofollow"">Twitter for Android</a>",_ThalaKevin_,28,True,False,,
29,29,30,"RT @Dinu_Akshii: Vijay   ÂantidoteÂ  #Corona Says Vijay fan <f0><U+009F><U+0091><U+008C><f0><U+009F><U+0098><U+0082><f0><U+009F><U+0099><U+008F><f0><U+009F><U+00A4><U+00A6>

 last india found  solution   current pandemic <f0><U+009F><U+0092><U+00AA>

#MasÂ",False,0,,2021-01-13 17:26:52,False,,1349407580150403073,,"<a href=""http://twitter.com/download/android"" rel=""nofollow"">Twitter for Android</a>",sanoojp2,28,True,False,,
30,30,31,"RT @Dinu_Akshii: Vijay   ÂantidoteÂ  #Corona Says Vijay fan <f0><U+009F><U+0091><U+008C><f0><U+009F><U+0098><U+0082><f0><U+009F><U+0099><U+008F><f0><U+009F><U+00A4><U+00A6>

 last india found  solution   current pandemic <f0><U+009F><U+0092><U+00AA>

#MasÂ",False,0,,2021-01-13 17:22:23,False,,1349406452700442624,,"<a href=""https://mobile.twitter.com"" rel=""nofollow"">Twitter Web App</a>",kishankisho,28,True,False,,
31,31,32,"RT @Dinu_Akshii: Vijay   ÂantidoteÂ  #Corona Says Vijay fan <f0><U+009F><U+0091><U+008C><f0><U+009F><U+0098><U+0082><f0><U+009F><U+0099><U+008F><f0><U+009F><U+00A4><U+00A6>

 last india found  solution   current pandemic <f0><U+009F><U+0092><U+00AA>

#MasÂ",False,0,,2021-01-13 17:21:28,False,,1349406221288181762,,"<a href=""http://twitter.com/download/android"" rel=""nofollow"">Twitter for Android</a>",snAjay_thala97,28,True,False,,
32,32,33,"RT @Dinu_Akshii: Vijay   ÂantidoteÂ  #Corona Says Vijay fan <f0><U+009F><U+0091><U+008C><f0><U+009F><U+0098><U+0082><f0><U+009F><U+0099><U+008F><f0><U+009F><U+00A4><U+00A6>

 last india found  solution   current pandemic <f0><U+009F><U+0092><U+00AA>

#MasÂ",False,0,,2021-01-13 17:16:59,False,,1349405091317522432,,"<a href=""http://twitter.com/download/android"" rel=""nofollow"">Twitter for Android</a>",idiotic_warrior,28,True,False,,
33,33,34,"RT @Dinu_Akshii: Vijay   ÂantidoteÂ  #Corona Says Vijay fan <f0><U+009F><U+0091><U+008C><f0><U+009F><U+0098><U+0082><f0><U+009F><U+0099><U+008F><f0><U+009F><U+00A4><U+00A6>

 last india found  solution   current pandemic <f0><U+009F><U+0092><U+00AA>

#MasÂ",False,0,,2021-01-13 17:16:56,False,,1349405079409868800,,"<a href=""http://twitter.com/download/iphone"" rel=""nofollow"">Twitter for iPhone</a>",AjithLoyalist,28,True,False,,
34,34,35,"Vijay   ÂantidoteÂ  #Corona Says Vijay fan <f0><U+009F><U+0091><U+008C><f0><U+009F><U+0098><U+0082><f0><U+009F><U+0099><U+008F><f0><U+009F><U+00A4><U+00A6>

 last india found  solution   current pandemicÂ https://.co/UMHCjeOJdm",False,58,,2021-01-13 17:16:25,True,,1349404951194132480,,"<a href=""http://twitter.com/download/iphone"" rel=""nofollow"">Twitter for iPhone</a>",Dinu_Akshii,28,False,False,,
35,35,36,"#COVID19 #Update

<U+25AA><U+FE0F> #Three(03) new #deaths reported  #Battaramulla, #Colombo 10  Colombo 15. Deceased  Â https://.co/7pXi0UrLcn",False,2,,2021-01-13 15:48:51,True,,1349382912047603712,,"<a href=""http://twitter.com/download/iphone"" rel=""nofollow"">Twitter for iPhone</a>",Naveeth14,0,False,False,,
36,36,37,"#Breaking<f0><U+009F><U+009B><U+0091>
#Positive cases crossed 50,000 

#Sri Lanka' total COVID19<f0><U+009F><U+00A6><U+00A0> infections surpass 50,000. Total thus far 5Â https://.co/gPMpONASXO",False,3,,2021-01-13 14:49:42,True,,1349368029684015104,,"<a href=""http://twitter.com/download/iphone"" rel=""nofollow"">Twitter for iPhone</a>",Naveeth14,0,False,False,,
37,37,38,RT @RodrigoSavithri: New York Hospital Frontliner Dr Harshan Weerackody  survived  bad bout  COVID  lived  tell  tale gives uÂ,False,0,,2021-01-13 13:57:47,False,,1349354960681459713,,"<a href=""http://twitter.com/download/iphone"" rel=""nofollow"">Twitter for iPhone</a>",RottiPol,3,True,False,,
38,38,39,RT @RodrigoSavithri: New York Hospital Frontliner Dr Harshan Weerackody  survived  bad bout  COVID  lived  tell  tale gives uÂ,False,0,,2021-01-13 12:00:38,False,,1349325480634195972,,"<a href=""http://twitter.com/download/android"" rel=""nofollow"">Twitter for Android</a>",N_tweets_,3,True,False,,
39,39,40,RT @RodrigoSavithri: New York Hospital Frontliner Dr Harshan Weerackody  survived  bad bout  COVID  lived  tell  tale gives uÂ,False,0,,2021-01-13 11:38:06,False,,1349319810157481986,,"<a href=""http://twitter.com/download/android"" rel=""nofollow"">Twitter for Android</a>",MarianneDavid24,3,True,False,,
40,40,41,New York Hospital Frontliner Dr Harshan Weerackody  survived  bad bout  COVID  lived  tell  tale giveÂ https://.co/GppJIlt1R8,False,7,,2021-01-13 11:36:40,True,,1349319450516852740,,"<a href=""http://twitter.com/download/iphone"" rel=""nofollow"">Twitter for iPhone</a>",RodrigoSavithri,3,False,False,,
41,41,42,"RT @Ram_Srinivas_: Whether  Education Department   Dealing  SASTRA University! <f0><U+009F><U+0091><U+0080>
#Corona #DepartmentofHigherEducation @EduMinOÂ",False,0,,2021-01-13 11:11:29,False,,1349313109656100866,,"<a href=""https://mobile.twitter.com"" rel=""nofollow"">Twitter Web App</a>",MKrishna2604,15,True,False,,
42,42,43,Please stay safe!! #srilanka #pandemic #corona #staysafe https://.co/vFyOqYVln2,False,2,,2021-01-13 08:02:18,False,,1349265502669926401,,"<a href=""http://twitter.com/download/iphone"" rel=""nofollow"">Twitter for iPhone</a>",AqeelaMinah,0,False,False,,
43,43,44,"#New #variant  #Covid detected  #SL<f0><U+009F><U+0087><U+00B1><f0><U+009F><U+0087><U+00B0>

The Chief #Epidemiologist confirms   #arrival   #UnitedÂ https://.co/hhrOGI1Tf7",False,3,,2021-01-13 06:33:43,True,,1349243210095214598,,"<a href=""http://twitter.com/download/iphone"" rel=""nofollow"">Twitter for iPhone</a>",Naveeth14,0,False,False,,
44,44,45,"RT @newsdotlk: Media report
04 deaths  Covid 19 infected   recorded yesterday (2021-01-12)
#Srilankan #Srilanka #lka #Lanka #CeylÂ",False,0,,2021-01-13 04:32:05,False,,1349212598093238274,,,UCRGalle,2,True,False,,
45,45,46,"Media report
04 deaths  Covid 19 infected   recorded yesterday (2021-01-12)
#Srilankan #Srilanka #lkaÂ https://.co/Xy1Is68UlN",False,4,,2021-01-13 03:57:05,True,,1349203791573237765,,"<a href=""https://mobile.twitter.com"" rel=""nofollow"">Twitter Web App</a>",newsdotlk,2,False,False,,
46,46,47,"@KeerthyOfficial @Actor_Vijay @HMOIndia 
@CMOTamilNadu 
.. Pl take  note  .. 
Pakka evidence  Not followingÂ https://.co/Ynk9E7keJs",False,9,KeerthyOfficial,2021-01-13 02:01:40,True,1.3491263454402028e+18,1349174746852704256,4210945993.0,"<a href=""http://twitter.com/download/android"" rel=""nofollow"">Twitter for Android</a>",Haregovindraj,0,False,False,,
47,47,48,"corona vaccaination must give   leaders  save  country ,  never lose  leader  corona  future 
afÂ https://.co/eUVPEHDyYk",False,1,,2021-01-12 07:19:29,True,,1348892340212023299,,"<a href=""https://mobile.twitter.com"" rel=""nofollow"">Twitter Web App</a>",Senthil165,0,False,False,,
48,48,49,"At least 31 MPs   asked  self quarantine following cases started  detect among legislators.

#srilankaÂ https://.co/IyvOfPINcM",False,0,,2021-01-12 05:21:19,True,,1348862600231100416,,"<a href=""http://twitter.com/download/iphone"" rel=""nofollow"">Twitter for iPhone</a>",Naveeth14,0,False,False,,
49,49,50,"What type  pooja? Which diety?

How   vaccination work better  MY GODS   ?

#Vaccine #coronaÂ https://.co/TweaMWVFUW",False,1,,2021-01-12 02:41:47,True,,1348822451866673154,,"<a href=""http://twitter.com/download/android"" rel=""nofollow"">Twitter for Android</a>",gopi_samsan,0,False,False,,
50,50,51,"<f0><U+009D><U+0094><U+00BD><f0><U+009D><U+0095><U+00A3><f0><U+009D><U+0095><U+009A><f0><U+009D><U+0095><U+0096><f0><U+009D><U+0095><U+009F><f0><U+009D><U+0095><U+0095><f0><U+009D><U+0095><U+00A4><f0><U+009D><U+0095><U+0099><f0><U+009D><U+0095><U+009A><f0><U+009D><U+0095><U+00A1>
#friendshipgoals #Corona
.
.
. https://.co/spC60yYk3z",False,3,,2021-01-11 16:08:08,False,,1348662991340806147,,"<a href=""http://twitter.com/download/android"" rel=""nofollow"">Twitter for Android</a>",de_vil_que_en,0,False,False,,
51,51,52,"India Conducts Second Dry Run Of Covid Vaccination Program.

https://.co/UiggtfQdhi

#IndiaFightsCorona #IndiaÂ https://.co/8EZ2HoEVcN",False,0,,2021-01-11 14:41:22,True,,1348641154980487173,,"<a href=""https://mobile.twitter.com"" rel=""nofollow"">Twitter Web App</a>",pasdailyupdate,0,False,False,,
52,52,53,"Here'  overall #Coronavirus stats  #TamilNadu   Jan 11th!  

#COVID #COVID19India #CoronaVirus #CoronaÂ https://.co/e4Fp2X8nGU",False,0,,2021-01-11 14:09:19,True,,1348633088889298950,,"<a href=""http://twitter.com/download/android"" rel=""nofollow"">Twitter for Android</a>",ganesh_vtv,0,False,False,,
53,53,54,"Build  Dream Job !! JK OVERSEAS ..The best recruitment team SPEED UP YOUR TIME TO HIRE..

Contact <f0><U+009F><U+00A4><U+00B3> 9059533Â https://.co/V7k9eOIi2D",False,0,,2021-01-11 12:56:33,True,,1348614775454851075,,"<a href=""http://twitter.com/download/android"" rel=""nofollow"">Twitter for Android</a>",Jkoverseas2_0,0,False,False,,
54,54,55,"RT @annaijewellers: A necklace  epitomizes beauty, grace  elegance, made  bespoke moments.

Tuticorin : +91 461 4003900
KovilpattÂ",False,0,,2021-01-11 12:20:25,False,,1348605683101536256,,"<a href=""http://ikovilpatti.blogspot.com"" rel=""nofollow"">Kovilpatti Bot </a>",kovilpatti_bot,1,True,False,,
55,55,56,"A necklace  epitomizes beauty, grace  elegance, made  bespoke moments.

Tuticorin : +91 461 4003900
KovilÂ https://.co/4HhPPr2uEj",False,0,,2021-01-11 12:14:41,True,,1348604240558583811,,"<a href=""https://mobile.twitter.com"" rel=""nofollow"">Twitter Web App</a>",annaijewellers,1,False,False,,
56,56,57,RT @Regent_Global: Researchers   University  Vermont  Cedars-Sinai  developed  AI model   predict  probabilityÂ,False,0,,2021-01-11 12:11:04,False,,1348603332022177792,,,the404code,3,True,False,,
57,57,58,RT @Regent_Global: Researchers   University  Vermont  Cedars-Sinai  developed  AI model   predict  probabilityÂ,False,0,,2021-01-11 11:43:56,False,,1348596502357291009,,"<a href=""https://www.calcaware.com/"" rel=""nofollow"">Calcaware</a>",Calcaware,3,True,False,,
58,58,59,RT @Regent_Global: Researchers   University  Vermont  Cedars-Sinai  developed  AI model   predict  probabilityÂ,False,0,,2021-01-11 11:43:55,False,,1348596497126879234,,,botanalytica,3,True,False,,
59,59,60,Researchers   University  Vermont  Cedars-Sinai  developed  AI model   predict  probabiÂ https://.co/WeztmmgXIG,False,2,,2021-01-11 11:43:18,True,,1348596344936673280,,"<a href=""https://mobile.twitter.com"" rel=""nofollow"">Twitter Web App</a>",Regent_Global,3,False,False,,
60,60,61,Why  hell #Covid19 continuously disturbing  regular work  parliament official'  members   minisÂ https://.co/Kpwcqxvt8u,False,1,,2021-01-11 06:45:16,True,,1348521340081344514,,"<a href=""http://twitter.com/download/android"" rel=""nofollow"">Twitter for Android</a>",RaamFca,0,False,False,,
61,61,62,"RT @newsdotlk: 2021.01.10 
Media release
03 deaths  Corona infected   recorded.
#Srilankan #Srilanka #lka #Lanka #Ceylon #DGI #GoÂ",False,0,,2021-01-11 06:31:02,False,,1348517758405787650,,,UCRGalle,2,True,False,,
62,62,63,"Thank  corona <f0><U+009F><U+00A6><U+00A0>
#Corona #lk",False,1,,2021-01-11 05:46:57,False,,1348506664752742404,,"<a href=""http://twitter.com/download/iphone"" rel=""nofollow"">Twitter for iPhone</a>",itZmeRakitha,0,False,False,,
63,63,64,"2021.01.10 
Media release
03 deaths  Corona infected   recorded.
#Srilankan #Srilanka #lka #Lanka #CeylonÂ https://.co/9d8STgDUQq",False,3,,2021-01-11 05:43:07,True,,1348505699320414213,,"<a href=""https://mobile.twitter.com"" rel=""nofollow"">Twitter Web App</a>",newsdotlk,2,False,False,,
64,64,65,"#Breaking #News

Minister #Vasudeva #Nanayakkara  tested positive  #COVID19
Minister Vasudeva Nanayakkara Â https://.co/PCVcMRzDdj",False,6,,2021-01-11 04:59:31,True,,1348494725787963394,,"<a href=""http://twitter.com/download/iphone"" rel=""nofollow"">Twitter for iPhone</a>",Naveeth14,1,False,False,,
65,65,66,"#Isolation #Lifted<U+2705>

Isolation imposed  #Grandpass, #Panchikawatte, #Maligawatta,  #Dematagoda   #lifted fÂ https://.co/vHwYW0MwWI",False,1,,2021-01-10 11:53:42,True,,1348236571971969026,,"<a href=""http://twitter.com/download/iphone"" rel=""nofollow"">Twitter for iPhone</a>",Naveeth14,0,False,False,,
66,66,67,"#Isolation #Update<f0><U+009F><U+009B><U+0091>

Following areas  #Borella #isolated  #immediate, according  Army Commander Shavendra SÂ https://.co/BIXXVkVUxJ",False,0,,2021-01-10 11:44:11,True,,1348234177200590849,,"<a href=""http://twitter.com/download/iphone"" rel=""nofollow"">Twitter for iPhone</a>",Naveeth14,0,False,False,,
67,67,68,"RT @Ram_Srinivas_: Whether  Education Department   Dealing  SASTRA University! <f0><U+009F><U+0091><U+0080>
#Corona #DepartmentofHigherEducation @EduMinOÂ",False,0,,2021-01-10 06:27:34,False,,1348154498758266882,,"<a href=""https://mobile.twitter.com"" rel=""nofollow"">Twitter Web App</a>",BandaAnjan,15,True,False,,
68,68,69,"Hakeem tested positive 

#SriLanka #lka #corona #coronavirus #covid19 #COVID19SL #outbreak
#RauffHakeem #COVID19Â https://.co/y0CCQqaGCe",False,0,,2021-01-10 04:21:41,True,,1348122817548587009,,"<a href=""https://about.twitter.com/products/tweetdeck"" rel=""nofollow"">TweetDeck</a>",SriLankaMirror,0,False,False,,
69,69,70,"RT @Ram_Srinivas_: Whether  Education Department   Dealing  SASTRA University! <f0><U+009F><U+0091><U+0080>
#Corona #DepartmentofHigherEducation @EduMinOÂ",False,0,,2021-01-09 18:07:22,False,,1347968220880257024,,"<a href=""http://twitter.com/download/android"" rel=""nofollow"">Twitter for Android</a>",KishorGanesh5,15,True,False,,
70,70,71,"#Vaccination drive  kick   16th January, 2021   forthcoming festivals including Lohri, Makar SankranÂ https://.co/zp9fcb4NfQ",False,0,gschandresh,2021-01-09 11:05:17,True,1.3478599512810783e+18,1347861999103799296,138276358.0,"<a href=""http://twitter.com/download/android"" rel=""nofollow"">Twitter for Android</a>",gschandresh,0,False,False,,
71,71,72,"New areas isolated 

#SriLanka #lka #corona #coronavirus #covid19 #COVID19SL
#isolated #Outbreak #Pannala #MummaanaÂ https://.co/rNuQNTwlkT",False,0,,2021-01-09 09:11:05,True,,1347833258919120897,,"<a href=""https://about.twitter.com/products/tweetdeck"" rel=""nofollow"">TweetDeck</a>",SriLankaMirror,0,False,False,,
72,72,73,"#Isolation #Update*<f0><U+009F><U+009B><U+0091>

The #Mummana  #Wetthewa Grama Seva Divisions  #Giriulla  selected areas  #Koskote Â https://.co/IpNfygCVaS",False,0,,2021-01-09 08:39:57,True,,1347825425851052032,,"<a href=""http://twitter.com/download/iphone"" rel=""nofollow"">Twitter for iPhone</a>",Naveeth14,0,False,False,,
73,73,74,"RT @SureshPoorvika: Distance makes us stronger. Practice, follow  abide  #socialdistancing   part  #flattenthecurve. 

#PoorvÂ",False,0,,2021-01-09 05:25:13,False,,1347776421175857152,,"<a href=""http://twitter.com/download/android"" rel=""nofollow"">Twitter for Android</a>",Ashraf22454362,21,True,False,,
74,74,75,"RT @Ram_Srinivas_: Whether  Education Department   Dealing  SASTRA University! <f0><U+009F><U+0091><U+0080>
#Corona #DepartmentofHigherEducation @EduMinOÂ",False,0,,2021-01-09 04:59:26,False,,1347769929236299785,,"<a href=""http://twitter.com/download/android"" rel=""nofollow"">Twitter for Android</a>",Rajtaru80487652,15,True,False,,
