,,,text,favorited,favoriteCount,replyToSN,created,truncated,replyToSID,id,replyToUID,statusSource,screenName,retweetCount,isRetweet,retweeted,longitude,latitude
0,0,1,"RT @CeylonToday: COVID-19: 131  attended  wedding test positive

https://.co/MuOgX6pFFW 

#lka #SriLanka #COVID19SL #COVID<U+30FC>19 #COVID19Â",False,0,,2021-02-09 01:11:08,False,,1358946499250425858,,"<a href=""https://mobile.twitter.com"" rel=""nofollow"">Twitter Web App</a>",Lasaa_V,2,True,False,,
1,1,2,"2019 Dec | China #CoronaVirus Timeline
A man   70s starts experiencing symptoms. He  later admitted   hosÂ https://.co/m2Rfswourd",False,0,,2021-02-08 21:37:28,True,,1358892731116961793,,"<a href=""https://mobile.twitter.com"" rel=""nofollow"">Twitter Web App</a>",nadun_don,0,False,False,,
2,2,3,"New #COVID-19 rules  #AbuDhabi  Sharjah explained...
Malls, restaurants  operate  reduced capacity  Â https://.co/53zZw7FvPL",False,2,,2021-02-08 15:10:46,True,,1358795412925153281,,"<a href=""http://twitter.com/download/android"" rel=""nofollow"">Twitter for Android</a>",PravasiBoard,1,False,False,,
3,3,4,"RT @KThadsithan24: @AlluSirish @AlluSirish anna,  ' told  words  cure  recover,  pandemic #corona   @Suriya_offlÂ",False,0,,2021-02-08 12:49:06,False,,1358759760758075394,,"<a href=""https://mobile.twitter.com"" rel=""nofollow"">Twitter Web App</a>",DreamerRuzaik,17,True,False,,
4,4,5,"COVID-19 Update : Prisons clusters 

https://.co/xb4TY5CHsi 

#lka #SriLanka #Prisons #COVID19SL #COVID<U+30FC>19Â https://.co/wzkTPGys1m",False,0,,2021-02-08 12:09:58,True,,1358749915745116160,,"<a href=""https://mobile.twitter.com"" rel=""nofollow"">Twitter Web App</a>",CeylonToday,0,False,False,,
5,5,6,"RT @CeylonToday: COVID-19: 131  attended  wedding test positive

https://.co/MuOgX6pFFW 

#lka #SriLanka #COVID19SL #COVID<U+30FC>19 #COVID19Â",False,0,,2021-02-08 10:45:32,False,,1358728665379426304,,"<a href=""http://twitter.com/download/iphone"" rel=""nofollow"">Twitter for iPhone</a>",ahmed_shiham,2,True,False,,
6,6,7,"COVID-19: 131  attended  wedding test positive

https://.co/MuOgX6pFFW 

#lka #SriLanka #COVID19SL #COVID<U+30FC>19Â https://.co/vTOUy1Lqwx",False,0,,2021-02-08 10:43:06,True,,1358728052344119298,,"<a href=""https://mobile.twitter.com"" rel=""nofollow"">Twitter Web App</a>",CeylonToday,2,False,False,,
7,7,8,"35 CDF members test positive  COVID-19 

https://.co/Lal0VQJNOE 

#lka #SriLanka #CdF #COVID19 #COVID<U+30FC>19Â https://.co/Dboh4OYrf5",False,0,,2021-02-08 09:09:10,True,,1358704414408593408,,"<a href=""https://mobile.twitter.com"" rel=""nofollow"">Twitter Web App</a>",CeylonToday,0,False,False,,
8,8,9,"MP'  undergo PCR Tests  Parliament

@ParliamentLK 

https://.co/j79uRZzJvm 

#lka #SriLanka #PCR #ParliamentÂ https://.co/IgQ6wrzkFu",False,0,,2021-02-08 07:20:37,True,,1358677095333785601,,"<a href=""https://mobile.twitter.com"" rel=""nofollow"">Twitter Web App</a>",CeylonToday,0,False,False,,
9,9,10,"RT @KThadsithan24: @AlluSirish @AlluSirish anna,  ' told  words  cure  recover,  pandemic #corona   @Suriya_offlÂ",False,0,,2021-02-08 06:41:25,False,,1358667231849156610,,"<a href=""http://twitter.com/download/android"" rel=""nofollow"">Twitter for Android</a>",Mohan_Maara,17,True,False,,
10,10,11,"Repatriations  continue: NOCPCO Head @SilvaShavendra 

https://.co/7RF8xu82iS 

#lka #SriLanka #COVID19Â https://.co/3rAO723c79",False,1,,2021-02-08 06:02:35,True,,1358657457715699713,,"<a href=""https://mobile.twitter.com"" rel=""nofollow"">Twitter Web App</a>",CeylonToday,1,False,False,,
11,11,12,"RT @KThadsithan24: @AlluSirish @AlluSirish anna,  ' told  words  cure  recover,  pandemic #corona   @Suriya_offlÂ",False,0,,2021-02-08 05:41:55,False,,1358652258141933568,,"<a href=""http://twitter.com/download/android"" rel=""nofollow"">Twitter for Android</a>",HarishKanna2002,17,True,False,,
12,12,13,"RT @KThadsithan24: @AlluSirish @AlluSirish anna,  ' told  words  cure  recover,  pandemic #corona   @Suriya_offlÂ",False,0,,2021-02-08 05:37:50,False,,1358651228436058112,,"<a href=""http://twitter.com/download/android"" rel=""nofollow"">Twitter for Android</a>",AnjanSfc,17,True,False,,
13,13,14,"RT @KThadsithan24: @AlluSirish @AlluSirish anna,  ' told  words  cure  recover,  pandemic #corona   @Suriya_offlÂ",False,0,,2021-02-08 05:37:15,False,,1358651083300605952,,"<a href=""http://twitter.com/download/android"" rel=""nofollow"">Twitter for Android</a>",PrakaEdtis,17,True,False,,
14,14,15,"@AlluSirish @AlluSirish anna,  ' told  words  cure  recover,  pandemic #corona  Â https://.co/Np982HbzNl",False,2,AlluSirish,2021-02-08 05:36:39,True,1.3547193321697034e+18,1358650930732752896,2260572416.0,"<a href=""http://twitter.com/download/android"" rel=""nofollow"">Twitter for Android</a>",KThadsithan24,17,False,False,,
15,15,16,"Tri-Forces vaccination drive complete - Army Commander @SilvaShavendra 

https://.co/eT64uIsOY5 

#lka #SriLankaÂ https://.co/s9idJjCver",False,1,,2021-02-08 05:01:28,True,,1358642077429497857,,"<a href=""https://mobile.twitter.com"" rel=""nofollow"">Twitter Web App</a>",CeylonToday,0,False,False,,
16,16,17,"Sri Lankan #Muslims   #Corona #Phobia,

Every places  creating #Phychological issues within Â https://.co/OX8zUjpFbD",False,2,,2021-02-08 02:30:51,True,,1358604173172875265,,"<a href=""http://twitter.com/download/android"" rel=""nofollow"">Twitter for Android</a>",Mujeeb_UrRahman,0,False,False,,
17,17,18,"RT @MohanaAnchor: Darkness cannot drive  darkness: Â lightÂ   . ... #prospertity
#bepositive
#staystrong
#corona 
#vandaemathÂ",False,0,,2021-02-07 02:45:57,False,,1358245585078263808,,"<a href=""http://twitter.com/download/android"" rel=""nofollow"">Twitter for Android</a>",Sathish78833574,1,True,False,,
18,18,19,"#BreakingNews 
WATCH-ELDERLY, WEAK HEART/LUNGS, DIABETICS, OBESE, HIGH BP ETC R MAIN CAUSES OF DEATH FROM COVID. ALÂ https://.co/Tgf2gWdt7p",False,0,,2021-02-06 14:53:52,True,,1358066385230860289,,"<a href=""https://mobile.twitter.com"" rel=""nofollow"">Twitter Web App</a>",Wikiayiyaa,0,False,False,,
19,19,20,"#BREAKING
WATCH/SHARE
COVIDIANS WITH ASYMPTOMATICS ALSO DEVELOP ANTIBODIES AGAINST COVID.
BUT THERE R INSTANCES WHEÂ https://.co/uyiSXxE1jG",False,0,,2021-02-06 13:57:38,True,,1358052232638308352,,"<a href=""https://mobile.twitter.com"" rel=""nofollow"">Twitter Web App</a>",Wikiayiyaa,0,False,False,,
20,20,21,"RT @Kishore36451190: <U+0B92><U+0BB0><U+0BC1> <U+0BB0><U+0BC2><U+0BAA><U+0BBE><U+0BAF><U+0BCD> <U+0B87><U+0B9F><U+0BCD><U+0BB2><U+0BBF> <U+0B85><U+0BAE><U+0BCD><U+0BAE><U+0BBE><U+0BB5><U+0BC1><U+0B95><U+0BCD><U+0B95><U+0BC1> <U+0B89><U+0BA4><U+0BB5><U+0BBF><U+0BAF> <U+0BAA><U+0BBE><U+0BB0><U+0BA4><U+0BBF><U+0BAF><U+0BBE><U+0BB0><U+0BCD> <U+0BAA><U+0BB2><U+0BCD><U+0B95><U+0BB2><U+0BC8><U+0B95><U+0BCD><U+0B95><U+0BB4><U+0B95><U+0BAE><U+0BCD>. 

Timely help &amp; support  <U+20B9>1 Idly Paati  Bharathiar UniÂ",False,0,,2021-02-06 11:30:08,False,,1358015114738208769,,"<a href=""http://twitter.com/download/android"" rel=""nofollow"">Twitter for Android</a>",Arunkum21127766,6,True,False,,
21,21,22,"RT @trollboss88: Tharam ya yooo
Fandome matters<f0><U+009F><U+0094><U+00A5>
#SooraraiPottru #Corona #Suriya40 #VaadiVaasal https://.co/V3qYOVnCi9",False,0,,2021-02-06 10:56:53,False,,1358006747395358721,,"<a href=""https://mobile.twitter.com"" rel=""nofollow"">Twitter Web App</a>",Midhun2028,9,True,False,,
22,22,23,"RT @trollboss88: Tharam ya yooo
Fandome matters<f0><U+009F><U+0094><U+00A5>
#SooraraiPottru #Corona #Suriya40 #VaadiVaasal https://.co/V3qYOVnCi9",False,0,,2021-02-06 10:48:00,False,,1358004511042797568,,"<a href=""https://mobile.twitter.com"" rel=""nofollow"">Twitter Web App</a>",Midhun2027,9,True,False,,
23,23,24,"RT @trollboss88: Tharam ya yooo
Fandome matters<f0><U+009F><U+0094><U+00A5>
#SooraraiPottru #Corona #Suriya40 #VaadiVaasal https://.co/V3qYOVnCi9",False,0,,2021-02-06 05:38:50,False,,1357926705608855554,,"<a href=""https://mobile.twitter.com"" rel=""nofollow"">Twitter Web App</a>",Midhun2026,9,True,False,,
24,24,25,"RT @trollboss88: Tharam ya yooo
Fandome matters<f0><U+009F><U+0094><U+00A5>
#SooraraiPottru #Corona #Suriya40 #VaadiVaasal https://.co/V3qYOVnCi9",False,0,,2021-02-06 05:30:27,False,,1357924596490489856,,"<a href=""https://mobile.twitter.com"" rel=""nofollow"">Twitter Web App</a>",Midhun2024,9,True,False,,
25,25,26,"RT @trollboss88: Tharam ya yooo
Fandome matters<f0><U+009F><U+0094><U+00A5>
#SooraraiPottru #Corona #Suriya40 #VaadiVaasal https://.co/V3qYOVnCi9",False,0,,2021-02-06 05:13:18,False,,1357920282023849985,,"<a href=""https://mobile.twitter.com"" rel=""nofollow"">Twitter Web App</a>",Midhun2030,9,True,False,,
26,26,27,"RT @trollboss88: Tharam ya yooo
Fandome matters<f0><U+009F><U+0094><U+00A5>
#SooraraiPottru #Corona #Suriya40 #VaadiVaasal https://.co/V3qYOVnCi9",False,0,,2021-02-06 03:25:35,False,,1357893171443769344,,"<a href=""http://twitter.com/download/android"" rel=""nofollow"">Twitter for Android</a>",Mohan_Maara,9,True,False,,
27,27,28,"RT @trollboss88: Tharam ya yooo
Fandome matters<f0><U+009F><U+0094><U+00A5>
#SooraraiPottru #Corona #Suriya40 #VaadiVaasal https://.co/V3qYOVnCi9",False,0,,2021-02-06 02:45:00,False,,1357882957676044288,,"<a href=""http://thilaksaravanan.com/"" rel=""nofollow"">rttnd</a>",Thilak_sfc,9,True,False,,
28,28,29,"Tharam ya yooo
Fandome matters<f0><U+009F><U+0094><U+00A5>
#SooraraiPottru #Corona #Suriya40 #VaadiVaasal https://.co/V3qYOVnCi9",False,1,,2021-02-06 02:43:24,False,,1357882556004225026,,"<a href=""http://twitter.com/download/android"" rel=""nofollow"">Twitter for Android</a>",trollboss88,9,False,False,,
29,29,30,"#KGF2 Overseas Asking Price <U+20B9>80cr+ 

Top Overseas Rights For #SouthIndian Movies 

#RRR - <U+20B9>77Cr
#Baahubali2 - <U+20B9>70CrÂ https://.co/zpBzRLY43B",False,0,,2021-02-05 18:28:57,True,,1357758122685726721,,"<a href=""http://twitter.com/download/android"" rel=""nofollow"">Twitter for Android</a>",Tamizh5665,0,False,False,,
30,30,31,"#BREAKING
ISNT THIS CORRECT?
MAXIES-CLICK PHOTO-C WRITING @BOTOM
NOT ALINEAR DISTANCE BUT AS AN AREA. TRUE ENOUGH AÂ https://.co/vawymXG2p4",False,1,,2021-02-05 16:45:33,True,,1357732103165796355,,"<a href=""https://mobile.twitter.com"" rel=""nofollow"">Twitter Web App</a>",Wikiayiyaa,0,False,False,,
31,31,32,"@sumanthraman Curious Question !

They said In 2020 #lockdown #corona became wide spread. 1 became 2 , 2 became 4,Â https://.co/jLMLPhHkLW",False,0,sumanthraman,2021-02-05 12:54:49,True,1.3576402347043594e+18,1357674037602783234,54436268.0,"<a href=""http://twitter.com/download/iphone"" rel=""nofollow"">Twitter for iPhone</a>",kanthisback,0,False,False,,
32,32,33,"'Vaccination drive must  made efficient    60 years' 

https://.co/rR0LCGqOIc 

#lka #SriLankaÂ https://.co/dX8uazHWDn",False,0,,2021-02-05 10:40:41,True,,1357640280602800128,,"<a href=""https://mobile.twitter.com"" rel=""nofollow"">Twitter Web App</a>",CeylonToday,0,False,False,,
33,33,34,"'We  prepared  face  complications' - Dr. Haritha Aluthge 

https://.co/qraI3K00aj 

#lka #SriLankaÂ https://.co/e7szt3OEGL",False,3,,2021-02-05 08:07:12,True,,1357601656205172736,,"<a href=""https://mobile.twitter.com"" rel=""nofollow"">Twitter Web App</a>",CeylonToday,0,False,False,,
34,34,35,"Isolation update  Matale 

https://.co/oswZPNeqM3 

#lka #SriLanka #Matale #quarantaine #isolation #COVID19Â https://.co/uqi21o259W",False,3,,2021-02-05 07:33:14,True,,1357593106548486148,,"<a href=""https://mobile.twitter.com"" rel=""nofollow"">Twitter Web App</a>",CeylonToday,0,False,False,,
35,35,36,#Corona awareness campaign  vellalore https://.co/yiFye3kElA,False,7,,2021-02-05 04:38:22,False,,1357549099516522496,,"<a href=""https://mobile.twitter.com"" rel=""nofollow"">Twitter Web App</a>",raf105bn,0,False,False,,
36,36,37,"RT @infodprtsl: Seven Covi-19 Deaths  reported
#Srilankan #Srilanka #lka #Lanka #Ceylon #DGI #Government #Information #Department #NewsÂ",False,0,,2021-02-05 03:31:02,False,,1357532158060019712,,,UCRGalle,3,True,False,,
37,37,38,"RT @kanthisback: Curious Question !

They said In 2020 #lockdown #corona became wide spread. 1 became 2 , 2 became 4, &amp; pandemic.

Corona Â",False,0,,2021-02-05 03:27:02,False,,1357531150474833923,,"<a href=""http://twitter.com/download/android"" rel=""nofollow"">Twitter for Android</a>",SurendarDeivam1,1,True,False,,
38,38,39,"Curious Question !

They said In 2020 #lockdown #corona became wide spread. 1 became 2 , 2 became 4, &amp; pandemic.

CÂ https://.co/mazTYvEub5",False,5,,2021-02-05 03:24:58,True,,1357530629529763841,,"<a href=""https://mobile.twitter.com"" rel=""nofollow"">Twitter Web App</a>",kanthisback,1,False,False,,
39,39,40,"Seven Covi-19 Deaths  reported
#Srilankan #Srilanka #lka #Lanka #Ceylon #DGI #Government #InformationÂ https://.co/69BP7tjbNG",False,3,,2021-02-05 02:56:57,True,,1357523579424931841,,"<a href=""https://mobile.twitter.com"" rel=""nofollow"">Twitter Web App</a>",infodprtsl,3,False,False,,
40,40,41,"#BREAKING 
ISNT THIS CORRECT?
MAXIES
NOT A LINEAR DISTANCE BUT AS AN AREA. TRUE ENOUGH AS IF A LINE IS FORMED WITHÂ https://.co/psfOC65Xhv",False,0,,2021-02-04 10:27:00,True,,1357274451591585797,,"<a href=""http://twitter.com/download/android"" rel=""nofollow"">Twitter for Android</a>",Wikiayiyaa,0,False,False,,
41,41,42,"#BreakingNews
PLS SHARE AMONGST THE ILLITERATE TOO
GETTING ALL THE LATEST NEWS FOR U GUYS TO TAKE CARE OF YOURSELVEÂ https://.co/MUXm6kkFqF",False,0,,2021-02-04 10:07:21,True,,1357269504720445441,,"<a href=""http://twitter.com/download/android"" rel=""nofollow"">Twitter for Android</a>",Wikiayiyaa,0,False,False,,
42,42,43,"RT @Wikiayiyaa: #BreakingNews
AND MAJORITY TAKING THINGS LIGHTLY
British scientists say  next dangerous Covid variant  likely alreadyÂ",False,0,,2021-02-04 09:19:26,False,,1357257445966512129,,"<a href=""https://twitter.com/wireless_step"" rel=""nofollow"">stepcounter_tracker</a>",wireless_step,1,True,False,,
43,43,44,"#BreakingNews
AND MAJORITY TAKING THINGS LIGHTLY
British scientists say  next dangerous Covid variant  likelyÂ https://.co/rZiVYy2AAE",False,0,,2021-02-04 09:18:53,True,,1357257309563412482,,"<a href=""http://twitter.com/download/android"" rel=""nofollow"">Twitter for Android</a>",Wikiayiyaa,1,False,False,,
44,44,45,"#BREAKING
SELF CHQ FOR COVID-19 - Wiki Wicks '31-02-04
#COVID19 #Corona
https://.co/5dH8F436Cu",False,0,,2021-02-04 08:40:48,False,,1357247723167125506,,"<a href=""http://twitter.com/download/android"" rel=""nofollow"">Twitter for Android</a>",Wikiayiyaa,0,False,False,,
45,45,46,"42%  People Willing  take COVID-19 Vaccine!

#COVID19 #covishieldvaccine #covidindia #Corona https://.co/fIuAh4jb58",False,1,,2021-02-04 02:30:59,False,,1357154656137277440,,"<a href=""http://twitter.com/download/android"" rel=""nofollow"">Twitter for Android</a>",mvlogs77,0,False,False,,
46,46,47,"@WHO ' approved  #corona medicine officially? Why?
#lka #SriLanka",False,1,WHO,2021-02-03 20:03:12,False,,1357057069183098883,14499829.0,"<a href=""http://twitter.com/download/android"" rel=""nofollow"">Twitter for Android</a>",iamRasni,0,False,False,,
47,47,48,"@OfficialSLC player @thiri66  Coach @Mickeyarthurcr1 test positive  #COVID19 

https://.co/CgBLs8INKN 

#lkaÂ https://.co/GD8znTWdHM",False,1,OfficialSLC,2021-02-03 11:37:19,True,,1356929757510856706,177838266.0,"<a href=""https://mobile.twitter.com"" rel=""nofollow"">Twitter Web App</a>",CeylonToday,0,False,False,,
48,48,49,"APHNH requests private sector frontline workers   included  vaccination drive 

https://.co/a2It1BaxDXÂ https://.co/q8RKWQenAQ",False,1,,2021-02-03 11:11:30,True,,1356923259367866370,,"<a href=""https://mobile.twitter.com"" rel=""nofollow"">Twitter Web App</a>",CeylonToday,0,False,False,,
49,49,50,"150 infants test positive  Covid 19   Lady Ridgeway Hospital 

https://.co/HsGkIWsLrc 

#lka #SriLankaÂ https://.co/lFokbR5ki1",False,0,,2021-02-03 10:49:36,True,,1356917751412097027,,"<a href=""https://mobile.twitter.com"" rel=""nofollow"">Twitter Web App</a>",CeylonToday,1,False,False,,
50,50,51,"@Shehzad_Ind @INCIndia @AamAadmiParty @rssurjewala @SanjayAzadSln @SupriyaShrinate @priyankagandhi The ""Congress viÂ https://.co/kdDjo5HLiU",False,1,Sathiam52788164,2021-02-03 09:09:26,True,1.3568911358897316e+18,1356892539958161409,1.2340095539156582e+18,"<a href=""http://twitter.com/download/android"" rel=""nofollow"">Twitter for Android</a>",Sathiam52788164,0,False,False,,
51,51,52,RT @Forumkeralam2: Breaking : Saudi Arabia announces travel ban  travellers  20 countries including starting  tomorrow owing  Â,False,0,,2021-02-03 07:49:27,False,,1356872411661012996,,"<a href=""http://twitter.com/download/android"" rel=""nofollow"">Twitter for Android</a>",hamras_mohammed,11,True,False,,
52,52,53,"RT @CeylonToday: 18 month old succumbs  COVID-19 

https://.co/NJnbYKMqEk 

#lka #SriLanka #COVID19SL #COVID19 #COVID #COVID19LK #coronaÂ",False,0,,2021-02-03 07:04:55,False,,1356861207437860864,,"<a href=""https://mobile.twitter.com"" rel=""nofollow"">Twitter Web App</a>",Lasaa_V,1,True,False,,
53,53,54,"18 month old succumbs  COVID-19 

https://.co/NJnbYKMqEk 

#lka #SriLanka #COVID19SL #COVID19 #COVID #COVID19LKÂ https://.co/B4qq7yTq9Y",False,1,,2021-02-03 06:59:21,True,,1356859807089704960,,"<a href=""https://mobile.twitter.com"" rel=""nofollow"">Twitter Web App</a>",CeylonToday,1,False,False,,
54,54,55,RT @Forumkeralam2: Breaking : Saudi Arabia announces travel ban  travellers  20 countries including starting  tomorrow owing  Â,False,0,,2021-02-03 06:46:44,False,,1356856629224820736,,"<a href=""http://twitter.com/download/android"" rel=""nofollow"">Twitter for Android</a>",Black57905131,11,True,False,,
55,55,56,"RT @CeylonToday: Over 23,000 people vaccinated yesterday 

https://.co/vLXoZCW1D4 

#lka #SriLanka #VaccineStrategy #COVID19SL #COVID19LKÂ",False,0,,2021-02-03 05:23:58,False,,1356835801095671810,,"<a href=""https://coronavirus.com"" rel=""nofollow"">CoronaTweetBot</a>",corona_tweet,2,True,False,,
56,56,57,"Over 23,000 people vaccinated yesterday 

https://.co/vLXoZCW1D4 

#lka #SriLanka #VaccineStrategy #COVID19SLÂ https://.co/AQTgXRsSlh",False,2,,2021-02-03 05:22:54,True,,1356835532916023297,,"<a href=""https://mobile.twitter.com"" rel=""nofollow"">Twitter Web App</a>",CeylonToday,2,False,False,,
57,57,58,"Dr. Neville Fernando infected  Covid-19 

https://.co/2yb2Rp3SdW 

#lka #SriLanka #COVID19SL #COVID19LKÂ https://.co/kp4R3wMVVm",False,0,,2021-02-03 05:12:16,True,,1356832856249692160,,"<a href=""https://mobile.twitter.com"" rel=""nofollow"">Twitter Web App</a>",CeylonToday,0,False,False,,
58,58,59,"RT @newsdotlk: Seven Covid-19 deaths  reported yesterday 2021.02.02
#Srilankan #Srilanka #lka #Lanka #Ceylon #DGI #Government #CoronaviÂ",False,0,,2021-02-03 04:59:11,False,,1356829563465199617,,"<a href=""http://twitter.com/download/android"" rel=""nofollow"">Twitter for Android</a>",mimramzy,3,True,False,,
59,59,60,"RT @newsdotlk: <U+2666><U+FE0F><U+2666><U+FE0F> 2021-02-02-Media Report
07 deaths  Covid 19 infected people   recorded.
#Srilankan #Srilanka #lka #Lanka #CeyÂ",False,0,,2021-02-03 04:31:38,False,,1356822631853527041,,,UCRGalle,2,True,False,,
60,60,61,"RT @newsdotlk: Seven Covid-19 deaths  reported yesterday 2021.02.02
#Srilankan #Srilanka #lka #Lanka #Ceylon #DGI #Government #CoronaviÂ",False,0,,2021-02-03 04:31:06,False,,1356822498680180736,,,UCRGalle,3,True,False,,
61,61,62,"Seven Covid-19 deaths  reported yesterday 2021.02.02
#Srilankan #Srilanka #lka #Lanka #Ceylon #DGI #GovernmentÂ https://.co/r0PjlQypDi",False,2,,2021-02-03 04:19:22,True,,1356819546137583618,,"<a href=""https://mobile.twitter.com"" rel=""nofollow"">Twitter Web App</a>",newsdotlk,3,False,False,,
62,62,63,"<U+2666><U+FE0F><U+2666><U+FE0F> 2021-02-02-Media Report
07 deaths  Covid 19 infected people   recorded.
#Srilankan #Srilanka #lkaÂ https://.co/4lUn9bYgFt",False,2,,2021-02-03 04:11:57,True,,1356817679571693568,,"<a href=""https://mobile.twitter.com"" rel=""nofollow"">Twitter Web App</a>",newsdotlk,2,False,False,,
63,63,64,RT @rodrigues_adorn: Breaking : Saudi Arabia announces travel ban  travellers  20 countries including starting  tomorrow owing Â,False,0,,2021-02-03 04:06:32,False,,1356816314631774214,,"<a href=""http://twitter.com/download/android"" rel=""nofollow"">Twitter for Android</a>",SHARONZEBMFC,6,True,False,,
64,64,65,RT @Forumkeralam2: Breaking : Saudi Arabia announces travel ban  travellers  20 countries including starting  tomorrow owing  Â,False,0,,2021-02-03 04:03:38,False,,1356815585913540610,,"<a href=""https://mobile.twitter.com"" rel=""nofollow"">Twitter Web App</a>",Ringmas34508060,11,True,False,,
65,65,66,RT @rodrigues_adorn: Breaking : Saudi Arabia announces travel ban  travellers  20 countries including starting  tomorrow owing Â,False,0,,2021-02-03 03:18:10,False,,1356804141234880515,,"<a href=""http://twitter.com/download/android"" rel=""nofollow"">Twitter for Android</a>",Pranav09908898,6,True,False,,
66,66,67,RT @Forumkeralam2: Breaking : Saudi Arabia announces travel ban  travellers  20 countries including starting  tomorrow owing  Â,False,0,,2021-02-03 03:13:45,False,,1356803033263349761,,"<a href=""http://twitter.com/download/android"" rel=""nofollow"">Twitter for Android</a>",JaisonMonayi369,11,True,False,,
67,67,68,RT @Forumkeralam2: Breaking : Saudi Arabia announces travel ban  travellers  20 countries including starting  tomorrow owing  Â,False,0,,2021-02-03 03:02:31,False,,1356800204817584129,,"<a href=""http://twitter.com/download/android"" rel=""nofollow"">Twitter for Android</a>",abid_369,11,True,False,,
68,68,69,RT @Forumkeralam2: Breaking : Saudi Arabia announces travel ban  travellers  20 countries including starting  tomorrow owing  Â,False,0,,2021-02-03 03:02:14,False,,1356800133791444999,,"<a href=""http://twitter.com/download/android"" rel=""nofollow"">Twitter for Android</a>",mr_ajmal369,11,True,False,,
69,69,70,"Chief Growth Officer  oDoc Nare Bandaranayake answers  vital questions   COVID-19 vaccine,  Friday Â https://.co/vvnMPqobAn",False,2,,2021-02-03 02:50:38,True,,1356797213217853441,,"<a href=""http://twitter.com/download/iphone"" rel=""nofollow"">Twitter for iPhone</a>",RodrigoSavithri,0,False,False,,
70,70,71,RT @Forumkeralam2: Breaking : Saudi Arabia announces travel ban  travellers  20 countries including starting  tomorrow owing  Â,False,0,,2021-02-03 02:43:00,False,,1356795292809486336,,"<a href=""http://twitter.com/download/android"" rel=""nofollow"">Twitter for Android</a>",RPrijith,11,True,False,,
71,71,72,RT @Forumkeralam2: Breaking : Saudi Arabia announces travel ban  travellers  20 countries including starting  tomorrow owing  Â,False,0,,2021-02-03 02:31:10,False,,1356792315449208832,,"<a href=""http://twitter.com/download/android"" rel=""nofollow"">Twitter for Android</a>",alanjacobtbk,11,True,False,,
72,72,73,RT @Forumkeralam2: Breaking : Saudi Arabia announces travel ban  travellers  20 countries including starting  tomorrow owing  Â,False,0,,2021-02-02 21:49:56,False,,1356721538163118080,,"<a href=""http://twitter.com/download/android"" rel=""nofollow"">Twitter for Android</a>",lenish_leon,11,True,False,,
73,73,74,"We ' free, We  controlled   diseases like #Corona. I wonder?     free eh? erryfuckingtime Â https://.co/H6iBd0D4Fn",False,0,,2021-02-02 19:52:11,True,,1356691909490671622,,"<a href=""https://mobile.twitter.com"" rel=""nofollow"">Twitter Web App</a>",chop______,0,False,False,,
74,74,75,RT @rodrigues_adorn: Breaking : Saudi Arabia announces travel ban  travellers  20 countries including starting  tomorrow owing Â,False,0,,2021-02-02 19:50:06,False,,1356691382363062272,,"<a href=""http://twitter.com/download/android"" rel=""nofollow"">Twitter for Android</a>",Abel_lalettan,6,True,False,,
75,75,76,RT @rodrigues_adorn: Breaking : Saudi Arabia announces travel ban  travellers  20 countries including starting  tomorrow owing Â,False,0,,2021-02-02 19:44:55,False,,1356690078454620160,,"<a href=""http://twitter.com/download/android"" rel=""nofollow"">Twitter for Android</a>",kerala_mohanlal,6,True,False,,
76,76,77,RT @rodrigues_adorn: Breaking : Saudi Arabia announces travel ban  travellers  20 countries including starting  tomorrow owing Â,False,0,,2021-02-02 19:01:59,False,,1356679274678296577,,"<a href=""http://twitter.com/download/android"" rel=""nofollow"">Twitter for Android</a>",VJMuthu16,6,True,False,,
77,77,78,RT @rodrigues_adorn: Breaking : Saudi Arabia announces travel ban  travellers  20 countries including starting  tomorrow owing Â,False,0,,2021-02-02 19:00:32,False,,1356678907932663813,,"<a href=""http://twitter.com/download/android"" rel=""nofollow"">Twitter for Android</a>",squad_plus,6,True,False,,
78,78,79,Breaking : Saudi Arabia announces travel ban  travellers  20 countries including starting  tomorrow owingÂ https://.co/BHRUaSLdxM,False,9,,2021-02-02 18:59:52,True,,1356678740059820033,,"<a href=""http://twitter.com/download/android"" rel=""nofollow"">Twitter for Android</a>",rodrigues_adorn,6,False,False,,
79,79,80,RT @Forumkeralam2: Breaking : Saudi Arabia announces travel ban  travellers  20 countries including starting  tomorrow owing  Â,False,0,,2021-02-02 18:56:01,False,,1356677772861607936,,"<a href=""http://twitter.com/download/android"" rel=""nofollow"">Twitter for Android</a>",Jibinma90840379,11,True,False,,
80,80,81,RT @Forumkeralam2: Breaking : Saudi Arabia announces travel ban  travellers  20 countries including starting  tomorrow owing  Â,False,0,,2021-02-02 18:55:44,False,,1356677702514733056,,"<a href=""http://twitter.com/download/android"" rel=""nofollow"">Twitter for Android</a>",John_Wick___,11,True,False,,
81,81,82,Breaking : Saudi Arabia announces travel ban  travellers  20 countries including starting  tomorrow owingÂ https://.co/kT9vPw1wv9,False,145,,2021-02-02 18:54:57,True,,1356677502085853184,,"<a href=""http://twitter.com/download/android"" rel=""nofollow"">Twitter for Android</a>",Forumkeralam2,11,False,False,,
82,82,83,"Former Speaker tests positive  COVID-19 

https://.co/lnVYe1o8Hi 

#lka #SriLanka #COVID19LK #COVID19SL #Covid_19 #Corona #COVID19",False,1,,2021-02-02 11:31:45,False,,1356565967543885825,,"<a href=""https://mobile.twitter.com"" rel=""nofollow"">Twitter Web App</a>",CeylonToday,1,False,False,,
83,83,84,"Be  COVID Warrior.Please use high quality Mask manufactured  ProbeLab India.

For  information please call +Â https://.co/denpEFWhrf",False,0,,2021-02-02 08:29:58,True,,1356520222937726977,,"<a href=""https://www.hootsuite.com"" rel=""nofollow"">Hootsuite Inc.</a>",probe_lab,0,False,False,,
84,84,85,"Southern Province Governor tests positive  Covid-19 

https://.co/A1N71TdCbx 

#lka #SriLanka #COVID19LKÂ https://.co/8UrxGBK6kJ",False,1,,2021-02-02 08:27:40,True,,1356519644207710208,,"<a href=""https://mobile.twitter.com"" rel=""nofollow"">Twitter Web App</a>",CeylonToday,0,False,False,,
85,85,86,"RT @CeylonToday: Five students  Jaffna University test positive  COVID 

https://.co/ybbKT8awOy 

#lka #SriLanka #COVID19LK #COVID19SÂ",False,0,,2021-02-02 07:21:32,False,,1356503001536552961,,"<a href=""https://mobile.twitter.com"" rel=""nofollow"">Twitter Web App</a>",dinuk_perera,3,True,False,,
86,86,87,"RT @CeylonToday: Five students  Jaffna University test positive  COVID 

https://.co/ybbKT8awOy 

#lka #SriLanka #COVID19LK #COVID19SÂ",False,0,,2021-02-02 07:18:59,False,,1356502359095017473,,"<a href=""https://mobile.twitter.com"" rel=""nofollow"">Twitter Web App</a>",sulorammohan,3,True,False,,
87,87,88,"Five students  Jaffna University test positive  COVID 

https://.co/ybbKT8awOy 

#lka #SriLanka #COVID19LKÂ https://.co/IAnEHlvkdj",False,6,,2021-02-02 07:18:13,True,,1356502163481067520,,"<a href=""https://mobile.twitter.com"" rel=""nofollow"">Twitter Web App</a>",CeylonToday,3,False,False,,
88,88,89,"Watch  video Health drink||Hemoglobin booster||With English subtitles || Chitra' cafe @YouTube

-----&gt;Â https://.co/28MHEl6FLB",False,1,,2021-02-02 04:49:27,True,,1356464726696288258,,"<a href=""https://mobile.twitter.com"" rel=""nofollow"">Twitter Web App</a>",chitrascafe,0,False,False,,
89,89,90,"Over 95,000 vaccinated  Covid 19 

https://.co/yL3tnBDLnD 

#lka #SriLanka #COVID19LK #COVID19SL #COVID19Â https://.co/xvLcpjiMPx",False,0,,2021-02-02 03:38:28,True,,1356446865584226306,,"<a href=""https://mobile.twitter.com"" rel=""nofollow"">Twitter Web App</a>",CeylonToday,1,False,False,,
90,90,91,@selvadgr82013 @rhevanth95 Crowd celebration pani #corona vandhuchuna yaruga varuva neega ??  1st government ku ennÂ https://.co/tuIPGgGeq4,False,0,selvadgr82013,2021-02-01 19:36:54,True,1.3560844627364332e+18,1356325674659667968,1.1415129703351624e+18,"<a href=""http://twitter.com/download/android"" rel=""nofollow"">Twitter for Android</a>",YunusAk29527482,0,False,False,,
91,91,92,Meet  #specialstudent Nagaraj   suffered  #multipledisabilities. Although   unable  come  schoÂ https://.co/p1D45EnsiL,False,1,,2021-02-01 17:38:44,True,,1356295936885059585,,"<a href=""http://twitter.com/download/android"" rel=""nofollow"">Twitter for Android</a>",MaduraiYmca,0,False,False,,
92,92,93,"How many times  @howiemandel wash  hands  2020?
A. Same  2019
B. Twice  2019
C. Once every hour
D. SaniÂ https://.co/uTlql9g2mA",False,0,,2021-02-01 15:02:42,True,,1356256667449479168,,"<a href=""http://twitter.com/download/android"" rel=""nofollow"">Twitter for Android</a>",ThanuskaranRK,0,False,False,,
