,,,text,favorited,favoriteCount,replyToSN,created,truncated,replyToSID,id,replyToUID,statusSource,screenName,retweetCount,isRetweet,retweeted,longitude,latitude
0,0,1,"RT @newsradiolk: 770 COVID-19 cases detected yesterday (20th);
-270  Colombo
-80  Gampaha
-56   Matara  Galle
-54  KÂ",False,0,,2021-01-21 04:14:40,False,,1352107319442563073,,"<a href=""http://twitter.com/download/android"" rel=""nofollow"">Twitter for Android</a>",Rafih369,4,True,False,,
1,1,2,"RT @newsradiolk: 770 COVID-19 cases detected yesterday (20th);
-270  Colombo
-80  Gampaha
-56   Matara  Galle
-54  KÂ",False,0,,2021-01-21 03:56:47,False,,1352102820351254528,,"<a href=""http://twitter.com/download/iphone"" rel=""nofollow"">Twitter for iPhone</a>",iamshakoor,4,True,False,,
2,2,3,"RT @newsradiolk: 770 COVID-19 cases detected yesterday (20th);
-270  Colombo
-80  Gampaha
-56   Matara  Galle
-54  KÂ",False,0,,2021-01-21 03:48:45,False,,1352100798365270017,,"<a href=""http://twitter.com/download/android"" rel=""nofollow"">Twitter for Android</a>",gopiharan,4,True,False,,
3,3,4,"770 COVID-19 cases detected yesterday (20th);
-270  Colombo
-80  Gampaha
-56   Matara  Galle
-54Â https://.co/NL7HvNtPgW",False,1,,2021-01-21 03:34:52,True,,1352097305013477378,,"<a href=""https://mobile.twitter.com"" rel=""nofollow"">Twitter Web App</a>",newsradiolk,4,False,False,,
4,4,5,"#DefeatAntiFarmerLaws 

For #EIA  got #Corona.
For #FarmersBill    hearing opinion  #States  Â https://.co/AFpRiD2DY9",False,2,,2021-01-21 01:01:11,True,,1352058627683545088,,"<a href=""http://twitter.com/download/android"" rel=""nofollow"">Twitter for Android</a>",gopi_samsan,4,False,False,,
5,5,6,"RT @cs_disola: Dear @nsitharaman '
The business   suffered setbacks due  #Lockdown  #Corona   asking  freebies Â",False,0,,2021-01-20 17:25:42,False,,1351944002799484929,,"<a href=""http://twitter.com/download/android"" rel=""nofollow"">Twitter for Android</a>",Gauravcs1989,13,True,False,,
6,6,7,"RT @cs_disola: Dear @nsitharaman '
The business   suffered setbacks due  #Lockdown  #Corona   asking  freebies Â",False,0,,2021-01-20 16:18:20,False,,1351927046029537282,,"<a href=""http://twitter.com/download/android"" rel=""nofollow"">Twitter for Android</a>",vivekzpa,13,True,False,,
7,7,8,"RT @cs_disola: Dear @nsitharaman '
The business   suffered setbacks due  #Lockdown  #Corona   asking  freebies Â",False,0,,2021-01-20 15:47:31,False,,1351919292120326145,,"<a href=""http://twitter.com/download/android"" rel=""nofollow"">Twitter for Android</a>",Senthil07328965,13,True,False,,
8,8,9,"RT @cs_disola: Dear @nsitharaman '
The business   suffered setbacks due  #Lockdown  #Corona   asking  freebies Â",False,0,,2021-01-20 10:35:34,False,,1351840789467262981,,"<a href=""https://mobile.twitter.com"" rel=""nofollow"">Twitter Web App</a>",HemantC08266292,13,True,False,,
9,9,10,"Me  already     problems: *<f0><U+009F><U+0099><U+0083>*

#coronavirus #Corona #LongTermEffects https://.co/mSofif0MHU",False,0,,2021-01-20 10:01:48,False,,1351832289852866561,,"<a href=""http://twitter.com/download/android"" rel=""nofollow"">Twitter for Android</a>",MadhunikaaR,0,False,False,,
10,10,11,"RT @cs_disola: Dear @nsitharaman '
The business   suffered setbacks due  #Lockdown  #Corona   asking  freebies Â",False,0,,2021-01-20 07:49:37,False,,1351799026736222208,,"<a href=""http://twitter.com/download/android"" rel=""nofollow"">Twitter for Android</a>",CSTTR07,13,True,False,,
11,11,12,"RT @cs_disola: Dear @nsitharaman '
The business   suffered setbacks due  #Lockdown  #Corona   asking  freebies Â",False,0,,2021-01-20 07:29:00,False,,1351793835135782913,,"<a href=""http://twitter.com/download/iphone"" rel=""nofollow"">Twitter for iPhone</a>",spanchal05,13,True,False,,
12,12,13,"RT @cs_disola: Dear @nsitharaman '
The business   suffered setbacks due  #Lockdown  #Corona   asking  freebies Â",False,0,,2021-01-20 06:59:34,False,,1351786431568519171,,"<a href=""http://twitter.com/download/android"" rel=""nofollow"">Twitter for Android</a>",cs_disola,13,True,False,,
13,13,14,"RT @cs_disola: Dear @nsitharaman '
The business   suffered setbacks due  #Lockdown  #Corona   asking  freebies Â",False,0,,2021-01-20 06:50:01,False,,1351784028148441090,,"<a href=""http://twitter.com/download/android"" rel=""nofollow"">Twitter for Android</a>",SomaniMilan,13,True,False,,
14,14,15,"RT @cs_disola: Dear @nsitharaman '
The business   suffered setbacks due  #Lockdown  #Corona   asking  freebies Â",False,0,,2021-01-20 06:49:10,False,,1351783813677019136,,"<a href=""http://twitter.com/download/android"" rel=""nofollow"">Twitter for Android</a>",Prerna10347427,13,True,False,,
15,15,16,"RT @cs_disola: Dear @nsitharaman '
The business   suffered setbacks due  #Lockdown  #Corona   asking  freebies Â",False,0,,2021-01-20 06:42:41,False,,1351782179999633409,,"<a href=""https://mobile.twitter.com"" rel=""nofollow"">Twitter Web App</a>",CS_Vir_Sanghavi,13,True,False,,
16,16,17,"RT @cs_disola: Dear @nsitharaman '
The business   suffered setbacks due  #Lockdown  #Corona   asking  freebies Â",False,0,,2021-01-20 06:36:52,False,,1351780715529031682,,"<a href=""http://twitter.com/download/android"" rel=""nofollow"">Twitter for Android</a>",Jaspree89108198,13,True,False,,
17,17,18,"RT @cs_disola: Dear @nsitharaman '
The business   suffered setbacks due  #Lockdown  #Corona   asking  freebies Â",False,0,,2021-01-20 06:33:08,False,,1351779778651586560,,"<a href=""http://twitter.com/download/android"" rel=""nofollow"">Twitter for Android</a>",Juirg,13,True,False,,
18,18,19,"Dear @nsitharaman '
The business   suffered setbacks due  #Lockdown  #Corona   asking  frÂ https://.co/Z6DqhLvU75",False,3,,2021-01-20 06:29:47,True,,1351778932991803392,,"<a href=""http://twitter.com/download/android"" rel=""nofollow"">Twitter for Android</a>",cs_disola,13,False,False,,
19,19,20,"What would  call  Rambuttan ?
#corona ?
Bloody losers https://.co/1GoXRnYfT2",False,3,,2021-01-19 21:28:59,False,,1351642837364797440,,"<a href=""http://twitter.com/download/android"" rel=""nofollow"">Twitter for Android</a>",munnarboy,1,False,False,,
20,20,21,"Hate staying  home. I   person   living   Outer World (Trips, Classes, etc...). But,  I  Â https://.co/AZUQlzP1Lr",False,0,,2021-01-19 10:25:22,True,,1351475834431840256,,"<a href=""https://mobile.twitter.com"" rel=""nofollow"">Twitter Web App</a>",CalderaGeethaka,0,False,False,,
21,21,22,In  village  think  infected  COVID-19  I wear  mask. #COVID19 #Corona #coronavirus,False,3,,2021-01-19 03:57:55,False,,1351378330130366465,,"<a href=""http://twitter.com/download/android"" rel=""nofollow"">Twitter for Android</a>",raghulanrcs,0,False,False,,
22,22,23,"After sitting  home  many Mondays  lockdown  restrictions  ,  Monday, Today,  I  calling  Blu MÂ https://.co/B0Fq7vfOqs",False,0,,2021-01-18 13:40:06,True,,1351162450180243459,,"<a href=""http://twitter.com/download/android"" rel=""nofollow"">Twitter for Android</a>",knobzy,0,False,False,,
23,23,24,"How India  led  fight  #Corona pandemic!

Working  PM Modi' mantra  proactive  effective 'tracÂ https://.co/UbDTAjHmau",False,0,,2021-01-18 11:29:34,True,,1351129602228445184,,"<a href=""https://mobile.twitter.com"" rel=""nofollow"">Twitter Web App</a>",Subhahar3,0,False,False,,
24,24,25,"How India  led  fight  #Corona pandemic!

Standing    11 new cases per million population,Â https://.co/f2TRGpCsSf",False,0,,2021-01-18 11:25:39,True,,1351128615614881792,,"<a href=""https://mobile.twitter.com"" rel=""nofollow"">Twitter Web App</a>",Subhahar3,0,False,False,,
25,25,26,"RT @CeylonToday: Two  staffers   hotel  Galle test positive  COVID-19

https://.co/599VsaXaHJ 

#lka #SriLanka #ENGvSL #GalleÂ",False,0,,2021-01-18 10:31:33,False,,1351115002388877314,,,UCRGalle,2,True,False,,
26,26,27,"Staff  Dalada Maligawa   tested positive  Covid 

https://.co/mVMd3oEdQM 

#lka #SriLanka #ToothRelicÂ https://.co/umkqzxCFT2",False,4,,2021-01-18 10:18:21,True,,1351111677555695616,,"<a href=""https://mobile.twitter.com"" rel=""nofollow"">Twitter Web App</a>",CeylonToday,1,False,False,,
27,27,28,"Two  staffers   hotel  Galle test positive  COVID-19

https://.co/599VsaXaHJ 

#lka #SriLanka #ENGvSLÂ https://.co/aOz6G4TO7Y",False,3,,2021-01-18 10:09:16,True,,1351109392435965960,,"<a href=""https://mobile.twitter.com"" rel=""nofollow"">Twitter Web App</a>",CeylonToday,2,False,False,,
28,28,29,First fruits  #corona vaccine rollout '  seen  weeks' https://.co/qQZDIMeGDb,False,0,,2021-01-17 15:32:47,False,,1350828422348455936,,"<a href=""http://twitter.com/download/android"" rel=""nofollow"">Twitter for Android</a>",vigneshtp,0,False,False,,
29,29,30,"My heartfelt congratulations  thanks  @BharatBiotech  @SerumInstIndia.In  short span  time, two #coronaÂ https://.co/NI9e5ftz2c",False,2,,2021-01-17 08:15:41,True,,1350718422854713344,,"<a href=""http://twitter.com/download/android"" rel=""nofollow"">Twitter for Android</a>",winyourfailures,0,False,False,,
30,30,31,"boost helth ,immune Power  single drinks,  helth Problems solved  two months
8921642674.
#anxietyÂ https://.co/1njEH7EAxI",False,0,,2021-01-16 16:25:25,True,,1350479280954753025,,"<a href=""http://twitter.com/download/android"" rel=""nofollow"">Twitter for Android</a>",InddigiwayT,0,False,False,,
31,31,32,"#Tuitionclasses  #resume

Permission   granted  resume tuition classes   country excluding  Â https://.co/jK92KjvA4y",False,3,,2021-01-16 11:30:12,True,,1350404986304299011,,"<a href=""http://twitter.com/download/iphone"" rel=""nofollow"">Twitter for iPhone</a>",Naveeth14,0,False,False,,
32,32,33,"Indian PM @narendramodi  launches COVID-19 Vaccine Programme 

https://.co/1vDBHisirx 

#India #IndiaFightsCoronaÂ https://.co/mtZoKq4sU7",False,2,,2021-01-16 08:34:04,True,,1350360659553210374,,"<a href=""https://mobile.twitter.com"" rel=""nofollow"">Twitter Web App</a>",CeylonToday,1,False,False,,
33,33,34,"Get  vaccinated  letÂ end  pandemic together.
.
.
#vaccinecovid19 #vaccinetime #vaccineÂ https://.co/t2cIquPJgD",False,1,,2021-01-16 04:10:53,True,,1350294428695498753,,"<a href=""https://mobile.twitter.com"" rel=""nofollow"">Twitter Web App</a>",vpslakeshore,0,False,False,,
34,34,35,"#Corona   virus
 nobody  desirous
everyone knows   dangerous
  beginning    disastrouÂ https://.co/h6AGrFJS1X",False,2,,2021-01-15 21:21:54,True,,1350191502815686656,,"<a href=""https://mobile.twitter.com"" rel=""nofollow"">Twitter Web App</a>",AnandGuruji3,0,False,False,,
35,35,36,@madan3  abt #Corona ,False,0,madan3,2021-01-15 07:10:36,False,1.3499581818169426e+18,1349977266952970240,110397597.0,"<a href=""http://twitter.com/download/android"" rel=""nofollow"">Twitter for Android</a>",MURUGANMSM,0,False,False,,
36,36,37,"RT @infodprtsl: <f0><U+009F><U+0091><U+0089>Four covid-19 infection deaths  reported  Sri Lanka
#Srilankan #Srilanka #lka #Lanka #Ceylon #DGI #Government #InforÂ",False,0,,2021-01-15 05:52:12,False,,1349957535445311498,,"<a href=""https://mobile.twitter.com"" rel=""nofollow"">Twitter Web App</a>",rehanumfernando,5,True,False,,
37,37,38,"RT @infodprtsl: <f0><U+009F><U+0091><U+0089>Four covid-19 infection deaths  reported  Sri Lanka
#Srilankan #Srilanka #lka #Lanka #Ceylon #DGI #Government #InforÂ",False,0,,2021-01-15 05:44:42,False,,1349955649774317569,,"<a href=""http://twitter.com/download/iphone"" rel=""nofollow"">Twitter for iPhone</a>",kataclysmichaos,5,True,False,,
38,38,39,"RT @infodprtsl: <f0><U+009F><U+0091><U+0089>Four covid-19 infection deaths  reported  Sri Lanka
#Srilankan #Srilanka #lka #Lanka #Ceylon #DGI #Government #InforÂ",False,0,,2021-01-15 05:32:38,False,,1349952612133597185,,,UCRGalle,5,True,False,,
39,39,40,"RT @infodprtsl: <f0><U+009F><U+0091><U+0089>Four covid-19 infection deaths  reported  Sri Lanka
#Srilankan #Srilanka #lka #Lanka #Ceylon #DGI #Government #InforÂ",False,0,,2021-01-15 03:38:47,False,,1349923961505673219,,"<a href=""http://twitter.com/download/android"" rel=""nofollow"">Twitter for Android</a>",Dr_plaquenill,5,True,False,,
40,40,41,"RT @infodprtsl: <f0><U+009F><U+0091><U+0089>Four covid-19 infection deaths  reported  Sri Lanka
#Srilankan #Srilanka #lka #Lanka #Ceylon #DGI #Government #InforÂ",False,0,,2021-01-15 03:36:39,False,,1349923424911515649,,,SLNewsRTBot,5,True,False,,
41,41,42,"<f0><U+009F><U+0091><U+0089>Four covid-19 infection deaths  reported  Sri Lanka
#Srilankan #Srilanka #lka #Lanka #Ceylon #DGIÂ https://.co/5nHOkc5vmC",False,5,,2021-01-15 03:32:22,True,,1349922348602847233,,"<a href=""https://mobile.twitter.com"" rel=""nofollow"">Twitter Web App</a>",infodprtsl,5,False,False,,
42,42,43,"RT @Dinu_Akshii: Vijay   ÂantidoteÂ  #Corona Says Vijay fan <f0><U+009F><U+0091><U+008C><f0><U+009F><U+0098><U+0082><f0><U+009F><U+0099><U+008F><f0><U+009F><U+00A4><U+00A6>

 last india found  solution   current pandemic <f0><U+009F><U+0092><U+00AA>

#MasÂ",False,0,,2021-01-14 11:00:22,False,,1349672700575268865,,"<a href=""https://mobile.twitter.com"" rel=""nofollow"">Twitter Web App</a>",AvinashTradboy,28,True,False,,
43,43,44,"RT @Dinu_Akshii: Vijay   ÂantidoteÂ  #Corona Says Vijay fan <f0><U+009F><U+0091><U+008C><f0><U+009F><U+0098><U+0082><f0><U+009F><U+0099><U+008F><f0><U+009F><U+00A4><U+00A6>

 last india found  solution   current pandemic <f0><U+009F><U+0092><U+00AA>

#MasÂ",False,0,,2021-01-14 07:34:11,False,,1349620815927472129,,"<a href=""http://twitter.com/download/android"" rel=""nofollow"">Twitter for Android</a>",imranriyaaf,28,True,False,,
44,44,45,"RT @Dinu_Akshii: Vijay   ÂantidoteÂ  #Corona Says Vijay fan <f0><U+009F><U+0091><U+008C><f0><U+009F><U+0098><U+0082><f0><U+009F><U+0099><U+008F><f0><U+009F><U+00A4><U+00A6>

 last india found  solution   current pandemic <f0><U+009F><U+0092><U+00AA>

#MasÂ",False,0,,2021-01-14 06:46:55,False,,1349608919157469188,,"<a href=""http://twitter.com/download/android"" rel=""nofollow"">Twitter for Android</a>",GokulThala15,28,True,False,,
45,45,46,"RT @Dinu_Akshii: Vijay   ÂantidoteÂ  #Corona Says Vijay fan <f0><U+009F><U+0091><U+008C><f0><U+009F><U+0098><U+0082><f0><U+009F><U+0099><U+008F><f0><U+009F><U+00A4><U+00A6>

 last india found  solution   current pandemic <f0><U+009F><U+0092><U+00AA>

#MasÂ",False,0,,2021-01-14 05:01:14,False,,1349582322878697472,,"<a href=""http://twitter.com/download/android"" rel=""nofollow"">Twitter for Android</a>",ThalaSalman8,28,True,False,,
46,46,47,"RT @Dinu_Akshii: Vijay   ÂantidoteÂ  #Corona Says Vijay fan <f0><U+009F><U+0091><U+008C><f0><U+009F><U+0098><U+0082><f0><U+009F><U+0099><U+008F><f0><U+009F><U+00A4><U+00A6>

 last india found  solution   current pandemic <f0><U+009F><U+0092><U+00AA>

#MasÂ",False,0,,2021-01-14 04:17:14,False,,1349571249077321730,,"<a href=""http://twitter.com/download/android"" rel=""nofollow"">Twitter for Android</a>",thamizhtwitzz,28,True,False,,
47,47,48,"RT @Dinu_Akshii: Vijay   ÂantidoteÂ  #Corona Says Vijay fan <f0><U+009F><U+0091><U+008C><f0><U+009F><U+0098><U+0082><f0><U+009F><U+0099><U+008F><f0><U+009F><U+00A4><U+00A6>

 last india found  solution   current pandemic <f0><U+009F><U+0092><U+00AA>

#MasÂ",False,0,,2021-01-14 04:03:03,False,,1349567681897357314,,"<a href=""https://mobile.twitter.com"" rel=""nofollow"">Twitter Web App</a>",nenjukullaabi,28,True,False,,
48,48,49,"RT @Dinu_Akshii: Vijay   ÂantidoteÂ  #Corona Says Vijay fan <f0><U+009F><U+0091><U+008C><f0><U+009F><U+0098><U+0082><f0><U+009F><U+0099><U+008F><f0><U+009F><U+00A4><U+00A6>

 last india found  solution   current pandemic <f0><U+009F><U+0092><U+00AA>

#MasÂ",False,0,,2021-01-14 03:22:27,False,,1349557464593620992,,"<a href=""http://twitter.com/download/android"" rel=""nofollow"">Twitter for Android</a>",sanjay25620445,28,True,False,,
49,49,50,"RT @Dinu_Akshii: Vijay   ÂantidoteÂ  #Corona Says Vijay fan <f0><U+009F><U+0091><U+008C><f0><U+009F><U+0098><U+0082><f0><U+009F><U+0099><U+008F><f0><U+009F><U+00A4><U+00A6>

 last india found  solution   current pandemic <f0><U+009F><U+0092><U+00AA>

#MasÂ",False,0,,2021-01-14 03:21:57,False,,1349557335681880066,,"<a href=""https://mobile.twitter.com"" rel=""nofollow"">Twitter Web App</a>",shivvishani72,28,True,False,,
50,50,51,"RT @Dinu_Akshii: Vijay   ÂantidoteÂ  #Corona Says Vijay fan <f0><U+009F><U+0091><U+008C><f0><U+009F><U+0098><U+0082><f0><U+009F><U+0099><U+008F><f0><U+009F><U+00A4><U+00A6>

 last india found  solution   current pandemic <f0><U+009F><U+0092><U+00AA>

#MasÂ",False,0,,2021-01-14 03:21:56,False,,1349557334867996674,,"<a href=""http://twitter.com/download/iphone"" rel=""nofollow"">Twitter for iPhone</a>",UltimateThalaaa,28,True,False,,
51,51,52,"RT @Dinu_Akshii: Vijay   ÂantidoteÂ  #Corona Says Vijay fan <f0><U+009F><U+0091><U+008C><f0><U+009F><U+0098><U+0082><f0><U+009F><U+0099><U+008F><f0><U+009F><U+00A4><U+00A6>

 last india found  solution   current pandemic <f0><U+009F><U+0092><U+00AA>

#MasÂ",False,0,,2021-01-14 03:20:30,False,,1349556974090743808,,"<a href=""http://twitter.com/download/android"" rel=""nofollow"">Twitter for Android</a>",Valimai_6071177,28,True,False,,
52,52,53,"RT @Dinu_Akshii: Vijay   ÂantidoteÂ  #Corona Says Vijay fan <f0><U+009F><U+0091><U+008C><f0><U+009F><U+0098><U+0082><f0><U+009F><U+0099><U+008F><f0><U+009F><U+00A4><U+00A6>

 last india found  solution   current pandemic <f0><U+009F><U+0092><U+00AA>

#MasÂ",False,0,,2021-01-14 03:18:37,False,,1349556499123564548,,"<a href=""http://twitter.com/download/android"" rel=""nofollow"">Twitter for Android</a>",iamdines19,28,True,False,,
53,53,54,"RT @Dinu_Akshii: Vijay   ÂantidoteÂ  #Corona Says Vijay fan <f0><U+009F><U+0091><U+008C><f0><U+009F><U+0098><U+0082><f0><U+009F><U+0099><U+008F><f0><U+009F><U+00A4><U+00A6>

 last india found  solution   current pandemic <f0><U+009F><U+0092><U+00AA>

#MasÂ",False,0,,2021-01-14 03:13:43,False,,1349555263670419457,,"<a href=""http://twitter.com/download/android"" rel=""nofollow"">Twitter for Android</a>",imPkumar18,28,True,False,,
54,54,55,"RT @Dinu_Akshii: Vijay   ÂantidoteÂ  #Corona Says Vijay fan <f0><U+009F><U+0091><U+008C><f0><U+009F><U+0098><U+0082><f0><U+009F><U+0099><U+008F><f0><U+009F><U+00A4><U+00A6>

 last india found  solution   current pandemic <f0><U+009F><U+0092><U+00AA>

#MasÂ",False,0,,2021-01-13 19:49:30,False,,1349443473678741504,,"<a href=""http://twitter.com/download/android"" rel=""nofollow"">Twitter for Android</a>",Maara_Ofll,28,True,False,,
55,55,56,"RT @Dinu_Akshii: Vijay   ÂantidoteÂ  #Corona Says Vijay fan <f0><U+009F><U+0091><U+008C><f0><U+009F><U+0098><U+0082><f0><U+009F><U+0099><U+008F><f0><U+009F><U+00A4><U+00A6>

 last india found  solution   current pandemic <f0><U+009F><U+0092><U+00AA>

#MasÂ",False,0,,2021-01-13 19:45:04,False,,1349442358178312196,,"<a href=""http://twitter.com/download/android"" rel=""nofollow"">Twitter for Android</a>",Ravi_Charanism1,28,True,False,,
56,56,57,"RT @Dinu_Akshii: Vijay   ÂantidoteÂ  #Corona Says Vijay fan <f0><U+009F><U+0091><U+008C><f0><U+009F><U+0098><U+0082><f0><U+009F><U+0099><U+008F><f0><U+009F><U+00A4><U+00A6>

 last india found  solution   current pandemic <f0><U+009F><U+0092><U+00AA>

#MasÂ",False,0,,2021-01-13 18:43:40,False,,1349426905544597504,,"<a href=""http://twitter.com/download/iphone"" rel=""nofollow"">Twitter for iPhone</a>",RomanVeerah,28,True,False,,
57,57,58,"RT @Dinu_Akshii: Vijay   ÂantidoteÂ  #Corona Says Vijay fan <f0><U+009F><U+0091><U+008C><f0><U+009F><U+0098><U+0082><f0><U+009F><U+0099><U+008F><f0><U+009F><U+00A4><U+00A6>

 last india found  solution   current pandemic <f0><U+009F><U+0092><U+00AA>

#MasÂ",False,0,,2021-01-13 18:13:34,False,,1349419330572754944,,"<a href=""http://twitter.com/download/android"" rel=""nofollow"">Twitter for Android</a>",innocentidio,28,True,False,,
58,58,59,"RT @Dinu_Akshii: Vijay   ÂantidoteÂ  #Corona Says Vijay fan <f0><U+009F><U+0091><U+008C><f0><U+009F><U+0098><U+0082><f0><U+009F><U+0099><U+008F><f0><U+009F><U+00A4><U+00A6>

 last india found  solution   current pandemic <f0><U+009F><U+0092><U+00AA>

#MasÂ",False,0,,2021-01-13 18:12:39,False,,1349419101937131520,,"<a href=""http://twitter.com/download/android"" rel=""nofollow"">Twitter for Android</a>",kaalakarikalan,28,True,False,,
59,59,60,"RT @Dinu_Akshii: Vijay   ÂantidoteÂ  #Corona Says Vijay fan <f0><U+009F><U+0091><U+008C><f0><U+009F><U+0098><U+0082><f0><U+009F><U+0099><U+008F><f0><U+009F><U+00A4><U+00A6>

 last india found  solution   current pandemic <f0><U+009F><U+0092><U+00AA>

#MasÂ",False,0,,2021-01-13 17:53:00,False,,1349414158526152709,,"<a href=""http://twitter.com/download/android"" rel=""nofollow"">Twitter for Android</a>",kalai123_,28,True,False,,
60,60,61,"RT @Dinu_Akshii: Vijay   ÂantidoteÂ  #Corona Says Vijay fan <f0><U+009F><U+0091><U+008C><f0><U+009F><U+0098><U+0082><f0><U+009F><U+0099><U+008F><f0><U+009F><U+00A4><U+00A6>

 last india found  solution   current pandemic <f0><U+009F><U+0092><U+00AA>

#MasÂ",False,0,,2021-01-13 17:32:29,False,,1349408992133574656,,"<a href=""http://twitter.com/download/android"" rel=""nofollow"">Twitter for Android</a>",Stalin56534184,28,True,False,,
61,61,62,"RT @Dinu_Akshii: Vijay   ÂantidoteÂ  #Corona Says Vijay fan <f0><U+009F><U+0091><U+008C><f0><U+009F><U+0098><U+0082><f0><U+009F><U+0099><U+008F><f0><U+009F><U+00A4><U+00A6>

 last india found  solution   current pandemic <f0><U+009F><U+0092><U+00AA>

#MasÂ",False,0,,2021-01-13 17:28:06,False,,1349407889744658435,,"<a href=""http://twitter.com/download/android"" rel=""nofollow"">Twitter for Android</a>",Itz_RahulTweet,28,True,False,,
62,62,63,"RT @Dinu_Akshii: Vijay   ÂantidoteÂ  #Corona Says Vijay fan <f0><U+009F><U+0091><U+008C><f0><U+009F><U+0098><U+0082><f0><U+009F><U+0099><U+008F><f0><U+009F><U+00A4><U+00A6>

 last india found  solution   current pandemic <f0><U+009F><U+0092><U+00AA>

#MasÂ",False,0,,2021-01-13 17:26:59,False,,1349407609527300098,,"<a href=""http://twitter.com/download/android"" rel=""nofollow"">Twitter for Android</a>",_ThalaKevin_,28,True,False,,
63,63,64,"RT @Dinu_Akshii: Vijay   ÂantidoteÂ  #Corona Says Vijay fan <f0><U+009F><U+0091><U+008C><f0><U+009F><U+0098><U+0082><f0><U+009F><U+0099><U+008F><f0><U+009F><U+00A4><U+00A6>

 last india found  solution   current pandemic <f0><U+009F><U+0092><U+00AA>

#MasÂ",False,0,,2021-01-13 17:26:52,False,,1349407580150403073,,"<a href=""http://twitter.com/download/android"" rel=""nofollow"">Twitter for Android</a>",sanoojp2,28,True,False,,
64,64,65,"RT @Dinu_Akshii: Vijay   ÂantidoteÂ  #Corona Says Vijay fan <f0><U+009F><U+0091><U+008C><f0><U+009F><U+0098><U+0082><f0><U+009F><U+0099><U+008F><f0><U+009F><U+00A4><U+00A6>

 last india found  solution   current pandemic <f0><U+009F><U+0092><U+00AA>

#MasÂ",False,0,,2021-01-13 17:22:23,False,,1349406452700442624,,"<a href=""https://mobile.twitter.com"" rel=""nofollow"">Twitter Web App</a>",kishankisho,28,True,False,,
65,65,66,"RT @Dinu_Akshii: Vijay   ÂantidoteÂ  #Corona Says Vijay fan <f0><U+009F><U+0091><U+008C><f0><U+009F><U+0098><U+0082><f0><U+009F><U+0099><U+008F><f0><U+009F><U+00A4><U+00A6>

 last india found  solution   current pandemic <f0><U+009F><U+0092><U+00AA>

#MasÂ",False,0,,2021-01-13 17:21:28,False,,1349406221288181762,,"<a href=""http://twitter.com/download/android"" rel=""nofollow"">Twitter for Android</a>",snAjay_thala97,28,True,False,,
66,66,67,"RT @Dinu_Akshii: Vijay   ÂantidoteÂ  #Corona Says Vijay fan <f0><U+009F><U+0091><U+008C><f0><U+009F><U+0098><U+0082><f0><U+009F><U+0099><U+008F><f0><U+009F><U+00A4><U+00A6>

 last india found  solution   current pandemic <f0><U+009F><U+0092><U+00AA>

#MasÂ",False,0,,2021-01-13 17:16:59,False,,1349405091317522432,,"<a href=""http://twitter.com/download/android"" rel=""nofollow"">Twitter for Android</a>",idiotic_warrior,28,True,False,,
67,67,68,"RT @Dinu_Akshii: Vijay   ÂantidoteÂ  #Corona Says Vijay fan <f0><U+009F><U+0091><U+008C><f0><U+009F><U+0098><U+0082><f0><U+009F><U+0099><U+008F><f0><U+009F><U+00A4><U+00A6>

 last india found  solution   current pandemic <f0><U+009F><U+0092><U+00AA>

#MasÂ",False,0,,2021-01-13 17:16:56,False,,1349405079409868800,,"<a href=""http://twitter.com/download/iphone"" rel=""nofollow"">Twitter for iPhone</a>",AjithLoyalist,28,True,False,,
68,68,69,"Vijay   ÂantidoteÂ  #Corona Says Vijay fan <f0><U+009F><U+0091><U+008C><f0><U+009F><U+0098><U+0082><f0><U+009F><U+0099><U+008F><f0><U+009F><U+00A4><U+00A6>

 last india found  solution   current pandemicÂ https://.co/UMHCjeOJdm",False,58,,2021-01-13 17:16:25,True,,1349404951194132480,,"<a href=""http://twitter.com/download/iphone"" rel=""nofollow"">Twitter for iPhone</a>",Dinu_Akshii,28,False,False,,
69,69,70,"#COVID19 #Update

<U+25AA><U+FE0F> #Three(03) new #deaths reported  #Battaramulla, #Colombo 10  Colombo 15. Deceased  Â https://.co/7pXi0UrLcn",False,2,,2021-01-13 15:48:51,True,,1349382912047603712,,"<a href=""http://twitter.com/download/iphone"" rel=""nofollow"">Twitter for iPhone</a>",Naveeth14,0,False,False,,
70,70,71,"#Breaking<f0><U+009F><U+009B><U+0091>
#Positive cases crossed 50,000 

#Sri Lanka' total COVID19<f0><U+009F><U+00A6><U+00A0> infections surpass 50,000. Total thus far 5Â https://.co/gPMpONASXO",False,3,,2021-01-13 14:49:42,True,,1349368029684015104,,"<a href=""http://twitter.com/download/iphone"" rel=""nofollow"">Twitter for iPhone</a>",Naveeth14,0,False,False,,
71,71,72,RT @RodrigoSavithri: New York Hospital Frontliner Dr Harshan Weerackody  survived  bad bout  COVID  lived  tell  tale gives uÂ,False,0,,2021-01-13 13:57:47,False,,1349354960681459713,,"<a href=""http://twitter.com/download/iphone"" rel=""nofollow"">Twitter for iPhone</a>",RottiPol,3,True,False,,
72,72,73,RT @RodrigoSavithri: New York Hospital Frontliner Dr Harshan Weerackody  survived  bad bout  COVID  lived  tell  tale gives uÂ,False,0,,2021-01-13 12:00:38,False,,1349325480634195972,,"<a href=""http://twitter.com/download/android"" rel=""nofollow"">Twitter for Android</a>",N_tweets_,3,True,False,,
73,73,74,RT @RodrigoSavithri: New York Hospital Frontliner Dr Harshan Weerackody  survived  bad bout  COVID  lived  tell  tale gives uÂ,False,0,,2021-01-13 11:38:06,False,,1349319810157481986,,"<a href=""http://twitter.com/download/android"" rel=""nofollow"">Twitter for Android</a>",MarianneDavid24,3,True,False,,
74,74,75,New York Hospital Frontliner Dr Harshan Weerackody  survived  bad bout  COVID  lived  tell  tale giveÂ https://.co/GppJIlt1R8,False,7,,2021-01-13 11:36:40,True,,1349319450516852740,,"<a href=""http://twitter.com/download/iphone"" rel=""nofollow"">Twitter for iPhone</a>",RodrigoSavithri,3,False,False,,
75,75,76,"RT @Ram_Srinivas_: Whether  Education Department   Dealing  SASTRA University! <f0><U+009F><U+0091><U+0080>
#Corona #DepartmentofHigherEducation @EduMinOÂ",False,0,,2021-01-13 11:11:29,False,,1349313109656100866,,"<a href=""https://mobile.twitter.com"" rel=""nofollow"">Twitter Web App</a>",MKrishna2604,15,True,False,,
76,76,77,Please stay safe!! #srilanka #pandemic #corona #staysafe https://.co/vFyOqYVln2,False,2,,2021-01-13 08:02:18,False,,1349265502669926401,,"<a href=""http://twitter.com/download/iphone"" rel=""nofollow"">Twitter for iPhone</a>",AqeelaMinah,0,False,False,,
77,77,78,"#New #variant  #Covid detected  #SL<f0><U+009F><U+0087><U+00B1><f0><U+009F><U+0087><U+00B0>

The Chief #Epidemiologist confirms   #arrival   #UnitedÂ https://.co/hhrOGI1Tf7",False,3,,2021-01-13 06:33:43,True,,1349243210095214598,,"<a href=""http://twitter.com/download/iphone"" rel=""nofollow"">Twitter for iPhone</a>",Naveeth14,0,False,False,,
