,,,text,favorited,favoriteCount,replyToSN,created,truncated,replyToSID,id,replyToUID,statusSource,screenName,retweetCount,isRetweet,retweeted,longitude,latitude
0,0,1,"RT @infodprtsl: Three covid-19 infection deaths  reported  Sri Lanka
#Srilankan #Srilanka #lka #Lanka #Ceylon #DGI #Government #InforÂ",False,0,,2021-02-23 17:31:02,False,,1364266529970212865,,,UCRGalle,2,True,False,,
1,1,2,"Three covid-19 infection deaths  reported  Sri Lanka
#Srilankan #Srilanka #lka #Lanka #Ceylon #DGIÂ https://.co/P5alqKaXx0",False,3,,2021-02-23 16:46:23,True,,1364255295149461504,,"<a href=""https://mobile.twitter.com"" rel=""nofollow"">Twitter Web App</a>",infodprtsl,2,False,False,,
2,2,3,"RT @infodprtsl: ---------------------2021-02-23-------------------
270 Covid-19 patients  reported
#Srilankan #Srilanka #lka #Lanka #CeÂ",False,0,,2021-02-23 16:31:01,False,,1364251428475215872,,,UCRGalle,2,True,False,,
3,3,4,"---------------------2021-02-23-------------------
270 Covid-19 patients  reported
#Srilankan #Srilanka #lkaÂ https://.co/CDsnSZ8d0a",False,2,,2021-02-23 16:26:37,True,,1364250321258643457,,"<a href=""https://mobile.twitter.com"" rel=""nofollow"">Twitter Web App</a>",infodprtsl,2,False,False,,
4,4,5,"RT @infodprtsl: 222 Covid-19 patients  reported
#Srilankan #Srilanka #lka #Lanka #Ceylon #DGI #Government #Information #Department #NewÂ",False,0,,2021-02-23 14:31:34,False,,1364221365268582403,,,UCRGalle,2,True,False,,
5,5,6,"222 Covid-19 patients  reported
#Srilankan #Srilanka #lka #Lanka #Ceylon #DGI #Government #InformationÂ https://.co/AZcfYzF1Pc",False,2,,2021-02-23 13:42:14,True,,1364208953484185603,,"<a href=""https://mobile.twitter.com"" rel=""nofollow"">Twitter Web App</a>",infodprtsl,2,False,False,,
6,6,7,"RT @CeylonToday: APHNH commends Govt  including private sector healthcare workers  #vaccination  drive 

https://.co/TwJ21cgGS2 

#lkÂ",False,0,,2021-02-23 10:18:05,False,,1364157576418484224,,"<a href=""https://mobile.twitter.com"" rel=""nofollow"">Twitter Web App</a>",Lasaa_V,1,True,False,,
7,7,8,APHNH commends Govt  including private sector healthcare workers  #vaccination  driveÂ https://.co/rejVCtDzst,False,3,,2021-02-23 10:13:27,True,,1364156411496734725,,"<a href=""https://mobile.twitter.com"" rel=""nofollow"">Twitter Web App</a>",CeylonToday,1,False,False,,
8,8,9,"Received  2nd dose  planned  4wks, ' afford  wait  12wks   greater value  immuneboost Â https://.co/TKNSSzlnE3",False,1,,2021-02-23 08:55:19,True,,1364136748272377856,,"<a href=""http://twitter.com/download/android"" rel=""nofollow"">Twitter for Android</a>",DineshMakuny,0,False,False,,
9,9,10,"RT @CeylonToday: Cabinet approves purchase  10mn #COVISHIELD doses- @MoH_SriLanka 

https://.co/4Jxaf0kj72 

#lka #SriLanka #COVID19SL #Â",False,0,,2021-02-23 06:36:00,False,,1364101685992452100,,"<a href=""https://mobile.twitter.com/GoSoLarge"" rel=""nofollow"">GoSolar</a>",GoSolar01,1,True,False,,
10,10,11,"Cabinet approves purchase  10mn #COVISHIELD doses- @MoH_SriLanka 

https://.co/4Jxaf0kj72 

#lka #SriLankaÂ https://.co/YUe6zPlWmw",False,0,,2021-02-23 06:35:44,True,,1364101620078841856,,"<a href=""https://mobile.twitter.com"" rel=""nofollow"">Twitter Web App</a>",CeylonToday,1,False,False,,
11,11,12,"Gd Morning<U+2666><U+FE0F><U+2666><U+FE0F><U+2666><U+FE0F>  
#SM 
#Sihina_Malaka 
#COVID19SL 
#Corona",False,0,,2021-02-23 06:29:26,False,,1364100034032066564,,"<a href=""http://twitter.com/download/android"" rel=""nofollow"">Twitter for Android</a>",SihinaBrian,0,False,False,,
12,12,13,"No need   anxious  new variant: @SLMAonline  

https://.co/c5Pgq0KBdN 

#lka #SriLanka #COVID19  #COVID19Â https://.co/FeTgzlWH4f",False,1,,2021-02-23 04:40:39,True,,1364072658208317440,,"<a href=""https://mobile.twitter.com"" rel=""nofollow"">Twitter Web App</a>",CeylonToday,0,False,False,,
13,13,14,"RT @CeylonToday: @SilvaShavendra confirms  vaccination drive  foreign diplomats  Sri Lanka   launched 

Pictured: @MAshrafHÂ",False,0,,2021-02-22 09:21:28,False,,1363780938501558272,,"<a href=""http://twitter.com/download/android"" rel=""nofollow"">Twitter for Android</a>",MAshrafHaidari,1,True,False,,
14,14,15,"@SilvaShavendra confirms  vaccination drive  foreign diplomats  Sri Lanka   launched 

Pictured:Â https://.co/9RX7jV36L5",False,2,SilvaShavendra,2021-02-22 07:52:50,True,,1363758634614722560,1.2449627481879798e+18,"<a href=""https://mobile.twitter.com"" rel=""nofollow"">Twitter Web App</a>",CeylonToday,1,False,False,,
15,15,16,"@OfficialSLC confirms player Lahiru Kumara tested positive  #COVID19

https://.co/oa0eHLsxvs 

#lka #SriLankaÂ https://.co/WWzzbDyqfR",False,0,OfficialSLC,2021-02-22 07:03:22,True,,1363746185786257409,177838266.0,"<a href=""https://mobile.twitter.com"" rel=""nofollow"">Twitter Web App</a>",CeylonToday,0,False,False,,
16,16,17,"Another sri lankan <f0><U+009F><U+0087><U+00B1><f0><U+009F><U+0087><U+00B0>Cricket <f0><U+009F><U+008F><U+008F> player tested positive <f0><U+009F><U+00A6><U+00A0> 

#lahiru_kumara Sri Lankan fast #bowler   #testedÂ https://.co/e8bdP2cIym",False,2,,2021-02-22 06:40:46,True,,1363740496649064449,,"<a href=""http://twitter.com/download/iphone"" rel=""nofollow"">Twitter for iPhone</a>",Naveeth14,0,False,False,,
17,17,18,#corona #socialdistance #covid When Corona  low   lockdown   social distandancing Today  Â https://.co/ro9s7h4Fk8,False,1,,2021-02-22 03:09:18,True,,1363687281576402944,,"<a href=""http://twitter.com/download/android"" rel=""nofollow"">Twitter for Android</a>",RSarbudheen,0,False,False,,
18,18,19,"The day   floor test  #Puducherry Assembly... | India News  https://.co/EDI5tzWiGY 
The crises Â https://.co/PZf0zyEWdH",False,1,,2021-02-21 15:53:12,True,,1363517136384057344,,"<a href=""https://mobile.twitter.com"" rel=""nofollow"">Twitter Web App</a>",Sjayaraj1999,0,False,False,,
19,19,20,Next  #liberals .Create  issue stating side effects  #Corona vaccine although none exists.,False,0,,2021-02-21 13:34:21,False,,1363482193918652425,,"<a href=""http://twitter.com/download/android"" rel=""nofollow"">Twitter for Android</a>",galagangster,0,False,False,,
20,20,21,"COVID sickness dropped 95.8%   Pfizer shots: Israeli Health Ministry

#COVID19 #coronavirus #CoronaÂ https://.co/A0DjELtoG0",False,2,,2021-02-21 12:20:04,True,,1363463497481388034,,"<a href=""http://twitter.com/download/android"" rel=""nofollow"">Twitter for Android</a>",MarketNewsLK,1,False,False,,
21,21,22,"New international travel rules  tomorrow

The new Standard Operating Procedures (SOPs)  come  effect frÂ https://.co/EBQPh9WeVr",False,0,,2021-02-21 12:17:56,True,,1363462962149793793,,"<a href=""https://mobile.twitter.com"" rel=""nofollow"">Twitter Web App</a>",soundarc2001,0,False,False,,
22,22,23,"RT @newsradiolk: The number  COVID-19 recoveries recorded  Sri Lanka  exceeded 74,000. 843 COVID-19 recoveries discharged  hospiÂ",False,0,,2021-02-21 09:55:02,False,,1363426997800562691,,"<a href=""http://twitter.com/download/android"" rel=""nofollow"">Twitter for Android</a>",KohuSrikugan,1,True,False,,
23,23,24,"The number  COVID-19 recoveries recorded  Sri Lanka  exceeded 74,000. 843 COVID-19 recoveries discharged froÂ https://.co/SbOyRzktLV",False,1,,2021-02-21 09:53:46,True,,1363426679876591623,,"<a href=""https://mobile.twitter.com"" rel=""nofollow"">Twitter Web App</a>",newsradiolk,1,False,False,,
24,24,25,"Sri Lanka vaccinates  70,000   last 2 days

Good pace. But  would  better   program  prioritiseÂ https://.co/RReIfRT613",False,15,,2021-02-21 09:04:57,True,,1363414397075423233,,"<a href=""http://twitter.com/download/android"" rel=""nofollow"">Twitter for Android</a>",MarketNewsLK,0,False,False,,
25,25,26,"@chindusboutique
Happy  share  safety product  elegant look   affordable price<U+2728>
#unisex
#masks
#coronaÂ https://.co/IqujMQUvdx",False,1,chindusboutique,2021-02-21 02:33:25,True,,1363315864074817536,1.32349352818645e+18,"<a href=""http://twitter.com/download/android"" rel=""nofollow"">Twitter for Android</a>",chindusboutique,0,False,False,,
26,26,27,@thekiranbedi V love u  v still love u @thekiranbedi maam. Only big thing I hate  Ur arrogance/dominancy/stricÂ https://.co/09wSBoZbqQ,False,1,thekiranbedi,2021-02-21 01:27:39,True,1.3631178034238833e+18,1363299313082802177,68977380.0,"<a href=""http://twitter.com/download/android"" rel=""nofollow"">Twitter for Android</a>",viraj_stayhappy,0,False,False,,
27,27,28,"Over 3,000 Prison Officials vaccinated 

https://.co/Flkgjxxg0i 

#lka #SriLanka #COVID19 #COVID19VaccineÂ https://.co/NJsdzwfoht",False,2,,2021-02-19 14:03:49,True,,1362764831095361541,,"<a href=""https://mobile.twitter.com"" rel=""nofollow"">Twitter Web App</a>",CeylonToday,0,False,False,,
28,28,29,"RT @CeylonToday: SL lifts travel restrictions  UK tourists

https://.co/rueN1W0rY8 

#lka #SriLanka #travel #travelrestrictions #travelbÂ",False,0,,2021-02-18 04:21:22,False,,1362255866691424257,,"<a href=""https://mobile.twitter.com"" rel=""nofollow"">Twitter Web App</a>",carlsl,1,True,False,,
29,29,30,"RT @CeylonToday: Health Authorities request citizens  Colombo  restrict movements 

https://.co/hm5Tw24jRQ 

#lka #SriLanka #colombo #Â",False,0,,2021-02-18 04:21:04,False,,1362255789495263235,,"<a href=""https://mobile.twitter.com"" rel=""nofollow"">Twitter Web App</a>",carlsl,2,True,False,,
30,30,31,"RT @CeylonToday: Health Authorities request citizens  Colombo  restrict movements 

https://.co/hm5Tw24jRQ 

#lka #SriLanka #colombo #Â",False,0,,2021-02-18 02:32:11,False,,1362228390674145280,,"<a href=""https://mobile.twitter.com"" rel=""nofollow"">Twitter Web App</a>",Lasaa_V,2,True,False,,
31,31,32,"SL lifts travel restrictions  UK tourists

https://.co/rueN1W0rY8 

#lka #SriLanka #travel #travelrestrictionsÂ https://.co/7G2gdZjBBX",False,1,,2021-02-17 13:52:10,True,,1362037122539028482,,"<a href=""https://mobile.twitter.com"" rel=""nofollow"">Twitter Web App</a>",CeylonToday,1,False,False,,
32,32,33,"Health Authorities request citizens  Colombo  restrict movements 

https://.co/hm5Tw24jRQ 

#lka #SriLankaÂ https://.co/CxfrmPgHxf",False,1,,2021-02-17 13:09:52,True,,1362026477747724290,,"<a href=""https://mobile.twitter.com"" rel=""nofollow"">Twitter Web App</a>",CeylonToday,2,False,False,,
33,33,34,"RT @CeylonToday: Downward COVID-19 trend shows Âsimple public health measures workÂ Â UN health chief @DrTedros 

@UN @UNSriLanka @WHOSriLaÂ",False,0,,2021-02-17 09:39:12,False,,1361973463364247557,,"<a href=""https://mobile.twitter.com"" rel=""nofollow"">Twitter Web App</a>",newsdotlk,1,True,False,,
34,34,35,"Downward COVID-19 trend shows Âsimple public health measures workÂ Â UN health chief @DrTedros 

@UN @UNSriLankaÂ https://.co/a288owHadt",False,1,,2021-02-17 09:27:45,True,,1361970579830628353,,"<a href=""https://mobile.twitter.com"" rel=""nofollow"">Twitter Web App</a>",CeylonToday,1,False,False,,
35,35,36,"RT @CeylonToday: Speaker receives #COVID19 jab 

@ParliamentLK 

https://.co/O5wv2izaNP 

#lka #SriLanka #COVID19SL #COVID19LK #COVID19 #cÂ",False,0,,2021-02-17 07:53:06,False,,1361946761388986372,,"<a href=""https://mobile.twitter.com"" rel=""nofollow"">Twitter Web App</a>",Lasaa_V,2,True,False,,
36,36,37,"RT @CeylonToday: Speaker receives #COVID19 jab 

@ParliamentLK 

https://.co/O5wv2izaNP 

#lka #SriLanka #COVID19SL #COVID19LK #COVID19 #cÂ",False,0,,2021-02-17 07:47:04,False,,1361945242581147649,,"<a href=""https://mobile.twitter.com"" rel=""nofollow"">Twitter Web App</a>",dinuk_perera,2,True,False,,
37,37,38,"Speaker receives #COVID19 jab 

@ParliamentLK 

https://.co/O5wv2izaNP 

#lka #SriLanka #COVID19SL #COVID19LKÂ https://.co/6trlKY60dS",False,4,,2021-02-17 07:42:52,True,,1361944188602908673,,"<a href=""https://mobile.twitter.com"" rel=""nofollow"">Twitter Web App</a>",CeylonToday,2,False,False,,
38,38,39,"RT @CeylonToday: Burial  PM' opinion: @UPGammanpila 

https://.co/lUrczUwR6f

#lka #SriLanka #burials #StopForcedCremations #PrimeMiniÂ",False,0,,2021-02-17 06:51:59,False,,1361931382805602306,,"<a href=""https://mobile.twitter.com"" rel=""nofollow"">Twitter Web App</a>",Lasaa_V,1,True,False,,
39,39,40,"Covid-19: 196,163 inoculated 

https://.co/kpoBvqndJP 

#lka #SriLanka #COVID19SL #COVID19LK #COVID19 #coronavirusÂ https://.co/OGl5WfqtIq",False,4,,2021-02-17 06:21:00,True,,1361923584222879746,,"<a href=""https://mobile.twitter.com"" rel=""nofollow"">Twitter Web App</a>",CeylonToday,1,False,False,,
40,40,41,RT @damien200984: Dont get Dont give  ..#Corona #COVID https://.co/FVLl0ZigLG,False,0,,2021-02-17 03:38:59,False,,1361882811238555650,,"<a href=""http://twitter.com/download/android"" rel=""nofollow"">Twitter for Android</a>",velligasm,1,True,False,,
41,41,42,Dont get Dont give  ..#Corona #COVID https://.co/00nx8nsZZg https://.co/FVLl0ZigLG,False,4,,2021-02-17 02:46:51,False,,1361869689815621632,,"<a href=""http://twitter.com/download/android"" rel=""nofollow"">Twitter for Android</a>",damien200984,1,False,False,,
42,42,43,"Another new coronavirus variant found   UK

#COVID19 #coronavirus #Corona #CoronaInfoCH #coronavirus3",False,1,,2021-02-16 13:10:49,False,,1361664328584232962,,"<a href=""https://mobile.twitter.com"" rel=""nofollow"">Twitter Web App</a>",AnbilChinna,0,False,False,,
43,43,44,"Burial  PM' opinion: @UPGammanpila 

https://.co/lUrczUwR6f

#lka #SriLanka #burials #StopForcedCremationsÂ https://.co/b5r94bqGEp",False,1,,2021-02-16 05:52:25,True,,1361554005231423489,,"<a href=""http://twitter.com/download/iphone"" rel=""nofollow"">Twitter for iPhone</a>",CeylonToday,1,False,False,,
44,44,45,"#JUSTIN 
<U+2B55>Sri Lanka cannot  placed  lockdown due  economic consequences : Co-Cabinet Spokesperson MinisterÂ https://.co/TAbROhMT8e",False,1,,2021-02-16 04:55:47,True,,1361539752437026818,,"<a href=""http://twitter.com/download/android"" rel=""nofollow"">Twitter for Android</a>",yuganOffcial,0,False,False,,
45,45,46,Sri Lanka cannot  placed  lockdown due  economic consequences Â Co-Cabinet Spokesperson Minister Udaya GamÂ https://.co/8hBKOcIc07,False,3,,2021-02-16 04:42:31,True,,1361536411128582148,,"<a href=""https://mobile.twitter.com"" rel=""nofollow"">Twitter Web App</a>",newsradiolk,0,False,False,,
