,,,text,favorited,favoriteCount,replyToSN,created,truncated,replyToSID,id,replyToUID,statusSource,screenName,retweetCount,isRetweet,retweeted,longitude,latitude
0,0,1,"RT @infodprtsl: <U+2666><U+FE0F>---------<U+2666><U+FE0F><U+2666><U+FE0F><U+2666><U+FE0F><U+2666><U+FE0F>2021-01-28<U+2666><U+FE0F><U+2666><U+FE0F><U+2666><U+FE0F><U+2666><U+FE0F>----------<U+2666><U+FE0F>
<f0><U+009F><U+0091><U+0089><f0><U+009F><U+0091><U+0089>501 Covid-19 patients  reported<f0><U+009F><U+0091><U+0088><f0><U+009F><U+0091><U+0088>
#Srilankan #Srilanka #lka #LankaÂ",False,0,,2021-01-28 18:32:06,False,,1354859814598434821,,,UCRGalle,2,True,False,,
1,1,2,"RT @infodprtsl: <U+2666><U+FE0F>---------<U+2666><U+FE0F><U+2666><U+FE0F><U+2666><U+FE0F><U+2666><U+FE0F>2021-01-28<U+2666><U+FE0F><U+2666><U+FE0F><U+2666><U+FE0F><U+2666><U+FE0F>----------<U+2666><U+FE0F>
<f0><U+009F><U+0091><U+0089><f0><U+009F><U+0091><U+0089>501 Covid-19 patients  reported<f0><U+009F><U+0091><U+0088><f0><U+009F><U+0091><U+0088>
#Srilankan #Srilanka #lka #LankaÂ",False,0,,2021-01-28 18:31:34,False,,1354859681496367106,,,UCRGalle,2,True,False,,
2,2,3,"RT @infodprtsl: <U+2666><U+FE0F>---------<U+2666><U+FE0F><U+2666><U+FE0F><U+2666><U+FE0F><U+2666><U+FE0F>2021-01-28<U+2666><U+FE0F><U+2666><U+FE0F><U+2666><U+FE0F><U+2666><U+FE0F>----------<U+2666><U+FE0F>
<f0><U+009F><U+0091><U+0089><f0><U+009F><U+0091><U+0089>501 Covid-19 patients  reported<f0><U+009F><U+0091><U+0088><f0><U+009F><U+0091><U+0088>
#Srilankan #Srilanka #lka #LankaÂ",False,0,,2021-01-28 17:42:39,False,,1354847369897123840,,,SLNewsRTBot,2,True,False,,
3,3,4,"<U+2666><U+FE0F>---------<U+2666><U+FE0F><U+2666><U+FE0F><U+2666><U+FE0F><U+2666><U+FE0F>2021-01-28<U+2666><U+FE0F><U+2666><U+FE0F><U+2666><U+FE0F><U+2666><U+FE0F>----------<U+2666><U+FE0F>
<f0><U+009F><U+0091><U+0089><f0><U+009F><U+0091><U+0089>501 Covid-19 patients  reported<f0><U+009F><U+0091><U+0088><f0><U+009F><U+0091><U+0088>
#Srilankan #Srilanka #lkaÂ https://.co/SxMNtkr5z5",False,3,,2021-01-28 17:33:45,True,,1354845129572573190,,"<a href=""https://mobile.twitter.com"" rel=""nofollow"">Twitter Web App</a>",infodprtsl,2,False,False,,
4,4,5,"RT @infodprtsl: <U+2666><U+FE0F>---------<U+2666><U+FE0F><U+2666><U+FE0F><U+2666><U+FE0F><U+2666><U+FE0F>2021-01-28<U+2666><U+FE0F><U+2666><U+FE0F><U+2666><U+FE0F><U+2666><U+FE0F>----------<U+2666><U+FE0F>
<f0><U+009F><U+0091><U+0089><f0><U+009F><U+0091><U+0089>501 Covid-19 patients  reported<f0><U+009F><U+0091><U+0088><f0><U+009F><U+0091><U+0088>
#Srilankan #Srilanka #lka #LankaÂ",False,0,,2021-01-28 17:33:44,False,,1354845126561067011,,,SLNewsRTBot,2,True,False,,
5,5,6,"<U+2666><U+FE0F>---------<U+2666><U+FE0F><U+2666><U+FE0F><U+2666><U+FE0F><U+2666><U+FE0F>2021-01-28<U+2666><U+FE0F><U+2666><U+FE0F><U+2666><U+FE0F><U+2666><U+FE0F>----------<U+2666><U+FE0F>
<f0><U+009F><U+0091><U+0089><f0><U+009F><U+0091><U+0089>501 Covid-19 patients  reported<f0><U+009F><U+0091><U+0088><f0><U+009F><U+0091><U+0088>
#Srilankan #Srilanka #lkaÂ https://.co/3dpfPDOXjL",False,3,,2021-01-28 17:32:52,True,,1354844908138455041,,"<a href=""https://mobile.twitter.com"" rel=""nofollow"">Twitter Web App</a>",infodprtsl,2,False,False,,
6,6,7,"RT @newsdotlk: <U+2666><U+FE0F>---------<U+2666><U+FE0F><U+2666><U+FE0F><U+2666><U+FE0F><U+2666><U+FE0F>2021-01-28<U+2666><U+FE0F><U+2666><U+FE0F><U+2666><U+FE0F><U+2666><U+FE0F>----------<U+2666><U+FE0F>
<f0><U+009F><U+0091><U+0089><f0><U+009F><U+0091><U+0089>351 Covid-19 patients  reported<f0><U+009F><U+0091><U+0088><f0><U+009F><U+0091><U+0088>
#Srilankan #Srilanka #lka #CoronavÂ",False,0,,2021-01-28 16:31:52,False,,1354829558818566147,,"<a href=""https://akonita.com"" rel=""nofollow"">srilanka247</a>",SriLankanBuzz,1,True,False,,
7,7,8,"<U+2666><U+FE0F>---------<U+2666><U+FE0F><U+2666><U+FE0F><U+2666><U+FE0F><U+2666><U+FE0F>2021-01-28<U+2666><U+FE0F><U+2666><U+FE0F><U+2666><U+FE0F><U+2666><U+FE0F>----------<U+2666><U+FE0F>
<f0><U+009F><U+0091><U+0089><f0><U+009F><U+0091><U+0089>351 Covid-19 patients  reported<f0><U+009F><U+0091><U+0088><f0><U+009F><U+0091><U+0088>
#Srilankan #Srilanka #lkaÂ https://.co/HCgbHy0pvC",False,0,,2021-01-28 15:34:35,True,,1354815140193943559,,"<a href=""http://twitter.com/download/android"" rel=""nofollow"">Twitter for Android</a>",newsdotlk,1,False,False,,
8,8,9,"International flights  remain suspended till Feb 28

India  Thursday extended  suspension  scheduled commeÂ https://.co/91No0LcxY0",False,0,,2021-01-28 15:33:36,True,,1354814892855836672,,"<a href=""https://mobile.twitter.com"" rel=""nofollow"">Twitter Web App</a>",soundarc2001,0,False,False,,
9,9,10,"RT @infodprtsl: <U+2666><U+FE0F>---------<U+2666><U+FE0F><U+2666><U+FE0F><U+2666><U+FE0F><U+2666><U+FE0F>2021-01-28<U+2666><U+FE0F><U+2666><U+FE0F><U+2666><U+FE0F><U+2666><U+FE0F>----------<U+2666><U+FE0F>
<f0><U+009F><U+0091><U+0089><f0><U+009F><U+0091><U+0089>351 Covid-19 patients  reported<f0><U+009F><U+0091><U+0088><f0><U+009F><U+0091><U+0088>
#Srilankan #Srilanka #lka #LankaÂ",False,0,,2021-01-28 13:34:40,False,,1354784961274982407,,,SLNewsRTBot,2,True,False,,
10,10,11,"RT @infodprtsl: <U+2666><U+FE0F>---------<U+2666><U+FE0F><U+2666><U+FE0F><U+2666><U+FE0F><U+2666><U+FE0F>2021-01-28<U+2666><U+FE0F><U+2666><U+FE0F><U+2666><U+FE0F><U+2666><U+FE0F>----------<U+2666><U+FE0F>
<f0><U+009F><U+0091><U+0089><f0><U+009F><U+0091><U+0089>351 Covid-19 patients  reported<f0><U+009F><U+0091><U+0088><f0><U+009F><U+0091><U+0088>
#Srilankan #Srilanka #lka #LankaÂ",False,0,,2021-01-28 13:31:02,False,,1354784049911508992,,,UCRGalle,2,True,False,,
11,11,12,"<U+2666><U+FE0F>---------<U+2666><U+FE0F><U+2666><U+FE0F><U+2666><U+FE0F><U+2666><U+FE0F>2021-01-28<U+2666><U+FE0F><U+2666><U+FE0F><U+2666><U+FE0F><U+2666><U+FE0F>----------<U+2666><U+FE0F>
<f0><U+009F><U+0091><U+0089><f0><U+009F><U+0091><U+0089>351 Covid-19 patients  reported<f0><U+009F><U+0091><U+0088><f0><U+009F><U+0091><U+0088>
#Srilankan #Srilanka #lkaÂ https://.co/KMv20OtfuM",False,3,,2021-01-28 13:29:40,True,,1354783705844359169,,"<a href=""https://mobile.twitter.com"" rel=""nofollow"">Twitter Web App</a>",infodprtsl,2,False,False,,
12,12,13,"RT @infodprtsl: <f0><U+009F><U+0091><U+0089><f0><U+009F><U+0091><U+0089>Another 379 Covid-19 patients  reported<f0><U+009F><U+0091><U+0088><f0><U+009F><U+0091><U+0088>
#Srilankan #Srilanka #lka #Lanka #Ceylon #DGI #Government #Information #DepÂ",False,0,,2021-01-28 12:09:10,False,,1354763445921599491,,,SLNewsRTBot,3,True,False,,
13,13,14,"RT @infodprtsl: <f0><U+009F><U+0091><U+0089><f0><U+009F><U+0091><U+0089>One covid-19 infection death  reported  Sri Lanka<f0><U+009F><U+0091><U+0088><f0><U+009F><U+0091><U+0088>
#Srilankan #Srilanka #lka #Lanka #Ceylon #DGI #Government #InforÂ",False,0,,2021-01-28 12:09:04,False,,1354763421045166080,,,SLNewsRTBot,3,True,False,,
14,14,15,"RT @infodprtsl: <U+2666><U+FE0F><U+2666><U+FE0F><U+2666><U+FE0F><U+2666><U+FE0F>2021-01-27<U+2666><U+FE0F><U+2666><U+FE0F><U+2666><U+FE0F><U+2666><U+FE0F>
<f0><U+009F><U+0091><U+0089><f0><U+009F><U+0091><U+0089>Two covid-19 infection deaths  reported  Sri Lanka<f0><U+009F><U+0091><U+0088><f0><U+009F><U+0091><U+0088>
#Srilankan #Srilanka #lka #Lanka #CÂ",False,0,,2021-01-28 12:04:41,False,,1354762317263753217,,"<a href=""https://mobile.twitter.com"" rel=""nofollow"">Twitter Web App</a>",rehanumfernando,3,True,False,,
15,15,16,"RT @infodprtsl: <f0><U+009F><U+0091><U+0089><f0><U+009F><U+0091><U+0089>369 Covid-19 patients  reported<f0><U+009F><U+0091><U+0088><f0><U+009F><U+0091><U+0088>
#Srilankan #Srilanka #lka #Lanka #Ceylon #DGI #Government #Information #DepartmentÂ",False,0,,2021-01-28 10:06:18,False,,1354732525898379264,,,SLNewsRTBot,3,True,False,,
16,16,17,"RT @infodprtsl: <f0><U+009F><U+0091><U+0089><f0><U+009F><U+0091><U+0089>369 Covid-19 patients  reported<f0><U+009F><U+0091><U+0088><f0><U+009F><U+0091><U+0088>
#Srilankan #Srilanka #lka #Lanka #Ceylon #DGI #Government #Information #DepartmentÂ",False,0,,2021-01-28 10:06:16,False,,1354732518818328577,,,SLNewsRTBot,3,True,False,,
17,17,18,"RT @infodprtsl: <U+2666><U+FE0F><U+2666><U+FE0F><U+2666><U+FE0F><U+2666><U+FE0F>2021-01-27<U+2666><U+FE0F><U+2666><U+FE0F><U+2666><U+FE0F><U+2666><U+FE0F>----
<f0><U+009F><U+0091><U+0089><f0><U+009F><U+0091><U+0089>Two covid-19 infection deaths  reported  Sri Lanka<f0><U+009F><U+0091><U+0088><f0><U+009F><U+0091><U+0088>
#Srilankan #Srilanka #lka #LankÂ",False,0,,2021-01-27 17:32:06,False,,1354482329155207168,,,UCRGalle,2,True,False,,
18,18,19,"RT @infodprtsl: <U+2666><U+FE0F><U+2666><U+FE0F><U+2666><U+FE0F><U+2666><U+FE0F>2021-01-27<U+2666><U+FE0F><U+2666><U+FE0F><U+2666><U+FE0F><U+2666><U+FE0F>
<f0><U+009F><U+0091><U+0089><f0><U+009F><U+0091><U+0089>Two covid-19 infection deaths  reported  Sri Lanka<f0><U+009F><U+0091><U+0088><f0><U+009F><U+0091><U+0088>
#Srilankan #Srilanka #lka #Lanka #CÂ",False,0,,2021-01-27 17:31:35,False,,1354482195902181377,,,UCRGalle,3,True,False,,
19,19,20,"RT @infodprtsl: <U+2666><U+FE0F>---------<U+2666><U+FE0F><U+2666><U+FE0F><U+2666><U+FE0F><U+2666><U+FE0F>2021-01-27<U+2666><U+FE0F><U+2666><U+FE0F><U+2666><U+FE0F><U+2666><U+FE0F>----------<U+2666><U+FE0F>
<f0><U+009F><U+0091><U+0089><f0><U+009F><U+0091><U+0089>431 Covid-19 patients  reported<f0><U+009F><U+0091><U+0088><f0><U+009F><U+0091><U+0088>
#Srilankan #Srilanka #lka #LankaÂ",False,0,,2021-01-27 17:31:03,False,,1354482062745628672,,,UCRGalle,2,True,False,,
20,20,21,"RT @infodprtsl: <U+2666><U+FE0F>---------<U+2666><U+FE0F><U+2666><U+FE0F><U+2666><U+FE0F><U+2666><U+FE0F>2021-01-27<U+2666><U+FE0F><U+2666><U+FE0F><U+2666><U+FE0F><U+2666><U+FE0F>----------<U+2666><U+FE0F>
<f0><U+009F><U+0091><U+0089><f0><U+009F><U+0091><U+0089>431 Covid-19 patients  reported<f0><U+009F><U+0091><U+0088><f0><U+009F><U+0091><U+0088>
#Srilankan #Srilanka #lka #LankaÂ",False,0,,2021-01-27 17:22:38,False,,1354479943980371968,,,SLNewsRTBot,2,True,False,,
21,21,22,"<U+2666><U+FE0F>---------<U+2666><U+FE0F><U+2666><U+FE0F><U+2666><U+FE0F><U+2666><U+FE0F>2021-01-27<U+2666><U+FE0F><U+2666><U+FE0F><U+2666><U+FE0F><U+2666><U+FE0F>----------<U+2666><U+FE0F>
<f0><U+009F><U+0091><U+0089><f0><U+009F><U+0091><U+0089>431 Covid-19 patients  reported<f0><U+009F><U+0091><U+0088><f0><U+009F><U+0091><U+0088>
#Srilankan #Srilanka #lkaÂ https://.co/IDtLZFmE0k",False,3,,2021-01-27 17:15:24,True,,1354478124831014915,,"<a href=""https://mobile.twitter.com"" rel=""nofollow"">Twitter Web App</a>",infodprtsl,2,False,False,,
22,22,23,"RT @infodprtsl: <U+2666><U+FE0F><U+2666><U+FE0F><U+2666><U+FE0F><U+2666><U+FE0F>2021-01-27<U+2666><U+FE0F><U+2666><U+FE0F><U+2666><U+FE0F><U+2666><U+FE0F>----
<f0><U+009F><U+0091><U+0089><f0><U+009F><U+0091><U+0089>Two covid-19 infection deaths  reported  Sri Lanka<f0><U+009F><U+0091><U+0088><f0><U+009F><U+0091><U+0088>
#Srilankan #Srilanka #lka #LankÂ",False,0,,2021-01-27 17:04:44,False,,1354475439306272774,,,SLNewsRTBot,2,True,False,,
23,23,24,"RT @infodprtsl: <U+2666><U+FE0F><U+2666><U+FE0F><U+2666><U+FE0F><U+2666><U+FE0F>2021-01-27<U+2666><U+FE0F><U+2666><U+FE0F><U+2666><U+FE0F><U+2666><U+FE0F>
<f0><U+009F><U+0091><U+0089><f0><U+009F><U+0091><U+0089>Two covid-19 infection deaths  reported  Sri Lanka<f0><U+009F><U+0091><U+0088><f0><U+009F><U+0091><U+0088>
#Srilankan #Srilanka #lka #Lanka #CÂ",False,0,,2021-01-27 17:04:12,False,,1354475305692504069,,,SLNewsRTBot,3,True,False,,
24,24,25,"<U+2666><U+FE0F><U+2666><U+FE0F><U+2666><U+FE0F><U+2666><U+FE0F>2021-01-27<U+2666><U+FE0F><U+2666><U+FE0F><U+2666><U+FE0F><U+2666><U+FE0F>
<f0><U+009F><U+0091><U+0089><f0><U+009F><U+0091><U+0089>Two covid-19 infection deaths  reported  Sri Lanka<f0><U+009F><U+0091><U+0088><f0><U+009F><U+0091><U+0088>
#Srilankan #Srilanka #lkaÂ https://.co/JQKYpgmyBn",False,3,,2021-01-27 16:59:19,True,,1354474076564312071,,"<a href=""https://mobile.twitter.com"" rel=""nofollow"">Twitter Web App</a>",infodprtsl,3,False,False,,
25,25,26,"<U+2666><U+FE0F><U+2666><U+FE0F><U+2666><U+FE0F><U+2666><U+FE0F>2021-01-27<U+2666><U+FE0F><U+2666><U+FE0F><U+2666><U+FE0F><U+2666><U+FE0F>----
<f0><U+009F><U+0091><U+0089><f0><U+009F><U+0091><U+0089>Two covid-19 infection deaths  reported  Sri Lanka<f0><U+009F><U+0091><U+0088><f0><U+009F><U+0091><U+0088>
#Srilankan #SrilankaÂ https://.co/TdzPveWDKB",False,3,,2021-01-27 16:59:03,True,,1354474008708853760,,"<a href=""https://mobile.twitter.com"" rel=""nofollow"">Twitter Web App</a>",infodprtsl,2,False,False,,
26,26,27,"New Unlock Guidelines By MHA;  All Activities Permitted Outside Containment Zones

#Unlock #centralgovt #COVID19Â https://.co/cbyVk6W00O",False,0,,2021-01-27 14:10:37,True,,1354431621311545345,,"<a href=""https://mobile.twitter.com"" rel=""nofollow"">Twitter Web App</a>",soundarc2001,0,False,False,,
27,27,28,"Next video upload 
My <f0><U+009F><U+0099><U+008B><f0><U+009F><U+008F><U+00BB><U+200D><U+2642><U+FE0F><f0><U+009F><U+0098><U+008A> channel
Kindly watch  support <f0><U+009F><U+0099><U+008F><f0><U+009F><U+008F><U+00BB>
#Covid19 
#CoronaVaccine | #Covid19 | #CoronaÂ https://.co/JeYlqun3sz",False,0,,2021-01-27 12:46:30,True,,1354410453602955264,,"<a href=""http://twitter.com/download/android"" rel=""nofollow"">Twitter for Android</a>",actor_Ragul,1,False,False,,
28,28,29,"No Parliamentarians identified  close contacts  Arundika Fernando

https://.co/jtpxPHS9m4 

#lka #SriLankaÂ https://.co/Wkv8pLkn8J",False,1,,2021-01-27 10:43:59,True,,1354379620309729280,,"<a href=""https://mobile.twitter.com"" rel=""nofollow"">Twitter Web App</a>",CeylonToday,1,False,False,,
29,29,30,"Chinese Covid vaccine  arrive  mid-February - @ChinaEmbSL 

https://.co/IXGelMbVoY 

#lka #SriLanka #COVID19SLÂ https://.co/rwPqo2MXhE",False,1,,2021-01-27 09:41:26,True,,1354363877887266816,,"<a href=""https://mobile.twitter.com"" rel=""nofollow"">Twitter Web App</a>",CeylonToday,1,False,False,,
30,30,31,"COVID-19 patients   released  10 days 

https://.co/IUuqfXKSWR 

#lka #SriLanka #COVID19SL #COVID19LK #Corona #COVID19LK #Quarantine",False,1,,2021-01-27 09:32:39,False,,1354361668113936386,,"<a href=""https://mobile.twitter.com"" rel=""nofollow"">Twitter Web App</a>",CeylonToday,1,False,False,,
31,31,32,"#Coronavirus live | #SriLanka  procure 2  3 million doses  #COVID_19 vaccine  #India .

#lanka #colomboÂ https://.co/ueY2QxxLs4",False,0,,2021-01-27 09:22:12,True,,1354359040931819522,,"<a href=""https://mobile.twitter.com"" rel=""nofollow"">Twitter Web App</a>",BandhiniF,0,False,False,,
32,32,33,"RT @CeylonToday: Covid-19 vaccine  mandatory : Lalith Weeratunga

https://.co/tFGGrIzkCg 

#lka #SriLanka #COVID19LK #COVID19 #CovidVacÂ",False,0,,2021-01-27 06:55:28,False,,1354322112257740807,,"<a href=""https://getreal360.com"" rel=""nofollow"">GetReal360</a>",YouCanFoolMost,2,True,False,,
33,33,34,"Covid-19 vaccine  mandatory : Lalith Weeratunga

https://.co/tFGGrIzkCg 

#lka #SriLanka #COVID19LK #COVID19Â https://.co/YDqaq5gYqH",False,3,,2021-01-27 06:55:26,True,,1354322105656078338,,"<a href=""https://mobile.twitter.com"" rel=""nofollow"">Twitter Web App</a>",CeylonToday,2,False,False,,
34,34,35,"Indian Covid-19 vaccine  arrive tomorrow 

https://.co/uNrbgVH2S6 

#lka #SriLanka #COVIDVaccination #COVID19Â https://.co/h3aQ7Q4wJq",False,2,,2021-01-27 06:50:23,True,,1354320835696324609,,"<a href=""https://mobile.twitter.com"" rel=""nofollow"">Twitter Web App</a>",CeylonToday,1,False,False,,
35,35,36,"State Minister @ArundikaFernan1 tests positive  Covid-19 

https://.co/BEoQUlYT7Q 

#lka #SriLanka #COVID19Â https://.co/KUP3J3XQ0M",False,3,,2021-01-27 06:43:21,True,,1354319063493865472,,"<a href=""https://mobile.twitter.com"" rel=""nofollow"">Twitter Web App</a>",CeylonToday,0,False,False,,
36,36,37,"Police operations  enforce health guidelines  continue: DIG Ajith Rohana

https://.co/MCWfrWJQic 

#lkaÂ https://.co/PMYOGGXsn3",False,0,,2021-01-27 06:33:58,True,,1354316702771765248,,"<a href=""https://mobile.twitter.com"" rel=""nofollow"">Twitter Web App</a>",CeylonToday,0,False,False,,
37,37,38,@sumanthraman What u blabbered last year May-June  paid media  referring @BBCWorld assumption  #MotherIndiaÂ https://.co/3QC9q1WR72,False,1,sumanthraman,2021-01-27 03:58:26,True,1.3541097382087475e+18,1354277560025194497,54436268.0,"<a href=""http://twitter.com/download/android"" rel=""nofollow"">Twitter for Android</a>",irdab2,1,False,False,,
38,38,39,@BBCBreaking What u  predicting last year May?.. India  become  hub  #Corona  crores  people Â https://.co/xmcZbudF7V,False,0,BBCBreaking,2021-01-27 03:54:39,True,1.3541070973031465e+18,1354276609197449222,5402612.0,"<a href=""http://twitter.com/download/android"" rel=""nofollow"">Twitter for Android</a>",irdab2,0,False,False,,
39,39,40,"RT @CeylonToday: Three drivers test positive  Covid-19 

https://.co/yI3qTrIP5E 

#lka #SriLanka #COVID19SL #COVID19LK #Corona #coronavÂ",False,0,,2021-01-26 18:32:02,False,,1354135022756896768,,"<a href=""https://mobile.twitter.com"" rel=""nofollow"">Twitter Web App</a>",rehanumfernando,2,True,False,,
40,40,41,"RT @infodprtsl: <f0><U+009F><U+0091><U+0089><f0><U+009F><U+0091><U+0089>One covid-19 infection death  reported  Sri Lanka<f0><U+009F><U+0091><U+0088><f0><U+009F><U+0091><U+0088>
#Srilankan #Srilanka #lka #Lanka #Ceylon #DGI #Government #InforÂ",False,0,,2021-01-26 17:31:03,False,,1354119674267623424,,,UCRGalle,3,True,False,,
41,41,42,"RT @infodprtsl: <f0><U+009F><U+0091><U+0089><f0><U+009F><U+0091><U+0089>One covid-19 infection death  reported  Sri Lanka<f0><U+009F><U+0091><U+0088><f0><U+009F><U+0091><U+0088>
#Srilankan #Srilanka #lka #Lanka #Ceylon #DGI #Government #InforÂ",False,0,,2021-01-26 17:07:23,False,,1354113717407985667,,,SLNewsRTBot,3,True,False,,
42,42,43,"<f0><U+009F><U+0091><U+0089><f0><U+009F><U+0091><U+0089>One covid-19 infection death  reported  Sri Lanka<f0><U+009F><U+0091><U+0088><f0><U+009F><U+0091><U+0088>
#Srilankan #Srilanka #lka #Lanka #Ceylon #DGIÂ https://.co/QBc1UdeIvo",False,2,,2021-01-26 16:52:47,True,,1354110043659132935,,"<a href=""https://mobile.twitter.com"" rel=""nofollow"">Twitter Web App</a>",infodprtsl,3,False,False,,
43,43,44,"RT @infodprtsl: <f0><U+009F><U+0091><U+0089><f0><U+009F><U+0091><U+0089>Another 379 Covid-19 patients  reported<f0><U+009F><U+0091><U+0088><f0><U+009F><U+0091><U+0088>
#Srilankan #Srilanka #lka #Lanka #Ceylon #DGI #Government #Information #DepÂ",False,0,,2021-01-26 16:31:03,False,,1354104575050059777,,,UCRGalle,3,True,False,,
44,44,45,"RT @infodprtsl: <f0><U+009F><U+0091><U+0089><f0><U+009F><U+0091><U+0089>Another 379 Covid-19 patients  reported<f0><U+009F><U+0091><U+0088><f0><U+009F><U+0091><U+0088>
#Srilankan #Srilanka #lka #Lanka #Ceylon #DGI #Government #Information #DepÂ",False,0,,2021-01-26 16:23:14,False,,1354102606503833606,,,SLNewsRTBot,3,True,False,,
45,45,46,"<f0><U+009F><U+0091><U+0089><f0><U+009F><U+0091><U+0089>Another 379 Covid-19 patients  reported<f0><U+009F><U+0091><U+0088><f0><U+009F><U+0091><U+0088>
#Srilankan #Srilanka #lka #Lanka #Ceylon #DGI #GovernmentÂ https://.co/kwVXeY7Czv",False,2,,2021-01-26 16:15:12,True,,1354100586237616130,,"<a href=""https://mobile.twitter.com"" rel=""nofollow"">Twitter Web App</a>",infodprtsl,3,False,False,,
46,46,47,"To @MumbaiPolice
My vehicle  theft  Mumbai
Now I   tamilnadu
Time  #Corona I came  tamilnadu I   stÂ https://.co/PzYCx1PY2M",False,27,,2021-01-26 15:36:10,True,,1354090762389098496,,"<a href=""http://twitter.com/download/android"" rel=""nofollow"">Twitter for Android</a>",MickeyAshly2,1,False,False,,
47,47,48,"RT @infodprtsl: <f0><U+009F><U+0091><U+0089><f0><U+009F><U+0091><U+0089>369 Covid-19 patients  reported<f0><U+009F><U+0091><U+0088><f0><U+009F><U+0091><U+0088>
#Srilankan #Srilanka #lka #Lanka #Ceylon #DGI #Government #Information #DepartmentÂ",False,0,,2021-01-26 14:32:38,False,,1354074776701173761,,,UCRGalle,3,True,False,,
48,48,49,"RT @infodprtsl: <f0><U+009F><U+0091><U+0089><f0><U+009F><U+0091><U+0089>369 Covid-19 patients  reported<f0><U+009F><U+0091><U+0088><f0><U+009F><U+0091><U+0088>
#Srilankan #Srilanka #lka #Lanka #Ceylon #DGI #Government #Information #DepartmentÂ",False,0,,2021-01-26 14:32:07,False,,1354074643590766593,,,UCRGalle,3,True,False,,
49,49,50,"RT @DurgadeviAmbal1: #AariArujunan <U+2764>. #Corona time,  still  #treats  #fans well <f0><U+009F><U+0092><U+0096>. Reason,    #liked     #pictureÂ",False,0,,2021-01-26 14:12:55,False,,1354069813111394305,,"<a href=""http://twitter.com/download/android"" rel=""nofollow"">Twitter for Android</a>",Comali76383846,30,True,False,,
50,50,51,"RT @infodprtsl: <f0><U+009F><U+0091><U+0089><f0><U+009F><U+0091><U+0089>369 Covid-19 patients  reported<f0><U+009F><U+0091><U+0088><f0><U+009F><U+0091><U+0088>
#Srilankan #Srilanka #lka #Lanka #Ceylon #DGI #Government #Information #DepartmentÂ",False,0,,2021-01-26 14:05:12,False,,1354067869953380352,,,SLNewsRTBot,3,True,False,,
51,51,52,"RT @infodprtsl: <f0><U+009F><U+0091><U+0089><f0><U+009F><U+0091><U+0089>369 Covid-19 patients  reported<f0><U+009F><U+0091><U+0088><f0><U+009F><U+0091><U+0088>
#Srilankan #Srilanka #lka #Lanka #Ceylon #DGI #Government #Information #DepartmentÂ",False,0,,2021-01-26 14:04:40,False,,1354067736519995393,,,SLNewsRTBot,3,True,False,,
52,52,53,"<f0><U+009F><U+0091><U+0089><f0><U+009F><U+0091><U+0089>369 Covid-19 patients  reported<f0><U+009F><U+0091><U+0088><f0><U+009F><U+0091><U+0088>
#Srilankan #Srilanka #lka #Lanka #Ceylon #DGI #Government #InformationÂ https://.co/h3pW2DwvBU",False,5,,2021-01-26 13:59:00,True,,1354066312931192834,,"<a href=""https://mobile.twitter.com"" rel=""nofollow"">Twitter Web App</a>",infodprtsl,3,False,False,,
53,53,54,"<f0><U+009F><U+0091><U+0089><f0><U+009F><U+0091><U+0089>369 Covid-19 patients  reported<f0><U+009F><U+0091><U+0088><f0><U+009F><U+0091><U+0088>
#Srilankan #Srilanka #lka #Lanka #Ceylon #DGI #Government #InformationÂ https://.co/MmdlPdTXJ0",False,4,,2021-01-26 13:58:50,True,,1354066270359089152,,"<a href=""https://mobile.twitter.com"" rel=""nofollow"">Twitter Web App</a>",infodprtsl,3,False,False,,
54,54,55,"RT @newsradiolk: 369 COVID-19 cases detected  Sri Lanka thus far today, bringing  total number  cases  59,536 &amp; active infection cÂ",False,0,,2021-01-26 13:27:53,False,,1354058479103832069,,"<a href=""http://twitter.com/download/android"" rel=""nofollow"">Twitter for Android</a>",tharakasenavi,1,True,False,,
55,55,56,"369 COVID-19 cases detected  Sri Lanka thus far today, bringing  total number  cases  59,536 &amp; active infeÂ https://.co/iluyKb2O7J",False,0,,2021-01-26 12:55:20,True,,1354050287464538112,,"<a href=""https://mobile.twitter.com"" rel=""nofollow"">Twitter Web App</a>",newsradiolk,1,False,False,,
56,56,57,First batch  Frontline Workers  Field Staff  Amar Seva Sangam  inoculated (Covishield vaccine)   partÂ https://.co/T5tSeFyd55,False,3,,2021-01-26 12:25:12,True,,1354042705689501697,,"<a href=""http://twitter.com/download/android"" rel=""nofollow"">Twitter for Android</a>",amarseva,0,False,False,,
57,57,58,First batch  Frontline Workers  Field Staff  Amar Seva Sangam  inoculated (Covishield vaccine)   partÂ https://.co/4Z1twMSS9Z,False,2,,2021-01-26 12:21:10,True,,1354041690680553474,,"<a href=""http://twitter.com/download/android"" rel=""nofollow"">Twitter for Android</a>",amarseva,0,False,False,,
58,58,59,"My #Lockdown #Corona #SONG With #zeetamil #neethane_enthan_ponvasantham #serial Team

#Covid_19 #AWARENESS 

https://.co/5VV055iK09",False,0,,2021-01-26 12:10:32,False,,1354039015767420931,,"<a href=""https://mobile.twitter.com"" rel=""nofollow"">Twitter Web App</a>",Arunthathi_K,0,False,False,,
59,59,60,"Clinical trials  'Dhammika Syrup' still underway - @MoH_SriLanka 

https://.co/Wn9QxvvgK9 

#lka #SriLankaÂ https://.co/DOl81B3jkU",False,5,,2021-01-26 09:37:41,True,,1354000548857585665,,"<a href=""https://mobile.twitter.com"" rel=""nofollow"">Twitter Web App</a>",CeylonToday,2,False,False,,
60,60,61,"Three drivers test positive  Covid-19 

https://.co/yI3qTrIP5E 

#lka #SriLanka #COVID19SL #COVID19LK #CoronaÂ https://.co/pYfJOujvIC",False,3,,2021-01-26 07:12:19,True,,1353963966859456512,,"<a href=""https://mobile.twitter.com"" rel=""nofollow"">Twitter Web App</a>",CeylonToday,2,False,False,,
61,61,62,"#Corona #pneumonia #Chinnamma idly sapadalaya? 

Too much expectations <f0><U+009F><U+00A4><U+00AD> 

@sansbarrier @PrinceArihan @polimernews",False,0,,2021-01-26 04:19:45,False,,1353920538452709377,,"<a href=""http://twitter.com/download/iphone"" rel=""nofollow"">Twitter for iPhone</a>",ram86_MWaugh,0,False,False,,
62,62,63,"So far #CoronaVirus worldwide <f0><U+009F><U+008C><U+008E><U+2757>
<f0><U+009F><U+0098><U+00B7>100 million infected cases 
<f0><U+009F><U+0098><U+00B7>72 million recovered 
<f0><U+009F><U+0098><U+00B7>2.1 million deaths 
<f0><U+009F><U+0098><U+00B7>110,000Â https://.co/45bynRNR4H",False,36,,2021-01-26 01:29:12,True,,1353877616013402115,,"<a href=""http://twitter.com/download/android"" rel=""nofollow"">Twitter for Android</a>",SriLankaTweet,12,False,False,,
63,63,64,"RT @infodprtsl: <f0><U+009F><U+0091><U+0089><f0><U+009F><U+0091><U+0089>Four covid-19 infection deaths  reported  Sri Lanka<f0><U+009F><U+0091><U+0088><f0><U+009F><U+0091><U+0088>
#Srilankan #Srilanka #lka #Lanka #Ceylon #DGI #Government #InÂ",False,0,,2021-01-26 01:22:17,False,,1353875877973667845,,"<a href=""https://mobile.twitter.com"" rel=""nofollow"">Twitter Web App</a>",kataclysmichaos,3,True,False,,
64,64,65,"@MoH_SriLanka says 54%  public ready  accept Covid  vaccine 

https://.co/TSDICz3mTF 

#lka #SriLankaÂ https://.co/JQkJwWVpHS",False,1,MoH_SriLanka,2021-01-26 01:15:02,True,,1353874050980982784,1.1089890769363516e+18,"<a href=""https://mobile.twitter.com"" rel=""nofollow"">Twitter Web App</a>",CeylonToday,0,False,False,,
65,65,66,"RT @infodprtsl: <f0><U+009F><U+0091><U+0089><f0><U+009F><U+0091><U+0089>Four covid-19 infection deaths  reported  Sri Lanka<f0><U+009F><U+0091><U+0088><f0><U+009F><U+0091><U+0088>
#Srilankan #Srilanka #lka #Lanka #Ceylon #DGI #Government #InÂ",False,0,,2021-01-25 18:31:29,False,,1353772495590084615,,,UCRGalle,3,True,False,,
66,66,67,"RT @infodprtsl: <f0><U+009F><U+0091><U+0089><f0><U+009F><U+0091><U+0089>Four covid-19 infection deaths  reported  Sri Lanka<f0><U+009F><U+0091><U+0088><f0><U+009F><U+0091><U+0088>
#Srilankan #Srilanka #lka #Lanka #Ceylon #DGI #Government #InÂ",False,0,,2021-01-25 18:06:43,False,,1353766261252108288,,,SLNewsRTBot,3,True,False,,
67,67,68,"<f0><U+009F><U+0091><U+0089><f0><U+009F><U+0091><U+0089>Four covid-19 infection deaths  reported  Sri Lanka<f0><U+009F><U+0091><U+0088><f0><U+009F><U+0091><U+0088>
#Srilankan #Srilanka #lka #Lanka #Ceylon #DGIÂ https://.co/SzSAyZ6hqo",False,4,,2021-01-25 17:54:49,True,,1353763269295693827,,"<a href=""https://mobile.twitter.com"" rel=""nofollow"">Twitter Web App</a>",infodprtsl,3,False,False,,
68,68,69,"Be  COVID Warrior.Please use high quality Mask manufactured  ProbeLab India.

For  information please call +Â https://.co/2i4pQR276p",False,0,,2021-01-25 07:21:22,True,,1353603853351079941,,"<a href=""https://www.hootsuite.com"" rel=""nofollow"">Hootsuite Inc.</a>",probe_lab,0,False,False,,
69,69,70,"#SriLanka: Is The Heta Nama Lakshaya (Sixty-Nine Lakhs) Fizzling Out? 

#srilankan #Muslims #lanka #lka #COVID19Â https://.co/3plrfXe0Mx",False,0,,2021-01-25 05:34:51,True,,1353577050532012033,,"<a href=""https://mobile.twitter.com"" rel=""nofollow"">Twitter Web App</a>",Mohammed_Aashsd,0,False,False,,
70,70,71,"RT @newsdotlk: 2021.01.25-Media Report
<U+2757><U+2757><U+2757><U+2757> Today (25)  6.00  onwards
Released  isolation  newly isolated territories
#SrilankÂ",False,0,,2021-01-25 05:32:34,False,,1353576473861435394,,,UCRGalle,2,True,False,,
71,71,72,"RT @newsdotlk: <U+2666><U+FE0F><U+2666><U+FE0F> 2021-01-24 Media Report
Three deaths  Covid-19 infected   recorded yesterday (24)
#Srilankan #Srilanka #lka #Â",False,0,,2021-01-25 05:32:02,False,,1353576340495212544,,,UCRGalle,2,True,False,,
72,72,73,"Sticking  #Science Best Way  Beat Superstition, Politricks, #Corona  Communal #Viruses .

#srilanka #colomboÂ https://.co/56sibSIWXC",False,1,,2021-01-25 05:09:07,True,,1353570571615760384,,"<a href=""https://mobile.twitter.com"" rel=""nofollow"">Twitter Web App</a>",Mohammed_Aashsd,0,False,False,,
73,73,74,"RT @newsdotlk: 2021.01.25-Media Report
<U+2757><U+2757><U+2757><U+2757> Today (25)  6.00  onwards
Released  isolation  newly isolated territories
#SrilankÂ",False,0,,2021-01-25 04:53:59,False,,1353566765297627137,,,SLNewsRTBot,2,True,False,,
74,74,75,"RT @newsdotlk: <U+2666><U+FE0F><U+2666><U+FE0F> 2021-01-24 Media Report
Three deaths  Covid-19 infected   recorded yesterday (24)
#Srilankan #Srilanka #lka #Â",False,0,,2021-01-25 04:53:27,False,,1353566632329797632,,,SLNewsRTBot,2,True,False,,
75,75,76,"<U+2666><U+FE0F><U+2666><U+FE0F> 2021-01-24 Media Report
Three deaths  Covid-19 infected   recorded yesterday (24)
#SrilankanÂ https://.co/7j8UcIVv5m",False,3,,2021-01-25 04:41:29,True,,1353563618072260610,,"<a href=""https://mobile.twitter.com"" rel=""nofollow"">Twitter Web App</a>",newsdotlk,2,False,False,,
76,76,77,"2021.01.25-Media Report
<U+2757><U+2757><U+2757><U+2757> Today (25)  6.00  onwards
Released  isolation  newly isolated territoriesÂ https://.co/yeOibZzPod",False,2,,2021-01-25 04:38:43,True,,1353562921725530117,,"<a href=""https://mobile.twitter.com"" rel=""nofollow"">Twitter Web App</a>",newsdotlk,2,False,False,,
77,77,78,"RT @infodprtsl: <f0><U+009F><U+0091><U+0089>Two covid-19 infection deaths  reported  Sri Lanka
#Srilankan #Srilanka #lka #Lanka #Ceylon #DGI #Government #InformÂ",False,0,,2021-01-25 03:11:17,False,,1353540921594413057,,"<a href=""https://mobile.twitter.com"" rel=""nofollow"">Twitter Web App</a>",senehasasaviya,3,True,False,,
78,78,79,#Corona   PM  mask.  CM  mask https://.co/P3w7FjsVZd,False,0,,2021-01-24 09:30:11,False,,1353273883806162944,,"<a href=""http://twitter.com/download/iphone"" rel=""nofollow"">Twitter for iPhone</a>",pvish49,0,False,False,,
79,79,80,"RT @infodprtsl: <f0><U+009F><U+0091><U+0089>Two covid-19 infection deaths  reported  Sri Lanka
#Srilankan #Srilanka #lka #Lanka #Ceylon #DGI #Government #InformÂ",False,0,,2021-01-24 04:31:31,False,,1353198722306502657,,,UCRGalle,3,True,False,,
80,80,81,"RT @newsradiolk: Over 100 COVID-19 cases detected  Colombo, Gampaha  Kandy districts yesterday (23rd).
-197  Colombo
-110  KÂ",False,0,,2021-01-24 04:17:20,False,,1353195154908323840,,"<a href=""http://twitter.com/download/iphone"" rel=""nofollow"">Twitter for iPhone</a>",iamshakoor,5,True,False,,
81,81,82,"Scientists  revealed  #COVID19 really looks like. 
The virus  infected nearly 100 million people, killinÂ https://.co/FjepcHJWsI",False,126,,2021-01-24 04:06:36,True,,1353192450840522752,,"<a href=""http://twitter.com/download/android"" rel=""nofollow"">Twitter for Android</a>",SriLankaTweet,43,False,False,,
82,82,83,"RT @infodprtsl: <f0><U+009F><U+0091><U+0089>Two covid-19 infection deaths  reported  Sri Lanka
#Srilankan #Srilanka #lka #Lanka #Ceylon #DGI #Government #InformÂ",False,0,,2021-01-24 03:44:09,False,,1353186804816633857,,,SLNewsRTBot,3,True,False,,
83,83,84,"<f0><U+009F><U+0091><U+0089>Two covid-19 infection deaths  reported  Sri Lanka
#Srilankan #Srilanka #lka #Lanka #Ceylon #DGI #GovernmentÂ https://.co/HufrM2C8EC",False,5,,2021-01-24 03:39:51,True,,1353185722673614849,,"<a href=""https://mobile.twitter.com"" rel=""nofollow"">Twitter Web App</a>",infodprtsl,3,False,False,,
84,84,85,"RT @newsradiolk: Over 100 COVID-19 cases detected  Colombo, Gampaha  Kandy districts yesterday (23rd).
-197  Colombo
-110  KÂ",False,0,,2021-01-24 03:16:01,False,,1353179723719966720,,"<a href=""http://twitter.com/download/android"" rel=""nofollow"">Twitter for Android</a>",tharakasenavi,5,True,False,,
85,85,86,"RT @newsradiolk: Over 100 COVID-19 cases detected  Colombo, Gampaha  Kandy districts yesterday (23rd).
-197  Colombo
-110  KÂ",False,0,,2021-01-24 03:15:18,False,,1353179543662522369,,"<a href=""http://twitter.com/download/android"" rel=""nofollow"">Twitter for Android</a>",gopiharan,5,True,False,,
86,86,87,"Over 100 COVID-19 cases detected  Colombo, Gampaha  Kandy districts yesterday (23rd).
-197  Colombo
-110Â https://.co/L9ZtyAhzPp",False,0,,2021-01-24 02:43:53,True,,1353171634933420033,,"<a href=""https://mobile.twitter.com"" rel=""nofollow"">Twitter Web App</a>",newsradiolk,5,False,False,,
87,87,88,"After Health Minister Tested Positive, Covid #vaccine   arrive  #lka  wednesday. #Corona #LKA",False,2,,2021-01-23 08:14:53,False,,1352892547945918464,,"<a href=""http://twitter.com/download/iphone"" rel=""nofollow"">Twitter for iPhone</a>",ShamranF,0,False,False,,
88,88,89,"Health minister tested positive 
Day 1
Wait  see  much time  take cure  health minister 
#SLnews #lkaÂ https://.co/rYOPm2iF98",False,0,,2021-01-23 04:21:10,True,,1352833731199950848,,"<a href=""http://twitter.com/download/iphone"" rel=""nofollow"">Twitter for iPhone</a>",zafriahamed2,0,False,False,,
89,89,90,"RT @DurgadeviAmbal1: #AariArujunan <U+2764>. #Corona time,  still  #treats  #fans well <f0><U+009F><U+0092><U+0096>. Reason,    #liked     #pictureÂ",False,0,,2021-01-23 04:02:16,False,,1352828976008318978,,"<a href=""http://twitter.com/download/android"" rel=""nofollow"">Twitter for Android</a>",RahulDm20,30,True,False,,
90,90,91,"RT @DurgadeviAmbal1: #AariArujunan <U+2764>. #Corona time,  still  #treats  #fans well <f0><U+009F><U+0092><U+0096>. Reason,    #liked     #pictureÂ",False,0,,2021-01-22 19:59:31,False,,1352707488110567424,,"<a href=""http://twitter.com/download/iphone"" rel=""nofollow"">Twitter for iPhone</a>",Aaritrender1,30,True,False,,
91,91,92,"<U+203C><U+FE0F> HEALTH MINISTER TESTS POSITIVE <f0><U+009F><U+00A6><U+00A0><U+203C><U+FE0F>

According   BBC Sinhala service, Sri LankaÂ Health Minister Pavithra WÂ https://.co/S01S9E0Ce6",False,66,,2021-01-22 19:07:24,True,,1352694369250402305,,"<a href=""http://twitter.com/download/iphone"" rel=""nofollow"">Twitter for iPhone</a>",AthaudaDasuni,10,False,False,,
92,92,93,"@PTTVOnlineNews <U+0BAA><U+0BC1><U+0BA4><U+0BBF><U+0BAF><U+0BA4><U+0BB0><U+0BC1><U+0BA4><U+0BB2>...!! <U+0BAA><U+0BC0><U+0BA4><U+0BBF> <U+0B95><U+0BBF><U+0BB3><U+0BAA><U+0BCD><U+0BAA><U+0BBF><U+0BB5><U+0BBF><U+0B9F><U+0BC1>!!
@PrakashJavdekar  @drharshvardhan @nsitharaman @annamalai_k Â https://.co/3UR47OtaWJ",False,1,PTTVOnlineNews,2021-01-22 17:44:54,True,1.3526713553054843e+18,1352673607047016448,622872390.0,"<a href=""http://twitter.com/download/android"" rel=""nofollow"">Twitter for Android</a>",Raj_Fuhrer59,0,False,False,,
93,93,94,"RT @Kodungolan737: While  one  predict   wl get #Corona,   something dicey  #Sasikala' plight. Particularly  ligÂ",False,0,,2021-01-22 17:37:25,False,,1352671727608754178,,"<a href=""http://twitter.com/download/android"" rel=""nofollow"">Twitter for Android</a>",26rose1,24,True,False,,
94,94,95,"RT @infodprtsl: <f0><U+009F><U+0091><U+0089>438 Covid-19 patients  reported
#Srilankan #Srilanka #lka #Lanka #Ceylon #DGI #Government #Information #Department #NeÂ",False,0,,2021-01-22 17:33:07,False,,1352670645386149889,,,UCRGalle,2,True,False,,
95,95,96,"RT @infodprtsl: <f0><U+009F><U+0091><U+0089>Two covid-19 infection deaths  reported  Sri Lanka
#Srilankan #Srilanka #lka #Lanka #Ceylon #DGI #Government #InformÂ",False,0,,2021-01-22 17:32:36,False,,1352670511764021251,,,UCRGalle,2,True,False,,
96,96,97,"RT @infodprtsl: <f0><U+009F><U+0091><U+0089>438 Covid-19 patients  reported
#Srilankan #Srilanka #lka #Lanka #Ceylon #DGI #Government #Information #Department #NeÂ",False,0,,2021-01-22 16:49:20,False,,1352659623308832769,,,SLNewsRTBot,2,True,False,,
97,97,98,"RT @Newshub_lk: ÂI  assaulted  Dhammika Bandara, demanded  ransom  &amp; forced  eat   phoneÂ Â Dentist (Video) https://.co/wÂ",False,0,,2021-01-22 16:49:00,False,,1352659540777594883,,"<a href=""http://twitter.com/download/iphone"" rel=""nofollow"">Twitter for iPhone</a>",riseup_sl,13,True,False,,
98,98,99,"RT @infodprtsl: <f0><U+009F><U+0091><U+0089>Two covid-19 infection deaths  reported  Sri Lanka
#Srilankan #Srilanka #lka #Lanka #Ceylon #DGI #Government #InformÂ",False,0,,2021-01-22 16:48:48,False,,1352659490290741250,,,SLNewsRTBot,2,True,False,,
99,99,100,"<f0><U+009F><U+0091><U+0089>Two covid-19 infection deaths  reported  Sri Lanka
#Srilankan #Srilanka #lka #Lanka #Ceylon #DGI #GovernmentÂ https://.co/koRHur76Cu",False,3,,2021-01-22 16:35:35,True,,1352656166589968386,,"<a href=""https://mobile.twitter.com"" rel=""nofollow"">Twitter Web App</a>",infodprtsl,2,False,False,,
100,100,101,"<f0><U+009F><U+0091><U+0089>438 Covid-19 patients  reported
#Srilankan #Srilanka #lka #Lanka #Ceylon #DGI #Government #InformationÂ https://.co/bsPDrgjsvO",False,4,,2021-01-22 16:34:54,True,,1352655994514526215,,"<a href=""https://mobile.twitter.com"" rel=""nofollow"">Twitter Web App</a>",infodprtsl,2,False,False,,
101,101,102,"RT @DurgadeviAmbal1: #AariArujunan <U+2764>. #Corona time,  still  #treats  #fans well <f0><U+009F><U+0092><U+0096>. Reason,    #liked     #pictureÂ",False,0,,2021-01-22 16:10:14,False,,1352649786738892801,,"<a href=""https://mobile.twitter.com"" rel=""nofollow"">Twitter Web App</a>",SrideviVeerase1,30,True,False,,
102,102,103,"RT @Newshub_lk: ÂI  assaulted  Dhammika Bandara, demanded  ransom  &amp; forced  eat   phoneÂ Â Dentist (Video) https://.co/wÂ",False,0,,2021-01-22 15:26:02,False,,1352638663189028867,,"<a href=""http://twitter.com/download/iphone"" rel=""nofollow"">Twitter for iPhone</a>",SriLanka,13,True,False,,
103,103,104,"RT @infodprtsl: <f0><U+009F><U+0091><U+0089>346 Covid-19 patients  reported
#Srilankan #Srilanka #lka #Lanka #Ceylon #DGI #Government #Information #Department #NeÂ",False,0,,2021-01-22 14:31:01,False,,1352624815748874240,,,UCRGalle,2,True,False,,
104,104,105,"RT @Kodungolan737: While  one  predict   wl get #Corona,   something dicey  #Sasikala' plight. Particularly  ligÂ",False,0,,2021-01-22 14:25:12,False,,1352623353769684992,,"<a href=""http://twitter.com/download/android"" rel=""nofollow"">Twitter for Android</a>",VinodSajeev,24,True,False,,
105,105,106,"RT @infodprtsl: <f0><U+009F><U+0091><U+0089>346 Covid-19 patients  reported
#Srilankan #Srilanka #lka #Lanka #Ceylon #DGI #Government #Information #Department #NeÂ",False,0,,2021-01-22 13:59:25,False,,1352616862593536001,,,SLNewsRTBot,2,True,False,,
106,106,107,"<f0><U+009F><U+0091><U+0089>346 Covid-19 patients  reported
#Srilankan #Srilanka #lka #Lanka #Ceylon #DGI #Government #InformationÂ https://.co/ntUZaG82dC",False,3,,2021-01-22 13:45:16,True,,1352613301818175490,,"<a href=""https://mobile.twitter.com"" rel=""nofollow"">Twitter Web App</a>",infodprtsl,2,False,False,,
107,107,108,"RT @Kodungolan737: While  one  predict   wl get #Corona,   something dicey  #Sasikala' plight. Particularly  ligÂ",False,0,,2021-01-22 10:53:38,False,,1352570109907374082,,"<a href=""https://mobile.twitter.com"" rel=""nofollow"">Twitter Web App</a>",SunjayJK,24,True,False,,
108,108,109,"RT @Newshub_lk: ÂI  assaulted  Dhammika Bandara, demanded  ransom  &amp; forced  eat   phoneÂ Â Dentist (Video) https://.co/wÂ",False,0,,2021-01-22 10:27:02,False,,1352563417069060097,,"<a href=""http://twitter.com/download/android"" rel=""nofollow"">Twitter for Android</a>",vg123e,13,True,False,,
109,109,110,"RT @DurgadeviAmbal1: #AariArujunan <U+2764>. #Corona time,  still  #treats  #fans well <f0><U+009F><U+0092><U+0096>. Reason,    #liked     #pictureÂ",False,0,,2021-01-22 09:58:47,False,,1352556307220361216,,"<a href=""http://twitter.com/download/android"" rel=""nofollow"">Twitter for Android</a>",kajal5550,30,True,False,,
110,110,111,"RT @Kodungolan737: While  one  predict   wl get #Corona,   something dicey  #Sasikala' plight. Particularly  ligÂ",False,0,,2021-01-22 09:32:29,False,,1352549686578565120,,"<a href=""http://twitter.com/download/android"" rel=""nofollow"">Twitter for Android</a>",NageshraoH,24,True,False,,
111,111,112,"RT @Kodungolan737: While  one  predict   wl get #Corona,   something dicey  #Sasikala' plight. Particularly  ligÂ",False,0,,2021-01-22 09:30:04,False,,1352549079591628801,,"<a href=""http://twitter.com/download/android"" rel=""nofollow"">Twitter for Android</a>",masterofhind,24,True,False,,
112,112,113,"RT @Newshub_lk: ÂI  assaulted  Dhammika Bandara, demanded  ransom  &amp; forced  eat   phoneÂ Â Dentist (Video) https://.co/wÂ",False,0,,2021-01-22 08:58:02,False,,1352541018349047808,,"<a href=""http://twitter.com/download/android"" rel=""nofollow"">Twitter for Android</a>",Maximuslk,13,True,False,,
113,113,114,"RT @Kodungolan737: While  one  predict   wl get #Corona,   something dicey  #Sasikala' plight. Particularly  ligÂ",False,0,,2021-01-22 08:54:21,False,,1352540093345538049,,"<a href=""http://twitter.com/download/android"" rel=""nofollow"">Twitter for Android</a>",naanthannaan,24,True,False,,
114,114,115,"RT @Newshub_lk: ÂI  assaulted  Dhammika Bandara, demanded  ransom  &amp; forced  eat   phoneÂ Â Dentist (Video) https://.co/wÂ",False,0,,2021-01-22 08:11:56,False,,1352529415201144836,,"<a href=""http://twitter.com/download/android"" rel=""nofollow"">Twitter for Android</a>",NishiTwt,13,True,False,,
115,115,116,"RT @Newshub_lk: ÂI  assaulted  Dhammika Bandara, demanded  ransom  &amp; forced  eat   phoneÂ Â Dentist (Video) https://.co/wÂ",False,0,,2021-01-22 08:02:38,False,,1352527075450753024,,"<a href=""https://mobile.twitter.com"" rel=""nofollow"">Twitter Web App</a>",indika27,13,True,False,,
116,116,117,"RT @Newshub_lk: ÂI  assaulted  Dhammika Bandara, demanded  ransom  &amp; forced  eat   phoneÂ Â Dentist (Video) https://.co/wÂ",False,0,,2021-01-22 07:54:40,False,,1352525071047393281,,"<a href=""http://twitter.com/download/iphone"" rel=""nofollow"">Twitter for iPhone</a>",laka_puit,13,True,False,,
117,117,118,"RT @Kodungolan737: While  one  predict   wl get #Corona,   something dicey  #Sasikala' plight. Particularly  ligÂ",False,0,,2021-01-22 07:51:42,False,,1352524325027524610,,"<a href=""http://twitter.com/download/android"" rel=""nofollow"">Twitter for Android</a>",a_arunprasath,24,True,False,,
118,118,119,"RT @Newshub_lk: ÂI  assaulted  Dhammika Bandara, demanded  ransom  &amp; forced  eat   phoneÂ Â Dentist (Video) https://.co/wÂ",False,0,,2021-01-22 07:50:23,False,,1352523992603701249,,"<a href=""http://twitter.com/download/android"" rel=""nofollow"">Twitter for Android</a>",TennakoonAruna,13,True,False,,
119,119,120,"RT @Kodungolan737: While  one  predict   wl get #Corona,   something dicey  #Sasikala' plight. Particularly  ligÂ",False,0,,2021-01-22 07:46:49,False,,1352523098092785665,,"<a href=""http://twitter.com/download/android"" rel=""nofollow"">Twitter for Android</a>",Sathyavlpm,24,True,False,,
120,120,121,"RT @Newshub_lk: ÂI  assaulted  Dhammika Bandara, demanded  ransom  &amp; forced  eat   phoneÂ Â Dentist (Video) https://.co/wÂ",False,0,,2021-01-22 07:27:44,False,,1352518295379795970,,"<a href=""http://twitter.com/download/android"" rel=""nofollow"">Twitter for Android</a>",dhananjaya81,13,True,False,,
121,121,122,"ÂI  assaulted  Dhammika Bandara, demanded  ransom  &amp; forced  eat   phoneÂ Â Dentist (Video)Â https://.co/vtJYmCFf9x",False,36,,2021-01-22 07:16:18,True,,1352515415726026752,,"<a href=""https://mobile.twitter.com"" rel=""nofollow"">Twitter Web App</a>",Newshub_lk,13,False,False,,
122,122,123,#Trump #administration   #strategy  #Corona https://.co/2lSbkNdwQm,False,0,,2021-01-22 06:31:35,False,,1352504165105360896,,"<a href=""https://mobile.twitter.com"" rel=""nofollow"">Twitter Web App</a>",adole53654229,0,False,False,,
123,123,124,"RT @Kodungolan737: While  one  predict   wl get #Corona,   something dicey  #Sasikala' plight. Particularly  ligÂ",False,0,,2021-01-22 06:26:23,False,,1352502854762651650,,"<a href=""http://twitter.com/download/android"" rel=""nofollow"">Twitter for Android</a>",Dr_Strange_PhD,24,True,False,,
124,124,125,"RT @Kodungolan737: While  one  predict   wl get #Corona,   something dicey  #Sasikala' plight. Particularly  ligÂ",False,0,,2021-01-22 06:22:57,False,,1352501992480890881,,"<a href=""http://twitter.com/download/android"" rel=""nofollow"">Twitter for Android</a>",KUMARAN1573,24,True,False,,
125,125,126,"RT @Kodungolan737: While  one  predict   wl get #Corona,   something dicey  #Sasikala' plight. Particularly  ligÂ",False,0,,2021-01-22 05:55:06,False,,1352494983547408385,,"<a href=""http://twitter.com/download/iphone"" rel=""nofollow"">Twitter for iPhone</a>",RichardJonatha,24,True,False,,
126,126,127,"RT @Kodungolan737: While  one  predict   wl get #Corona,   something dicey  #Sasikala' plight. Particularly  ligÂ",False,0,,2021-01-22 05:41:43,False,,1352491614577381378,,"<a href=""http://twitter.com/download/iphone"" rel=""nofollow"">Twitter for iPhone</a>",aasishalex,24,True,False,,
127,127,128,"RT @Kodungolan737: While  one  predict   wl get #Corona,   something dicey  #Sasikala' plight. Particularly  ligÂ",False,0,,2021-01-22 05:39:04,False,,1352490945657319424,,"<a href=""https://mobile.twitter.com"" rel=""nofollow"">Twitter Web App</a>",Tamil1947,24,True,False,,
128,128,129,"RT @Kodungolan737: While  one  predict   wl get #Corona,   something dicey  #Sasikala' plight. Particularly  ligÂ",False,0,,2021-01-22 05:36:36,False,,1352490324556345346,,"<a href=""http://twitter.com/download/android"" rel=""nofollow"">Twitter for Android</a>",oops200711,24,True,False,,
129,129,130,"RT @Kodungolan737: While  one  predict   wl get #Corona,   something dicey  #Sasikala' plight. Particularly  ligÂ",False,0,,2021-01-22 05:28:14,False,,1352488221205262339,,"<a href=""http://twitter.com/download/android"" rel=""nofollow"">Twitter for Android</a>",KishanThar,24,True,False,,
130,130,131,"RT @Kodungolan737: While  one  predict   wl get #Corona,   something dicey  #Sasikala' plight. Particularly  ligÂ",False,0,,2021-01-22 05:19:45,False,,1352486087487176707,,"<a href=""http://twitter.com/download/android"" rel=""nofollow"">Twitter for Android</a>",Toknow86969453,24,True,False,,
131,131,132,"RT @Kodungolan737: While  one  predict   wl get #Corona,   something dicey  #Sasikala' plight. Particularly  ligÂ",False,0,,2021-01-22 05:17:03,False,,1352485405543649282,,"<a href=""https://mobile.twitter.com"" rel=""nofollow"">Twitter Web App</a>",Swami20946629,24,True,False,,
132,132,133,"RT @Kodungolan737: While  one  predict   wl get #Corona,   something dicey  #Sasikala' plight. Particularly  ligÂ",False,0,,2021-01-22 05:13:32,False,,1352484520671408129,,"<a href=""http://twitter.com/download/iphone"" rel=""nofollow"">Twitter for iPhone</a>",AjasLily,24,True,False,,
133,133,134,"RT @Kodungolan737: While  one  predict   wl get #Corona,   something dicey  #Sasikala' plight. Particularly  ligÂ",False,0,,2021-01-22 04:41:16,False,,1352476402856194050,,"<a href=""https://mobile.twitter.com"" rel=""nofollow"">Twitter Web App</a>",SubratK82634557,24,True,False,,
134,134,135,"RT @Kodungolan737: While  one  predict   wl get #Corona,   something dicey  #Sasikala' plight. Particularly  ligÂ",False,0,,2021-01-22 04:35:55,False,,1352475056262287360,,"<a href=""http://twitter.com/download/iphone"" rel=""nofollow"">Twitter for iPhone</a>",esk_imho,24,True,False,,
135,135,136,"RT @Kodungolan737: While  one  predict   wl get #Corona,   something dicey  #Sasikala' plight. Particularly  ligÂ",False,0,,2021-01-22 04:34:17,False,,1352474641982513155,,"<a href=""https://mobile.twitter.com"" rel=""nofollow"">Twitter Web App</a>",kayan2727,24,True,False,,
136,136,137,"RT @Kodungolan737: While  one  predict   wl get #Corona,   something dicey  #Sasikala' plight. Particularly  ligÂ",False,0,,2021-01-22 04:27:11,False,,1352472859080355841,,"<a href=""http://twitter.com/download/android"" rel=""nofollow"">Twitter for Android</a>",kajarajA81,24,True,False,,
137,137,138,"RT @Kodungolan737: While  one  predict   wl get #Corona,   something dicey  #Sasikala' plight. Particularly  ligÂ",False,0,,2021-01-22 04:26:06,False,,1352472584214876160,,"<a href=""http://twitter.com/download/android"" rel=""nofollow"">Twitter for Android</a>",dselvakumar9,24,True,False,,
138,138,139,"While  one  predict   wl get #Corona,   something dicey  #Sasikala' plight. Particularly Â https://.co/4t1LeY0H6q",False,83,,2021-01-22 04:25:25,True,,1352472412139339776,,"<a href=""http://twitter.com/download/android"" rel=""nofollow"">Twitter for Android</a>",Kodungolan737,24,False,False,,
139,139,140,"RT @DurgadeviAmbal1: #AariArujunan <U+2764>. #Corona time,  still  #treats  #fans well <f0><U+009F><U+0092><U+0096>. Reason,    #liked     #pictureÂ",False,0,,2021-01-22 02:04:32,False,,1352436957347868672,,"<a href=""http://twitter.com/download/android"" rel=""nofollow"">Twitter for Android</a>",ArunKum17728298,30,True,False,,
140,140,141,"RT @DurgadeviAmbal1: #AariArujunan <U+2764>. #Corona time,  still  #treats  #fans well <f0><U+009F><U+0092><U+0096>. Reason,    #liked     #pictureÂ",False,0,,2021-01-21 16:23:12,False,,1352290662066999299,,"<a href=""http://twitter.com/download/android"" rel=""nofollow"">Twitter for Android</a>",Amuthan45795928,30,True,False,,
141,141,142,"RT @DurgadeviAmbal1: #AariArujunan <U+2764>. #Corona time,  still  #treats  #fans well <f0><U+009F><U+0092><U+0096>. Reason,    #liked     #pictureÂ",False,0,,2021-01-21 15:15:06,False,,1352273522333138944,,"<a href=""http://twitter.com/download/android"" rel=""nofollow"">Twitter for Android</a>",anupavangal,30,True,False,,
142,142,143,"RT @DurgadeviAmbal1: #AariArujunan <U+2764>. #Corona time,  still  #treats  #fans well <f0><U+009F><U+0092><U+0096>. Reason,    #liked     #pictureÂ",False,0,,2021-01-21 15:01:23,False,,1352270071561936897,,"<a href=""https://mobile.twitter.com"" rel=""nofollow"">Twitter Web App</a>",NarumalarG,30,True,False,,
143,143,144,"RT @DurgadeviAmbal1: #AariArujunan <U+2764>. #Corona time,  still  #treats  #fans well <f0><U+009F><U+0092><U+0096>. Reason,    #liked     #pictureÂ",False,0,,2021-01-21 13:45:32,False,,1352250980809641985,,"<a href=""http://twitter.com/download/android"" rel=""nofollow"">Twitter for Android</a>",aarii_fever,30,True,False,,
144,144,145,"ADMK leader Sasikala diagnosed  SARI, shifted  jail ward  Victoria hospital

Doctors said   tested RTÂ https://.co/QuXz2DKc2W",False,0,,2021-01-21 13:25:11,True,,1352245862177509378,,"<a href=""https://mobile.twitter.com"" rel=""nofollow"">Twitter Web App</a>",soundarc2001,0,False,False,,
145,145,146,"RT @DurgadeviAmbal1: #AariArujunan <U+2764>. #Corona time,  still  #treats  #fans well <f0><U+009F><U+0092><U+0096>. Reason,    #liked     #pictureÂ",False,0,,2021-01-21 13:02:09,False,,1352240062981804035,,"<a href=""http://twitter.com/download/android"" rel=""nofollow"">Twitter for Android</a>",NarmadhaDevi16,30,True,False,,
146,146,147,"""Drive Through Prize Giving"", 
  concept!
Drive Through prize giving  Musaeus College.
#SriLankaÂ https://.co/Ayc625It5T",False,2,,2021-01-21 12:51:09,True,,1352237296846856192,,"<a href=""https://mobile.twitter.com"" rel=""nofollow"">Twitter Web App</a>",SamanthaLive365,0,False,False,,
147,147,148,"RT @DurgadeviAmbal1: #AariArujunan <U+2764>. #Corona time,  still  #treats  #fans well <f0><U+009F><U+0092><U+0096>. Reason,    #liked     #pictureÂ",False,0,,2021-01-21 12:40:29,False,,1352234612836061186,,"<a href=""http://twitter.com/download/android"" rel=""nofollow"">Twitter for Android</a>",Sabastiansaba06,30,True,False,,
148,148,149,"RT @DurgadeviAmbal1: #AariArujunan <U+2764>. #Corona time,  still  #treats  #fans well <f0><U+009F><U+0092><U+0096>. Reason,    #liked     #pictureÂ",False,0,,2021-01-21 12:22:26,False,,1352230067829542917,,"<a href=""http://twitter.com/download/android"" rel=""nofollow"">Twitter for Android</a>",billakarthick1,30,True,False,,
149,149,150,"RT @newsradiolk: 770 COVID-19 cases detected yesterday (20th);
-270  Colombo
-80  Gampaha
-56   Matara  Galle
-54  KÂ",False,0,,2021-01-21 12:03:13,False,,1352225233072173057,,"<a href=""http://twitter.com/download/android"" rel=""nofollow"">Twitter for Android</a>",2Hamdhi,5,True,False,,
150,150,151,"RT @DurgadeviAmbal1: #AariArujunan <U+2764>. #Corona time,  still  #treats  #fans well <f0><U+009F><U+0092><U+0096>. Reason,    #liked     #pictureÂ",False,0,,2021-01-21 11:07:44,False,,1352211271588868101,,"<a href=""http://twitter.com/download/android"" rel=""nofollow"">Twitter for Android</a>",ProtoAntagonist,30,True,False,,
151,151,152,"RT @DurgadeviAmbal1: #AariArujunan <U+2764>. #Corona time,  still  #treats  #fans well <f0><U+009F><U+0092><U+0096>. Reason,    #liked     #pictureÂ",False,0,,2021-01-21 10:59:01,False,,1352209077879750656,,"<a href=""http://twitter.com/download/android"" rel=""nofollow"">Twitter for Android</a>",Swethajeni1,30,True,False,,
152,152,153,"RT @DurgadeviAmbal1: #AariArujunan <U+2764>. #Corona time,  still  #treats  #fans well <f0><U+009F><U+0092><U+0096>. Reason,    #liked     #pictureÂ",False,0,,2021-01-21 10:29:13,False,,1352201579479265282,,"<a href=""http://twitter.com/download/android"" rel=""nofollow"">Twitter for Android</a>",Raghu07925077,30,True,False,,
153,153,154,"RT @DurgadeviAmbal1: #AariArujunan <U+2764>. #Corona time,  still  #treats  #fans well <f0><U+009F><U+0092><U+0096>. Reason,    #liked     #pictureÂ",False,0,,2021-01-21 10:29:12,False,,1352201574483976193,,"<a href=""http://twitter.com/download/iphone"" rel=""nofollow"">Twitter for iPhone</a>",halith4m,30,True,False,,
154,154,155,"RT @DurgadeviAmbal1: #AariArujunan <U+2764>. #Corona time,  still  #treats  #fans well <f0><U+009F><U+0092><U+0096>. Reason,    #liked     #pictureÂ",False,0,,2021-01-21 10:19:50,False,,1352199218203566081,,"<a href=""http://twitter.com/download/android"" rel=""nofollow"">Twitter for Android</a>",JewelAyi,30,True,False,,
155,155,156,"RT @DurgadeviAmbal1: #AariArujunan <U+2764>. #Corona time,  still  #treats  #fans well <f0><U+009F><U+0092><U+0096>. Reason,    #liked     #pictureÂ",False,0,,2021-01-21 10:18:17,False,,1352198825268527108,,"<a href=""http://twitter.com/download/android"" rel=""nofollow"">Twitter for Android</a>",AceRainbo,30,True,False,,
156,156,157,"RT @DurgadeviAmbal1: #AariArujunan <U+2764>. #Corona time,  still  #treats  #fans well <f0><U+009F><U+0092><U+0096>. Reason,    #liked     #pictureÂ",False,0,,2021-01-21 10:15:11,False,,1352198044733698051,,"<a href=""http://twitter.com/download/android"" rel=""nofollow"">Twitter for Android</a>",mahima_vj,30,True,False,,
157,157,158,"RT @DurgadeviAmbal1: #AariArujunan <U+2764>. #Corona time,  still  #treats  #fans well <f0><U+009F><U+0092><U+0096>. Reason,    #liked     #pictureÂ",False,0,,2021-01-21 10:14:44,False,,1352197932024385536,,"<a href=""http://twitter.com/download/android"" rel=""nofollow"">Twitter for Android</a>",ThalapathyNiyas,30,True,False,,
158,158,159,"RT @DurgadeviAmbal1: #AariArujunan <U+2764>. #Corona time,  still  #treats  #fans well <f0><U+009F><U+0092><U+0096>. Reason,    #liked     #pictureÂ",False,0,,2021-01-21 10:07:19,False,,1352196067509506049,,"<a href=""http://twitter.com/download/android"" rel=""nofollow"">Twitter for Android</a>",VdKI6wAp9Y4H86z,30,True,False,,
159,159,160,"RT @DurgadeviAmbal1: #AariArujunan <U+2764>. #Corona time,  still  #treats  #fans well <f0><U+009F><U+0092><U+0096>. Reason,    #liked     #pictureÂ",False,0,,2021-01-21 10:05:05,False,,1352195505485275138,,"<a href=""https://mobile.twitter.com"" rel=""nofollow"">Twitter Web App</a>",MaheshKumarY5,30,True,False,,
160,160,161,"RT @DurgadeviAmbal1: #AariArujunan <U+2764>. #Corona time,  still  #treats  #fans well <f0><U+009F><U+0092><U+0096>. Reason,    #liked     #pictureÂ",False,0,,2021-01-21 10:00:05,False,,1352194248150401024,,"<a href=""http://twitter.com/download/android"" rel=""nofollow"">Twitter for Android</a>",shanthag42,30,True,False,,
161,161,162,"RT @DurgadeviAmbal1: #AariArujunan <U+2764>. #Corona time,  still  #treats  #fans well <f0><U+009F><U+0092><U+0096>. Reason,    #liked     #pictureÂ",False,0,,2021-01-21 09:32:08,False,,1352187210821378054,,"<a href=""https://mobile.twitter.com"" rel=""nofollow"">Twitter Web App</a>",Kavinbro2,30,True,False,,
162,162,163,"RT @DurgadeviAmbal1: #AariArujunan <U+2764>. #Corona time,  still  #treats  #fans well <f0><U+009F><U+0092><U+0096>. Reason,    #liked     #pictureÂ",False,0,,2021-01-21 09:31:57,False,,1352187164977577986,,"<a href=""http://twitter.com/download/android"" rel=""nofollow"">Twitter for Android</a>",misspriyatharsi,30,True,False,,
163,163,164,"RT @DurgadeviAmbal1: #AariArujunan <U+2764>. #Corona time,  still  #treats  #fans well <f0><U+009F><U+0092><U+0096>. Reason,    #liked     #pictureÂ",False,0,,2021-01-21 09:28:51,False,,1352186386300997634,,"<a href=""http://twitter.com/download/iphone"" rel=""nofollow"">Twitter for iPhone</a>",jeevathas1,30,True,False,,
164,164,165,"RT @DurgadeviAmbal1: #AariArujunan <U+2764>. #Corona time,  still  #treats  #fans well <f0><U+009F><U+0092><U+0096>. Reason,    #liked     #pictureÂ",False,0,,2021-01-21 09:25:33,False,,1352185555774148608,,"<a href=""http://twitter.com/download/android"" rel=""nofollow"">Twitter for Android</a>",Aariarujuna,30,True,False,,
165,165,166,"RT @DurgadeviAmbal1: #AariArujunan <U+2764>. #Corona time,  still  #treats  #fans well <f0><U+009F><U+0092><U+0096>. Reason,    #liked     #pictureÂ",False,0,,2021-01-21 09:18:09,False,,1352183691540238337,,"<a href=""http://twitter.com/download/android"" rel=""nofollow"">Twitter for Android</a>",Aariannamass,30,True,False,,
166,166,167,"RT @DurgadeviAmbal1: #AariArujunan <U+2764>. #Corona time,  still  #treats  #fans well <f0><U+009F><U+0092><U+0096>. Reason,    #liked     #pictureÂ",False,0,,2021-01-21 09:10:33,False,,1352181781672325120,,"<a href=""https://mobile.twitter.com"" rel=""nofollow"">Twitter Web App</a>",KettavanTwits,30,True,False,,
167,167,168,"#AariArujunan <U+2764>. #Corona time,  still  #treats  #fans well <f0><U+009F><U+0092><U+0096>. Reason,    #liked    Â https://.co/7mUoxRvEy1",False,179,,2021-01-21 09:00:22,True,,1352179216788320260,,"<a href=""https://mobile.twitter.com"" rel=""nofollow"">Twitter Web App</a>",DurgadeviAmbal1,30,False,False,,
