,,,text,favorited,favoriteCount,replyToSN,created,truncated,replyToSID,id,replyToUID,statusSource,screenName,retweetCount,isRetweet,retweeted,longitude,latitude
0,0,1,"So far #CoronaVirus worldwide <f0><U+009F><U+008C><U+008E><U+2757>
<f0><U+009F><U+0098><U+00B7>100 million infected cases 
<f0><U+009F><U+0098><U+00B7>72 million recovered 
<f0><U+009F><U+0098><U+00B7>2.1 million deaths 
<f0><U+009F><U+0098><U+00B7>110,000Â https://.co/45bynRNR4H",False,14,,2021-01-26 01:29:12,True,,1353877616013402115,,"<a href=""http://twitter.com/download/android"" rel=""nofollow"">Twitter for Android</a>",SriLankaTweet,7,False,False,,
1,1,2,"RT @infodprtsl: <f0><U+009F><U+0091><U+0089><f0><U+009F><U+0091><U+0089>Four covid-19 infection deaths  reported  Sri Lanka<f0><U+009F><U+0091><U+0088><f0><U+009F><U+0091><U+0088>
#Srilankan #Srilanka #lka #Lanka #Ceylon #DGI #Government #InÂ",False,0,,2021-01-26 01:22:17,False,,1353875877973667845,,"<a href=""https://mobile.twitter.com"" rel=""nofollow"">Twitter Web App</a>",kataclysmichaos,3,True,False,,
2,2,3,"@MoH_SriLanka says 54%  public ready  accept Covid  vaccine 

https://.co/TSDICz3mTF 

#lka #SriLankaÂ https://.co/JQkJwWVpHS",False,1,MoH_SriLanka,2021-01-26 01:15:02,True,,1353874050980982784,1.1089890769363516e+18,"<a href=""https://mobile.twitter.com"" rel=""nofollow"">Twitter Web App</a>",CeylonToday,0,False,False,,
3,3,4,"RT @infodprtsl: <f0><U+009F><U+0091><U+0089><f0><U+009F><U+0091><U+0089>Four covid-19 infection deaths  reported  Sri Lanka<f0><U+009F><U+0091><U+0088><f0><U+009F><U+0091><U+0088>
#Srilankan #Srilanka #lka #Lanka #Ceylon #DGI #Government #InÂ",False,0,,2021-01-25 18:31:29,False,,1353772495590084615,,,UCRGalle,3,True,False,,
4,4,5,"<f0><U+009F><U+0091><U+0089><f0><U+009F><U+0091><U+0089>Four covid-19 infection deaths  reported  Sri Lanka<f0><U+009F><U+0091><U+0088><f0><U+009F><U+0091><U+0088>
#Srilankan #Srilanka #lka #Lanka #Ceylon #DGIÂ https://.co/SzSAyZ6hqo",False,3,,2021-01-25 17:54:49,True,,1353763269295693827,,"<a href=""https://mobile.twitter.com"" rel=""nofollow"">Twitter Web App</a>",infodprtsl,3,False,False,,
5,5,6,"Be  COVID Warrior.Please use high quality Mask manufactured  ProbeLab India.

For  information please call +Â https://.co/2i4pQR276p",False,0,,2021-01-25 07:21:22,True,,1353603853351079941,,"<a href=""https://www.hootsuite.com"" rel=""nofollow"">Hootsuite Inc.</a>",probe_lab,0,False,False,,
6,6,7,"#SriLanka: Is The Heta Nama Lakshaya (Sixty-Nine Lakhs) Fizzling Out? 

#srilankan #Muslims #lanka #lka #COVID19Â https://.co/3plrfXe0Mx",False,0,,2021-01-25 05:34:51,True,,1353577050532012033,,"<a href=""https://mobile.twitter.com"" rel=""nofollow"">Twitter Web App</a>",Mohammed_Aashsd,0,False,False,,
7,7,8,"RT @newsdotlk: 2021.01.25-Media Report
<U+2757><U+2757><U+2757><U+2757> Today (25)  6.00  onwards
Released  isolation  newly isolated territories
#SrilankÂ",False,0,,2021-01-25 05:32:34,False,,1353576473861435394,,,UCRGalle,2,True,False,,
8,8,9,"RT @newsdotlk: <U+2666><U+FE0F><U+2666><U+FE0F> 2021-01-24 Media Report
Three deaths  Covid-19 infected   recorded yesterday (24)
#Srilankan #Srilanka #lka #Â",False,0,,2021-01-25 05:32:02,False,,1353576340495212544,,,UCRGalle,2,True,False,,
9,9,10,"Sticking  #Science Best Way  Beat Superstition, Politricks, #Corona  Communal #Viruses .

#srilanka #colomboÂ https://.co/56sibSIWXC",False,1,,2021-01-25 05:09:07,True,,1353570571615760384,,"<a href=""https://mobile.twitter.com"" rel=""nofollow"">Twitter Web App</a>",Mohammed_Aashsd,0,False,False,,
10,10,11,"<U+2666><U+FE0F><U+2666><U+FE0F> 2021-01-24 Media Report
Three deaths  Covid-19 infected   recorded yesterday (24)
#SrilankanÂ https://.co/7j8UcIVv5m",False,3,,2021-01-25 04:41:29,True,,1353563618072260610,,"<a href=""https://mobile.twitter.com"" rel=""nofollow"">Twitter Web App</a>",newsdotlk,2,False,False,,
11,11,12,"2021.01.25-Media Report
<U+2757><U+2757><U+2757><U+2757> Today (25)  6.00  onwards
Released  isolation  newly isolated territoriesÂ https://.co/yeOibZzPod",False,2,,2021-01-25 04:38:43,True,,1353562921725530117,,"<a href=""https://mobile.twitter.com"" rel=""nofollow"">Twitter Web App</a>",newsdotlk,2,False,False,,
12,12,13,"RT @infodprtsl: <f0><U+009F><U+0091><U+0089>Two covid-19 infection deaths  reported  Sri Lanka
#Srilankan #Srilanka #lka #Lanka #Ceylon #DGI #Government #InformÂ",False,0,,2021-01-25 03:11:17,False,,1353540921594413057,,"<a href=""https://mobile.twitter.com"" rel=""nofollow"">Twitter Web App</a>",senehasasaviya,3,True,False,,
13,13,14,#Corona   PM  mask.  CM  mask https://.co/P3w7FjsVZd,False,0,,2021-01-24 09:30:11,False,,1353273883806162944,,"<a href=""http://twitter.com/download/iphone"" rel=""nofollow"">Twitter for iPhone</a>",pvish49,0,False,False,,
14,14,15,"RT @infodprtsl: <f0><U+009F><U+0091><U+0089>Two covid-19 infection deaths  reported  Sri Lanka
#Srilankan #Srilanka #lka #Lanka #Ceylon #DGI #Government #InformÂ",False,0,,2021-01-24 04:31:31,False,,1353198722306502657,,,UCRGalle,3,True,False,,
15,15,16,"RT @newsradiolk: Over 100 COVID-19 cases detected  Colombo, Gampaha  Kandy districts yesterday (23rd).
-197  Colombo
-110  KÂ",False,0,,2021-01-24 04:17:20,False,,1353195154908323840,,"<a href=""http://twitter.com/download/iphone"" rel=""nofollow"">Twitter for iPhone</a>",iamshakoor,5,True,False,,
16,16,17,"Scientists  revealed  #COVID19 really looks like. 
The virus  infected nearly 100 million people, killinÂ https://.co/FjepcHJWsI",False,126,,2021-01-24 04:06:36,True,,1353192450840522752,,"<a href=""http://twitter.com/download/android"" rel=""nofollow"">Twitter for Android</a>",SriLankaTweet,45,False,False,,
17,17,18,"<f0><U+009F><U+0091><U+0089>Two covid-19 infection deaths  reported  Sri Lanka
#Srilankan #Srilanka #lka #Lanka #Ceylon #DGI #GovernmentÂ https://.co/HufrM2C8EC",False,5,,2021-01-24 03:39:51,True,,1353185722673614849,,"<a href=""https://mobile.twitter.com"" rel=""nofollow"">Twitter Web App</a>",infodprtsl,3,False,False,,
18,18,19,"RT @newsradiolk: Over 100 COVID-19 cases detected  Colombo, Gampaha  Kandy districts yesterday (23rd).
-197  Colombo
-110  KÂ",False,0,,2021-01-24 03:21:50,False,,1353181187355906048,,"<a href=""https://mobile.twitter.com"" rel=""nofollow"">Twitter Web App</a>",Lasaa_V,5,True,False,,
19,19,20,"RT @newsradiolk: Over 100 COVID-19 cases detected  Colombo, Gampaha  Kandy districts yesterday (23rd).
-197  Colombo
-110  KÂ",False,0,,2021-01-24 03:16:01,False,,1353179723719966720,,"<a href=""http://twitter.com/download/android"" rel=""nofollow"">Twitter for Android</a>",tharakasenavi,5,True,False,,
20,20,21,"RT @newsradiolk: Over 100 COVID-19 cases detected  Colombo, Gampaha  Kandy districts yesterday (23rd).
-197  Colombo
-110  KÂ",False,0,,2021-01-24 03:15:18,False,,1353179543662522369,,"<a href=""http://twitter.com/download/android"" rel=""nofollow"">Twitter for Android</a>",gopiharan,5,True,False,,
21,21,22,"Over 100 COVID-19 cases detected  Colombo, Gampaha  Kandy districts yesterday (23rd).
-197  Colombo
-110Â https://.co/L9ZtyAhzPp",False,0,,2021-01-24 02:43:53,True,,1353171634933420033,,"<a href=""https://mobile.twitter.com"" rel=""nofollow"">Twitter Web App</a>",newsradiolk,5,False,False,,
22,22,23,"After Health Minister Tested Positive, Covid #vaccine   arrive  #lka  wednesday. #Corona #LKA",False,2,,2021-01-23 08:14:53,False,,1352892547945918464,,"<a href=""http://twitter.com/download/iphone"" rel=""nofollow"">Twitter for iPhone</a>",ShamranF,0,False,False,,
23,23,24,"Health minister tested positive 
Day 1
Wait  see  much time  take cure  health minister 
#SLnews #lkaÂ https://.co/rYOPm2iF98",False,0,,2021-01-23 04:21:10,True,,1352833731199950848,,"<a href=""http://twitter.com/download/iphone"" rel=""nofollow"">Twitter for iPhone</a>",zafriahamed2,0,False,False,,
24,24,25,"RT @DurgadeviAmbal1: #AariArujunan <U+2764>. #Corona time,  still  #treats  #fans well <f0><U+009F><U+0092><U+0096>. Reason,    #liked     #pictureÂ",False,0,,2021-01-23 04:02:16,False,,1352828976008318978,,"<a href=""http://twitter.com/download/android"" rel=""nofollow"">Twitter for Android</a>",RahulDm20,28,True,False,,
25,25,26,"RT @DurgadeviAmbal1: #AariArujunan <U+2764>. #Corona time,  still  #treats  #fans well <f0><U+009F><U+0092><U+0096>. Reason,    #liked     #pictureÂ",False,0,,2021-01-22 19:59:31,False,,1352707488110567424,,"<a href=""http://twitter.com/download/iphone"" rel=""nofollow"">Twitter for iPhone</a>",Aaritrender1,28,True,False,,
26,26,27,"<U+203C><U+FE0F> HEALTH MINISTER TESTS POSITIVE <f0><U+009F><U+00A6><U+00A0><U+203C><U+FE0F>

According   BBC Sinhala service, Sri LankaÂ Health Minister Pavithra WÂ https://.co/S01S9E0Ce6",False,65,,2021-01-22 19:07:24,True,,1352694369250402305,,"<a href=""http://twitter.com/download/iphone"" rel=""nofollow"">Twitter for iPhone</a>",AthaudaDasuni,10,False,False,,
27,27,28,"@PTTVOnlineNews <U+0BAA><U+0BC1><U+0BA4><U+0BBF><U+0BAF><U+0BA4><U+0BB0><U+0BC1><U+0BA4><U+0BB2>...!! <U+0BAA><U+0BC0><U+0BA4><U+0BBF> <U+0B95><U+0BBF><U+0BB3><U+0BAA><U+0BCD><U+0BAA><U+0BBF><U+0BB5><U+0BBF><U+0B9F><U+0BC1>!!
@PrakashJavdekar  @drharshvardhan @nsitharaman @annamalai_k Â https://.co/3UR47OtaWJ",False,1,PTTVOnlineNews,2021-01-22 17:44:54,True,1.3526713553054843e+18,1352673607047016448,622872390.0,"<a href=""http://twitter.com/download/android"" rel=""nofollow"">Twitter for Android</a>",Raj_Fuhrer59,0,False,False,,
28,28,29,"RT @Kodungolan737: While  one  predict   wl get #Corona,   something dicey  #Sasikala' plight. Particularly  ligÂ",False,0,,2021-01-22 17:37:25,False,,1352671727608754178,,"<a href=""http://twitter.com/download/android"" rel=""nofollow"">Twitter for Android</a>",26rose1,24,True,False,,
29,29,30,"RT @infodprtsl: <f0><U+009F><U+0091><U+0089>438 Covid-19 patients  reported
#Srilankan #Srilanka #lka #Lanka #Ceylon #DGI #Government #Information #Department #NeÂ",False,0,,2021-01-22 17:33:07,False,,1352670645386149889,,,UCRGalle,2,True,False,,
30,30,31,"RT @infodprtsl: <f0><U+009F><U+0091><U+0089>Two covid-19 infection deaths  reported  Sri Lanka
#Srilankan #Srilanka #lka #Lanka #Ceylon #DGI #Government #InformÂ",False,0,,2021-01-22 17:32:36,False,,1352670511764021251,,,UCRGalle,2,True,False,,
31,31,32,"RT @Newshub_lk: ÂI  assaulted  Dhammika Bandara, demanded  ransom  &amp; forced  eat   phoneÂ Â Dentist (Video) https://.co/wÂ",False,0,,2021-01-22 16:49:00,False,,1352659540777594883,,"<a href=""http://twitter.com/download/iphone"" rel=""nofollow"">Twitter for iPhone</a>",riseup_sl,12,True,False,,
32,32,33,"<f0><U+009F><U+0091><U+0089>Two covid-19 infection deaths  reported  Sri Lanka
#Srilankan #Srilanka #lka #Lanka #Ceylon #DGI #GovernmentÂ https://.co/koRHur76Cu",False,3,,2021-01-22 16:35:35,True,,1352656166589968386,,"<a href=""https://mobile.twitter.com"" rel=""nofollow"">Twitter Web App</a>",infodprtsl,2,False,False,,
33,33,34,"<f0><U+009F><U+0091><U+0089>438 Covid-19 patients  reported
#Srilankan #Srilanka #lka #Lanka #Ceylon #DGI #Government #InformationÂ https://.co/bsPDrgjsvO",False,4,,2021-01-22 16:34:54,True,,1352655994514526215,,"<a href=""https://mobile.twitter.com"" rel=""nofollow"">Twitter Web App</a>",infodprtsl,2,False,False,,
34,34,35,"RT @DurgadeviAmbal1: #AariArujunan <U+2764>. #Corona time,  still  #treats  #fans well <f0><U+009F><U+0092><U+0096>. Reason,    #liked     #pictureÂ",False,0,,2021-01-22 16:10:14,False,,1352649786738892801,,"<a href=""https://mobile.twitter.com"" rel=""nofollow"">Twitter Web App</a>",SrideviVeerase1,28,True,False,,
35,35,36,"RT @Newshub_lk: ÂI  assaulted  Dhammika Bandara, demanded  ransom  &amp; forced  eat   phoneÂ Â Dentist (Video) https://.co/wÂ",False,0,,2021-01-22 15:26:02,False,,1352638663189028867,,"<a href=""http://twitter.com/download/iphone"" rel=""nofollow"">Twitter for iPhone</a>",SriLanka,12,True,False,,
36,36,37,"RT @infodprtsl: <f0><U+009F><U+0091><U+0089>346 Covid-19 patients  reported
#Srilankan #Srilanka #lka #Lanka #Ceylon #DGI #Government #Information #Department #NeÂ",False,0,,2021-01-22 14:31:01,False,,1352624815748874240,,,UCRGalle,2,True,False,,
37,37,38,"RT @Kodungolan737: While  one  predict   wl get #Corona,   something dicey  #Sasikala' plight. Particularly  ligÂ",False,0,,2021-01-22 14:25:12,False,,1352623353769684992,,"<a href=""http://twitter.com/download/android"" rel=""nofollow"">Twitter for Android</a>",VinodSajeev,24,True,False,,
38,38,39,"<f0><U+009F><U+0091><U+0089>346 Covid-19 patients  reported
#Srilankan #Srilanka #lka #Lanka #Ceylon #DGI #Government #InformationÂ https://.co/ntUZaG82dC",False,3,,2021-01-22 13:45:16,True,,1352613301818175490,,"<a href=""https://mobile.twitter.com"" rel=""nofollow"">Twitter Web App</a>",infodprtsl,2,False,False,,
39,39,40,"RT @Kodungolan737: While  one  predict   wl get #Corona,   something dicey  #Sasikala' plight. Particularly  ligÂ",False,0,,2021-01-22 10:53:38,False,,1352570109907374082,,"<a href=""https://mobile.twitter.com"" rel=""nofollow"">Twitter Web App</a>",SunjayJK,24,True,False,,
40,40,41,"RT @Newshub_lk: ÂI  assaulted  Dhammika Bandara, demanded  ransom  &amp; forced  eat   phoneÂ Â Dentist (Video) https://.co/wÂ",False,0,,2021-01-22 10:48:10,False,,1352568732758007808,,"<a href=""https://mobile.twitter.com"" rel=""nofollow"">Twitter Web App</a>",Lasaa_V,12,True,False,,
41,41,42,"RT @Newshub_lk: ÂI  assaulted  Dhammika Bandara, demanded  ransom  &amp; forced  eat   phoneÂ Â Dentist (Video) https://.co/wÂ",False,0,,2021-01-22 10:27:02,False,,1352563417069060097,,"<a href=""http://twitter.com/download/android"" rel=""nofollow"">Twitter for Android</a>",vg123e,12,True,False,,
42,42,43,"RT @DurgadeviAmbal1: #AariArujunan <U+2764>. #Corona time,  still  #treats  #fans well <f0><U+009F><U+0092><U+0096>. Reason,    #liked     #pictureÂ",False,0,,2021-01-22 09:58:47,False,,1352556307220361216,,"<a href=""http://twitter.com/download/android"" rel=""nofollow"">Twitter for Android</a>",kajal5550,28,True,False,,
43,43,44,"RT @Kodungolan737: While  one  predict   wl get #Corona,   something dicey  #Sasikala' plight. Particularly  ligÂ",False,0,,2021-01-22 09:32:29,False,,1352549686578565120,,"<a href=""http://twitter.com/download/android"" rel=""nofollow"">Twitter for Android</a>",NageshraoH,24,True,False,,
44,44,45,"RT @Kodungolan737: While  one  predict   wl get #Corona,   something dicey  #Sasikala' plight. Particularly  ligÂ",False,0,,2021-01-22 09:30:04,False,,1352549079591628801,,"<a href=""http://twitter.com/download/android"" rel=""nofollow"">Twitter for Android</a>",masterofhind,24,True,False,,
45,45,46,"RT @Newshub_lk: ÂI  assaulted  Dhammika Bandara, demanded  ransom  &amp; forced  eat   phoneÂ Â Dentist (Video) https://.co/wÂ",False,0,,2021-01-22 08:58:02,False,,1352541018349047808,,"<a href=""http://twitter.com/download/android"" rel=""nofollow"">Twitter for Android</a>",Maximuslk,12,True,False,,
46,46,47,"RT @Kodungolan737: While  one  predict   wl get #Corona,   something dicey  #Sasikala' plight. Particularly  ligÂ",False,0,,2021-01-22 08:54:21,False,,1352540093345538049,,"<a href=""http://twitter.com/download/android"" rel=""nofollow"">Twitter for Android</a>",naanthannaan,24,True,False,,
47,47,48,"RT @Newshub_lk: ÂI  assaulted  Dhammika Bandara, demanded  ransom  &amp; forced  eat   phoneÂ Â Dentist (Video) https://.co/wÂ",False,0,,2021-01-22 08:11:56,False,,1352529415201144836,,"<a href=""http://twitter.com/download/android"" rel=""nofollow"">Twitter for Android</a>",NishiTwt,12,True,False,,
48,48,49,"RT @Newshub_lk: ÂI  assaulted  Dhammika Bandara, demanded  ransom  &amp; forced  eat   phoneÂ Â Dentist (Video) https://.co/wÂ",False,0,,2021-01-22 08:02:38,False,,1352527075450753024,,"<a href=""https://mobile.twitter.com"" rel=""nofollow"">Twitter Web App</a>",indika27,12,True,False,,
49,49,50,"RT @Newshub_lk: ÂI  assaulted  Dhammika Bandara, demanded  ransom  &amp; forced  eat   phoneÂ Â Dentist (Video) https://.co/wÂ",False,0,,2021-01-22 07:54:40,False,,1352525071047393281,,"<a href=""http://twitter.com/download/iphone"" rel=""nofollow"">Twitter for iPhone</a>",laka_puit,12,True,False,,
50,50,51,"RT @Kodungolan737: While  one  predict   wl get #Corona,   something dicey  #Sasikala' plight. Particularly  ligÂ",False,0,,2021-01-22 07:51:42,False,,1352524325027524610,,"<a href=""http://twitter.com/download/android"" rel=""nofollow"">Twitter for Android</a>",a_arunprasath,24,True,False,,
51,51,52,"RT @Newshub_lk: ÂI  assaulted  Dhammika Bandara, demanded  ransom  &amp; forced  eat   phoneÂ Â Dentist (Video) https://.co/wÂ",False,0,,2021-01-22 07:50:23,False,,1352523992603701249,,"<a href=""http://twitter.com/download/android"" rel=""nofollow"">Twitter for Android</a>",TennakoonAruna,12,True,False,,
52,52,53,"RT @Kodungolan737: While  one  predict   wl get #Corona,   something dicey  #Sasikala' plight. Particularly  ligÂ",False,0,,2021-01-22 07:46:49,False,,1352523098092785665,,"<a href=""http://twitter.com/download/android"" rel=""nofollow"">Twitter for Android</a>",Sathyavlpm,24,True,False,,
53,53,54,"RT @Newshub_lk: ÂI  assaulted  Dhammika Bandara, demanded  ransom  &amp; forced  eat   phoneÂ Â Dentist (Video) https://.co/wÂ",False,0,,2021-01-22 07:27:44,False,,1352518295379795970,,"<a href=""http://twitter.com/download/android"" rel=""nofollow"">Twitter for Android</a>",dhananjaya81,12,True,False,,
54,54,55,"ÂI  assaulted  Dhammika Bandara, demanded  ransom  &amp; forced  eat   phoneÂ Â Dentist (Video)Â https://.co/vtJYmCFf9x",False,36,,2021-01-22 07:16:18,True,,1352515415726026752,,"<a href=""https://mobile.twitter.com"" rel=""nofollow"">Twitter Web App</a>",Newshub_lk,12,False,False,,
55,55,56,#Trump #administration   #strategy  #Corona https://.co/2lSbkNdwQm,False,0,,2021-01-22 06:31:35,False,,1352504165105360896,,"<a href=""https://mobile.twitter.com"" rel=""nofollow"">Twitter Web App</a>",adole53654229,0,False,False,,
56,56,57,"RT @Kodungolan737: While  one  predict   wl get #Corona,   something dicey  #Sasikala' plight. Particularly  ligÂ",False,0,,2021-01-22 06:26:23,False,,1352502854762651650,,"<a href=""http://twitter.com/download/android"" rel=""nofollow"">Twitter for Android</a>",Dr_Strange_PhD,24,True,False,,
57,57,58,"RT @Kodungolan737: While  one  predict   wl get #Corona,   something dicey  #Sasikala' plight. Particularly  ligÂ",False,0,,2021-01-22 06:22:57,False,,1352501992480890881,,"<a href=""http://twitter.com/download/android"" rel=""nofollow"">Twitter for Android</a>",KUMARAN1573,24,True,False,,
58,58,59,"RT @Kodungolan737: While  one  predict   wl get #Corona,   something dicey  #Sasikala' plight. Particularly  ligÂ",False,0,,2021-01-22 05:55:06,False,,1352494983547408385,,"<a href=""http://twitter.com/download/iphone"" rel=""nofollow"">Twitter for iPhone</a>",RichardJonatha,24,True,False,,
59,59,60,"RT @Kodungolan737: While  one  predict   wl get #Corona,   something dicey  #Sasikala' plight. Particularly  ligÂ",False,0,,2021-01-22 05:41:43,False,,1352491614577381378,,"<a href=""http://twitter.com/download/iphone"" rel=""nofollow"">Twitter for iPhone</a>",aasishalex,24,True,False,,
60,60,61,"RT @Kodungolan737: While  one  predict   wl get #Corona,   something dicey  #Sasikala' plight. Particularly  ligÂ",False,0,,2021-01-22 05:39:04,False,,1352490945657319424,,"<a href=""https://mobile.twitter.com"" rel=""nofollow"">Twitter Web App</a>",Tamil1947,24,True,False,,
61,61,62,"RT @Kodungolan737: While  one  predict   wl get #Corona,   something dicey  #Sasikala' plight. Particularly  ligÂ",False,0,,2021-01-22 05:36:36,False,,1352490324556345346,,"<a href=""http://twitter.com/download/android"" rel=""nofollow"">Twitter for Android</a>",oops200711,24,True,False,,
62,62,63,"RT @Kodungolan737: While  one  predict   wl get #Corona,   something dicey  #Sasikala' plight. Particularly  ligÂ",False,0,,2021-01-22 05:28:14,False,,1352488221205262339,,"<a href=""http://twitter.com/download/android"" rel=""nofollow"">Twitter for Android</a>",KishanThar,24,True,False,,
63,63,64,"RT @Kodungolan737: While  one  predict   wl get #Corona,   something dicey  #Sasikala' plight. Particularly  ligÂ",False,0,,2021-01-22 05:19:45,False,,1352486087487176707,,"<a href=""http://twitter.com/download/android"" rel=""nofollow"">Twitter for Android</a>",Toknow86969453,24,True,False,,
64,64,65,"RT @Kodungolan737: While  one  predict   wl get #Corona,   something dicey  #Sasikala' plight. Particularly  ligÂ",False,0,,2021-01-22 05:17:03,False,,1352485405543649282,,"<a href=""https://mobile.twitter.com"" rel=""nofollow"">Twitter Web App</a>",Swami20946629,24,True,False,,
65,65,66,"RT @Kodungolan737: While  one  predict   wl get #Corona,   something dicey  #Sasikala' plight. Particularly  ligÂ",False,0,,2021-01-22 05:13:32,False,,1352484520671408129,,"<a href=""http://twitter.com/download/iphone"" rel=""nofollow"">Twitter for iPhone</a>",AjasLily,24,True,False,,
66,66,67,"RT @Kodungolan737: While  one  predict   wl get #Corona,   something dicey  #Sasikala' plight. Particularly  ligÂ",False,0,,2021-01-22 04:41:16,False,,1352476402856194050,,"<a href=""https://mobile.twitter.com"" rel=""nofollow"">Twitter Web App</a>",SubratK82634557,24,True,False,,
67,67,68,"RT @Kodungolan737: While  one  predict   wl get #Corona,   something dicey  #Sasikala' plight. Particularly  ligÂ",False,0,,2021-01-22 04:35:55,False,,1352475056262287360,,"<a href=""http://twitter.com/download/iphone"" rel=""nofollow"">Twitter for iPhone</a>",esk_imho,24,True,False,,
68,68,69,"RT @Kodungolan737: While  one  predict   wl get #Corona,   something dicey  #Sasikala' plight. Particularly  ligÂ",False,0,,2021-01-22 04:34:17,False,,1352474641982513155,,"<a href=""https://mobile.twitter.com"" rel=""nofollow"">Twitter Web App</a>",kayan2727,24,True,False,,
69,69,70,"RT @Kodungolan737: While  one  predict   wl get #Corona,   something dicey  #Sasikala' plight. Particularly  ligÂ",False,0,,2021-01-22 04:27:11,False,,1352472859080355841,,"<a href=""http://twitter.com/download/android"" rel=""nofollow"">Twitter for Android</a>",kajarajA81,24,True,False,,
70,70,71,"RT @Kodungolan737: While  one  predict   wl get #Corona,   something dicey  #Sasikala' plight. Particularly  ligÂ",False,0,,2021-01-22 04:26:06,False,,1352472584214876160,,"<a href=""http://twitter.com/download/android"" rel=""nofollow"">Twitter for Android</a>",dselvakumar9,24,True,False,,
71,71,72,"While  one  predict   wl get #Corona,   something dicey  #Sasikala' plight. Particularly Â https://.co/4t1LeY0H6q",False,84,,2021-01-22 04:25:25,True,,1352472412139339776,,"<a href=""http://twitter.com/download/android"" rel=""nofollow"">Twitter for Android</a>",Kodungolan737,24,False,False,,
72,72,73,"RT @DurgadeviAmbal1: #AariArujunan <U+2764>. #Corona time,  still  #treats  #fans well <f0><U+009F><U+0092><U+0096>. Reason,    #liked     #pictureÂ",False,0,,2021-01-22 02:04:32,False,,1352436957347868672,,"<a href=""http://twitter.com/download/android"" rel=""nofollow"">Twitter for Android</a>",ArunKum17728298,28,True,False,,
73,73,74,"RT @DurgadeviAmbal1: #AariArujunan <U+2764>. #Corona time,  still  #treats  #fans well <f0><U+009F><U+0092><U+0096>. Reason,    #liked     #pictureÂ",False,0,,2021-01-21 16:23:12,False,,1352290662066999299,,"<a href=""http://twitter.com/download/android"" rel=""nofollow"">Twitter for Android</a>",Amuthan45795928,28,True,False,,
74,74,75,"RT @DurgadeviAmbal1: #AariArujunan <U+2764>. #Corona time,  still  #treats  #fans well <f0><U+009F><U+0092><U+0096>. Reason,    #liked     #pictureÂ",False,0,,2021-01-21 15:01:23,False,,1352270071561936897,,"<a href=""https://mobile.twitter.com"" rel=""nofollow"">Twitter Web App</a>",NarumalarG,28,True,False,,
75,75,76,"RT @DurgadeviAmbal1: #AariArujunan <U+2764>. #Corona time,  still  #treats  #fans well <f0><U+009F><U+0092><U+0096>. Reason,    #liked     #pictureÂ",False,0,,2021-01-21 13:45:32,False,,1352250980809641985,,"<a href=""http://twitter.com/download/android"" rel=""nofollow"">Twitter for Android</a>",aarii_fever,28,True,False,,
76,76,77,"ADMK leader Sasikala diagnosed  SARI, shifted  jail ward  Victoria hospital

Doctors said   tested RTÂ https://.co/QuXz2DKc2W",False,0,,2021-01-21 13:25:11,True,,1352245862177509378,,"<a href=""https://mobile.twitter.com"" rel=""nofollow"">Twitter Web App</a>",soundarc2001,0,False,False,,
77,77,78,"RT @DurgadeviAmbal1: #AariArujunan <U+2764>. #Corona time,  still  #treats  #fans well <f0><U+009F><U+0092><U+0096>. Reason,    #liked     #pictureÂ",False,0,,2021-01-21 13:02:09,False,,1352240062981804035,,"<a href=""http://twitter.com/download/android"" rel=""nofollow"">Twitter for Android</a>",NarmadhaDevi16,28,True,False,,
78,78,79,"""Drive Through Prize Giving"", 
  concept!
Drive Through prize giving  Musaeus College.
#SriLankaÂ https://.co/Ayc625It5T",False,2,,2021-01-21 12:51:09,True,,1352237296846856192,,"<a href=""https://mobile.twitter.com"" rel=""nofollow"">Twitter Web App</a>",SamanthaLive365,0,False,False,,
79,79,80,"RT @DurgadeviAmbal1: #AariArujunan <U+2764>. #Corona time,  still  #treats  #fans well <f0><U+009F><U+0092><U+0096>. Reason,    #liked     #pictureÂ",False,0,,2021-01-21 12:40:29,False,,1352234612836061186,,"<a href=""http://twitter.com/download/android"" rel=""nofollow"">Twitter for Android</a>",Sabastiansaba06,28,True,False,,
80,80,81,"RT @DurgadeviAmbal1: #AariArujunan <U+2764>. #Corona time,  still  #treats  #fans well <f0><U+009F><U+0092><U+0096>. Reason,    #liked     #pictureÂ",False,0,,2021-01-21 12:22:26,False,,1352230067829542917,,"<a href=""http://twitter.com/download/android"" rel=""nofollow"">Twitter for Android</a>",billakarthick1,28,True,False,,
81,81,82,"RT @newsradiolk: 770 COVID-19 cases detected yesterday (20th);
-270  Colombo
-80  Gampaha
-56   Matara  Galle
-54  KÂ",False,0,,2021-01-21 12:03:13,False,,1352225233072173057,,"<a href=""http://twitter.com/download/android"" rel=""nofollow"">Twitter for Android</a>",2Hamdhi,5,True,False,,
82,82,83,"RT @DurgadeviAmbal1: #AariArujunan <U+2764>. #Corona time,  still  #treats  #fans well <f0><U+009F><U+0092><U+0096>. Reason,    #liked     #pictureÂ",False,0,,2021-01-21 11:07:44,False,,1352211271588868101,,"<a href=""http://twitter.com/download/android"" rel=""nofollow"">Twitter for Android</a>",ProtoAntagonist,28,True,False,,
83,83,84,"RT @DurgadeviAmbal1: #AariArujunan <U+2764>. #Corona time,  still  #treats  #fans well <f0><U+009F><U+0092><U+0096>. Reason,    #liked     #pictureÂ",False,0,,2021-01-21 10:59:01,False,,1352209077879750656,,"<a href=""http://twitter.com/download/android"" rel=""nofollow"">Twitter for Android</a>",Swethajeni1,28,True,False,,
84,84,85,"RT @DurgadeviAmbal1: #AariArujunan <U+2764>. #Corona time,  still  #treats  #fans well <f0><U+009F><U+0092><U+0096>. Reason,    #liked     #pictureÂ",False,0,,2021-01-21 10:29:13,False,,1352201579479265282,,"<a href=""http://twitter.com/download/android"" rel=""nofollow"">Twitter for Android</a>",Raghu07925077,28,True,False,,
85,85,86,"RT @DurgadeviAmbal1: #AariArujunan <U+2764>. #Corona time,  still  #treats  #fans well <f0><U+009F><U+0092><U+0096>. Reason,    #liked     #pictureÂ",False,0,,2021-01-21 10:29:12,False,,1352201574483976193,,"<a href=""http://twitter.com/download/iphone"" rel=""nofollow"">Twitter for iPhone</a>",halith4m,28,True,False,,
86,86,87,"RT @DurgadeviAmbal1: #AariArujunan <U+2764>. #Corona time,  still  #treats  #fans well <f0><U+009F><U+0092><U+0096>. Reason,    #liked     #pictureÂ",False,0,,2021-01-21 10:19:50,False,,1352199218203566081,,"<a href=""http://twitter.com/download/android"" rel=""nofollow"">Twitter for Android</a>",JewelAyi,28,True,False,,
87,87,88,"RT @DurgadeviAmbal1: #AariArujunan <U+2764>. #Corona time,  still  #treats  #fans well <f0><U+009F><U+0092><U+0096>. Reason,    #liked     #pictureÂ",False,0,,2021-01-21 10:18:17,False,,1352198825268527108,,"<a href=""http://twitter.com/download/android"" rel=""nofollow"">Twitter for Android</a>",AceRainbo,28,True,False,,
88,88,89,"RT @DurgadeviAmbal1: #AariArujunan <U+2764>. #Corona time,  still  #treats  #fans well <f0><U+009F><U+0092><U+0096>. Reason,    #liked     #pictureÂ",False,0,,2021-01-21 10:15:11,False,,1352198044733698051,,"<a href=""http://twitter.com/download/android"" rel=""nofollow"">Twitter for Android</a>",mahima_vj,28,True,False,,
89,89,90,"RT @DurgadeviAmbal1: #AariArujunan <U+2764>. #Corona time,  still  #treats  #fans well <f0><U+009F><U+0092><U+0096>. Reason,    #liked     #pictureÂ",False,0,,2021-01-21 10:14:44,False,,1352197932024385536,,"<a href=""http://twitter.com/download/android"" rel=""nofollow"">Twitter for Android</a>",VijayFansForts,28,True,False,,
90,90,91,"RT @DurgadeviAmbal1: #AariArujunan <U+2764>. #Corona time,  still  #treats  #fans well <f0><U+009F><U+0092><U+0096>. Reason,    #liked     #pictureÂ",False,0,,2021-01-21 10:07:19,False,,1352196067509506049,,"<a href=""http://twitter.com/download/android"" rel=""nofollow"">Twitter for Android</a>",VdKI6wAp9Y4H86z,28,True,False,,
91,91,92,"RT @DurgadeviAmbal1: #AariArujunan <U+2764>. #Corona time,  still  #treats  #fans well <f0><U+009F><U+0092><U+0096>. Reason,    #liked     #pictureÂ",False,0,,2021-01-21 10:05:05,False,,1352195505485275138,,"<a href=""https://mobile.twitter.com"" rel=""nofollow"">Twitter Web App</a>",MaheshKumarY5,28,True,False,,
92,92,93,"RT @DurgadeviAmbal1: #AariArujunan <U+2764>. #Corona time,  still  #treats  #fans well <f0><U+009F><U+0092><U+0096>. Reason,    #liked     #pictureÂ",False,0,,2021-01-21 09:32:08,False,,1352187210821378054,,"<a href=""https://mobile.twitter.com"" rel=""nofollow"">Twitter Web App</a>",Kavinbro2,28,True,False,,
93,93,94,"RT @DurgadeviAmbal1: #AariArujunan <U+2764>. #Corona time,  still  #treats  #fans well <f0><U+009F><U+0092><U+0096>. Reason,    #liked     #pictureÂ",False,0,,2021-01-21 09:31:57,False,,1352187164977577986,,"<a href=""http://twitter.com/download/android"" rel=""nofollow"">Twitter for Android</a>",misspriyatharsi,28,True,False,,
94,94,95,"RT @DurgadeviAmbal1: #AariArujunan <U+2764>. #Corona time,  still  #treats  #fans well <f0><U+009F><U+0092><U+0096>. Reason,    #liked     #pictureÂ",False,0,,2021-01-21 09:28:51,False,,1352186386300997634,,"<a href=""http://twitter.com/download/iphone"" rel=""nofollow"">Twitter for iPhone</a>",jeevathas1,28,True,False,,
95,95,96,"RT @DurgadeviAmbal1: #AariArujunan <U+2764>. #Corona time,  still  #treats  #fans well <f0><U+009F><U+0092><U+0096>. Reason,    #liked     #pictureÂ",False,0,,2021-01-21 09:25:33,False,,1352185555774148608,,"<a href=""http://twitter.com/download/android"" rel=""nofollow"">Twitter for Android</a>",Aariarujuna,28,True,False,,
96,96,97,"RT @DurgadeviAmbal1: #AariArujunan <U+2764>. #Corona time,  still  #treats  #fans well <f0><U+009F><U+0092><U+0096>. Reason,    #liked     #pictureÂ",False,0,,2021-01-21 09:18:09,False,,1352183691540238337,,"<a href=""http://twitter.com/download/android"" rel=""nofollow"">Twitter for Android</a>",Aariannamass,28,True,False,,
97,97,98,"RT @DurgadeviAmbal1: #AariArujunan <U+2764>. #Corona time,  still  #treats  #fans well <f0><U+009F><U+0092><U+0096>. Reason,    #liked     #pictureÂ",False,0,,2021-01-21 09:10:33,False,,1352181781672325120,,"<a href=""https://mobile.twitter.com"" rel=""nofollow"">Twitter Web App</a>",KettavanTwits,28,True,False,,
98,98,99,"#AariArujunan <U+2764>. #Corona time,  still  #treats  #fans well <f0><U+009F><U+0092><U+0096>. Reason,    #liked    Â https://.co/7mUoxRvEy1",False,175,,2021-01-21 09:00:22,True,,1352179216788320260,,"<a href=""https://mobile.twitter.com"" rel=""nofollow"">Twitter Web App</a>",DurgadeviAmbal1,28,False,False,,
99,99,100,"RT @newsradiolk: 770 COVID-19 cases detected yesterday (20th);
-270  Colombo
-80  Gampaha
-56   Matara  Galle
-54  KÂ",False,0,,2021-01-21 04:14:40,False,,1352107319442563073,,"<a href=""http://twitter.com/download/android"" rel=""nofollow"">Twitter for Android</a>",Rafih369,5,True,False,,
100,100,101,"RT @newsradiolk: 770 COVID-19 cases detected yesterday (20th);
-270  Colombo
-80  Gampaha
-56   Matara  Galle
-54  KÂ",False,0,,2021-01-21 03:56:47,False,,1352102820351254528,,"<a href=""http://twitter.com/download/iphone"" rel=""nofollow"">Twitter for iPhone</a>",iamshakoor,5,True,False,,
101,101,102,"RT @newsradiolk: 770 COVID-19 cases detected yesterday (20th);
-270  Colombo
-80  Gampaha
-56   Matara  Galle
-54  KÂ",False,0,,2021-01-21 03:48:45,False,,1352100798365270017,,"<a href=""http://twitter.com/download/android"" rel=""nofollow"">Twitter for Android</a>",gopiharan,5,True,False,,
102,102,103,"RT @newsradiolk: 770 COVID-19 cases detected yesterday (20th);
-270  Colombo
-80  Gampaha
-56   Matara  Galle
-54  KÂ",False,0,,2021-01-21 03:36:00,False,,1352097589718614018,,"<a href=""https://mobile.twitter.com"" rel=""nofollow"">Twitter Web App</a>",Lasaa_V,5,True,False,,
103,103,104,"770 COVID-19 cases detected yesterday (20th);
-270  Colombo
-80  Gampaha
-56   Matara  Galle
-54Â https://.co/NL7HvNtPgW",False,2,,2021-01-21 03:34:52,True,,1352097305013477378,,"<a href=""https://mobile.twitter.com"" rel=""nofollow"">Twitter Web App</a>",newsradiolk,5,False,False,,
104,104,105,"#DefeatAntiFarmerLaws 

For #EIA  got #Corona.
For #FarmersBill    hearing opinion  #States  Â https://.co/AFpRiD2DY9",False,2,,2021-01-21 01:01:11,True,,1352058627683545088,,"<a href=""http://twitter.com/download/android"" rel=""nofollow"">Twitter for Android</a>",gopi_samsan,5,False,False,,
105,105,106,"RT @cs_disola: Dear @nsitharaman '
The business   suffered setbacks due  #Lockdown  #Corona   asking  freebies Â",False,0,,2021-01-20 17:25:42,False,,1351944002799484929,,"<a href=""http://twitter.com/download/android"" rel=""nofollow"">Twitter for Android</a>",Gauravcs1989,13,True,False,,
106,106,107,"RT @cs_disola: Dear @nsitharaman '
The business   suffered setbacks due  #Lockdown  #Corona   asking  freebies Â",False,0,,2021-01-20 16:18:20,False,,1351927046029537282,,"<a href=""http://twitter.com/download/android"" rel=""nofollow"">Twitter for Android</a>",vivekzpa,13,True,False,,
107,107,108,"RT @cs_disola: Dear @nsitharaman '
The business   suffered setbacks due  #Lockdown  #Corona   asking  freebies Â",False,0,,2021-01-20 15:47:31,False,,1351919292120326145,,"<a href=""http://twitter.com/download/android"" rel=""nofollow"">Twitter for Android</a>",Senthil07328965,13,True,False,,
108,108,109,"RT @cs_disola: Dear @nsitharaman '
The business   suffered setbacks due  #Lockdown  #Corona   asking  freebies Â",False,0,,2021-01-20 10:35:34,False,,1351840789467262981,,"<a href=""https://mobile.twitter.com"" rel=""nofollow"">Twitter Web App</a>",HemantC08266292,13,True,False,,
109,109,110,"Me  already     problems: *<f0><U+009F><U+0099><U+0083>*

#coronavirus #Corona #LongTermEffects https://.co/mSofif0MHU",False,0,,2021-01-20 10:01:48,False,,1351832289852866561,,"<a href=""http://twitter.com/download/android"" rel=""nofollow"">Twitter for Android</a>",MadhunikaaR,0,False,False,,
110,110,111,"RT @cs_disola: Dear @nsitharaman '
The business   suffered setbacks due  #Lockdown  #Corona   asking  freebies Â",False,0,,2021-01-20 07:49:37,False,,1351799026736222208,,"<a href=""http://twitter.com/download/android"" rel=""nofollow"">Twitter for Android</a>",CSTTR07,13,True,False,,
111,111,112,"RT @cs_disola: Dear @nsitharaman '
The business   suffered setbacks due  #Lockdown  #Corona   asking  freebies Â",False,0,,2021-01-20 07:29:00,False,,1351793835135782913,,"<a href=""http://twitter.com/download/iphone"" rel=""nofollow"">Twitter for iPhone</a>",spanchal05,13,True,False,,
112,112,113,"RT @cs_disola: Dear @nsitharaman '
The business   suffered setbacks due  #Lockdown  #Corona   asking  freebies Â",False,0,,2021-01-20 06:59:34,False,,1351786431568519171,,"<a href=""http://twitter.com/download/android"" rel=""nofollow"">Twitter for Android</a>",cs_disola,13,True,False,,
113,113,114,"RT @cs_disola: Dear @nsitharaman '
The business   suffered setbacks due  #Lockdown  #Corona   asking  freebies Â",False,0,,2021-01-20 06:50:01,False,,1351784028148441090,,"<a href=""http://twitter.com/download/android"" rel=""nofollow"">Twitter for Android</a>",SomaniMilan,13,True,False,,
114,114,115,"RT @cs_disola: Dear @nsitharaman '
The business   suffered setbacks due  #Lockdown  #Corona   asking  freebies Â",False,0,,2021-01-20 06:49:10,False,,1351783813677019136,,"<a href=""http://twitter.com/download/android"" rel=""nofollow"">Twitter for Android</a>",Prerna10347427,13,True,False,,
115,115,116,"RT @cs_disola: Dear @nsitharaman '
The business   suffered setbacks due  #Lockdown  #Corona   asking  freebies Â",False,0,,2021-01-20 06:42:41,False,,1351782179999633409,,"<a href=""https://mobile.twitter.com"" rel=""nofollow"">Twitter Web App</a>",CS_Vir_Sanghavi,13,True,False,,
116,116,117,"RT @cs_disola: Dear @nsitharaman '
The business   suffered setbacks due  #Lockdown  #Corona   asking  freebies Â",False,0,,2021-01-20 06:36:52,False,,1351780715529031682,,"<a href=""http://twitter.com/download/android"" rel=""nofollow"">Twitter for Android</a>",Jaspree89108198,13,True,False,,
117,117,118,"RT @cs_disola: Dear @nsitharaman '
The business   suffered setbacks due  #Lockdown  #Corona   asking  freebies Â",False,0,,2021-01-20 06:33:08,False,,1351779778651586560,,"<a href=""http://twitter.com/download/android"" rel=""nofollow"">Twitter for Android</a>",Juirg,13,True,False,,
118,118,119,"Dear @nsitharaman '
The business   suffered setbacks due  #Lockdown  #Corona   asking  frÂ https://.co/Z6DqhLvU75",False,3,,2021-01-20 06:29:47,True,,1351778932991803392,,"<a href=""http://twitter.com/download/android"" rel=""nofollow"">Twitter for Android</a>",cs_disola,13,False,False,,
119,119,120,"What would  call  Rambuttan ?
#corona ?
Bloody losers https://.co/1GoXRnYfT2",False,3,,2021-01-19 21:28:59,False,,1351642837364797440,,"<a href=""http://twitter.com/download/android"" rel=""nofollow"">Twitter for Android</a>",munnarboy,1,False,False,,
120,120,121,"Hate staying  home. I   person   living   Outer World (Trips, Classes, etc...). But,  I  Â https://.co/AZUQlzP1Lr",False,0,,2021-01-19 10:25:22,True,,1351475834431840256,,"<a href=""https://mobile.twitter.com"" rel=""nofollow"">Twitter Web App</a>",CalderaGeethaka,0,False,False,,
121,121,122,In  village  think  infected  COVID-19  I wear  mask. #COVID19 #Corona #coronavirus,False,3,,2021-01-19 03:57:55,False,,1351378330130366465,,"<a href=""http://twitter.com/download/android"" rel=""nofollow"">Twitter for Android</a>",raghulanrcs,0,False,False,,
122,122,123,"RT @CeylonToday: Two  staffers   hotel  Galle test positive  COVID-19

https://.co/599VsaXaHJ 

#lka #SriLanka #ENGvSL #GalleÂ",False,0,,2021-01-18 16:34:38,False,,1351206375192469508,,"<a href=""https://mobile.twitter.com"" rel=""nofollow"">Twitter Web App</a>",Lasaa_V,2,True,False,,
123,123,124,"After sitting  home  many Mondays  lockdown  restrictions  ,  Monday, Today,  I  calling  Blu MÂ https://.co/B0Fq7vfOqs",False,0,,2021-01-18 13:40:06,True,,1351162450180243459,,"<a href=""http://twitter.com/download/android"" rel=""nofollow"">Twitter for Android</a>",knobzy,0,False,False,,
124,124,125,"How India  led  fight  #Corona pandemic!

Working  PM Modi' mantra  proactive  effective 'tracÂ https://.co/UbDTAjHmau",False,0,,2021-01-18 11:29:34,True,,1351129602228445184,,"<a href=""https://mobile.twitter.com"" rel=""nofollow"">Twitter Web App</a>",Subhahar3,0,False,False,,
125,125,126,"How India  led  fight  #Corona pandemic!

Standing    11 new cases per million population,Â https://.co/f2TRGpCsSf",False,0,,2021-01-18 11:25:39,True,,1351128615614881792,,"<a href=""https://mobile.twitter.com"" rel=""nofollow"">Twitter Web App</a>",Subhahar3,0,False,False,,
126,126,127,"RT @CeylonToday: Two  staffers   hotel  Galle test positive  COVID-19

https://.co/599VsaXaHJ 

#lka #SriLanka #ENGvSL #GalleÂ",False,0,,2021-01-18 10:31:33,False,,1351115002388877314,,,UCRGalle,2,True,False,,
127,127,128,"RT @CeylonToday: Staff  Dalada Maligawa   tested positive  Covid 

https://.co/mVMd3oEdQM 

#lka #SriLanka #ToothRelic #COVID1Â",False,0,,2021-01-18 10:19:26,False,,1351111951603159043,,"<a href=""https://mobile.twitter.com"" rel=""nofollow"">Twitter Web App</a>",Lasaa_V,1,True,False,,
128,128,129,"Staff  Dalada Maligawa   tested positive  Covid 

https://.co/mVMd3oEdQM 

#lka #SriLanka #ToothRelicÂ https://.co/umkqzxCFT2",False,4,,2021-01-18 10:18:21,True,,1351111677555695616,,"<a href=""https://mobile.twitter.com"" rel=""nofollow"">Twitter Web App</a>",CeylonToday,1,False,False,,
129,129,130,"Two  staffers   hotel  Galle test positive  COVID-19

https://.co/599VsaXaHJ 

#lka #SriLanka #ENGvSLÂ https://.co/aOz6G4TO7Y",False,3,,2021-01-18 10:09:16,True,,1351109392435965960,,"<a href=""https://mobile.twitter.com"" rel=""nofollow"">Twitter Web App</a>",CeylonToday,2,False,False,,
