,,,text,favorited,favoriteCount,replyToSN,created,truncated,replyToSID,id,replyToUID,statusSource,screenName,retweetCount,isRetweet,retweeted,longitude,latitude
0,0,1,"Whenever I get back  home,  gives  visit <f0><U+009F><U+008C><U+00A7><U+FE0F>

#unexpected #Rain
#Mettur
#HomeSweetHome
#Thalaivar
#RajinikanthÂ https://.co/eVqEdsbjoD",False,1,,2021-02-20 12:36:57,True,,1363105358051352577,,"<a href=""http://twitter.com/download/android"" rel=""nofollow"">Twitter for Android</a>",DrRuban_S,0,False,False,,
1,1,2,"#Rain  hailstorm  somwarpet Nidta, ankanahalli village area  #Kodagu district @CMofKarnatakaÂ https://.co/YUkA6EcIQn",False,2,,2021-02-19 20:47:27,True,,1362866408921706500,,"<a href=""https://mobile.twitter.com"" rel=""nofollow"">Twitter Web App</a>",PrakashRajVK,0,False,False,,
2,2,3,"Good rain   pondy. 
#Rain #Pondicherry",False,0,,2021-02-19 16:56:59,False,,1362808410098438144,,"<a href=""http://twitter.com/download/android"" rel=""nofollow"">Twitter for Android</a>",iyyappan_ram,0,False,False,,
3,3,4,Some people feel  #rain  #FridayVibes https://.co/pJadwlSGcN,False,1,,2021-02-19 01:51:05,False,,1362580431778971654,,"<a href=""http://twitter.com/download/android"" rel=""nofollow"">Twitter for Android</a>",bijugovind,0,False,False,,
4,4,5,"RT @iypetomson: Green  Rainy Nature
#green #nature #naturelovers #naturevideo #rain #Season https://.co/MFVLVdhK6g",False,0,,2021-02-14 02:33:21,False,,1360779132301307908,,"<a href=""https://mobile.twitter.com"" rel=""nofollow"">Twitter Web App</a>",NatureView35,1,True,False,,
