,,,text,favorited,favoriteCount,replyToSN,created,truncated,replyToSID,id,replyToUID,statusSource,screenName,retweetCount,isRetweet,retweeted,longitude,latitude
0,0,1,Some people feel  #rain  #FridayVibes https://.co/pJadwlSGcN,False,1,,2021-02-19 01:51:05,False,,1362580431778971654,,"<a href=""http://twitter.com/download/android"" rel=""nofollow"">Twitter for Android</a>",bijugovind,0,False,False,,
1,1,2,"RT @iypetomson: Green  Rainy Nature
#green #nature #naturelovers #naturevideo #rain #Season https://.co/MFVLVdhK6g",False,0,,2021-02-14 02:33:21,False,,1360779132301307908,,"<a href=""https://mobile.twitter.com"" rel=""nofollow"">Twitter Web App</a>",NatureView35,1,True,False,,
2,2,3,"Photo   Day - Frozen Dreams. Dreams  snow turned  frozen rain today  Salem, Oregon. This picture  Â https://.co/2u0fYwn3gD",False,2,,2021-02-13 02:45:38,True,,1360419835285536771,,"<a href=""https://www.later.com"" rel=""nofollow"">LaterMedia</a>",salemoregonblog,0,False,False,,
