,,,text,favorited,favoriteCount,replyToSN,created,truncated,replyToSID,id,replyToUID,statusSource,screenName,retweetCount,isRetweet,retweeted,longitude,latitude
0,0,1,"RT @iypetomson: Green  Rainy Nature
#green #nature #naturelovers #naturevideo #rain #Season https://.co/MFVLVdhK6g",False,0,,2021-02-14 02:33:21,False,,1360779132301307908,,"<a href=""https://mobile.twitter.com"" rel=""nofollow"">Twitter Web App</a>",NatureView35,1,True,False,,
1,1,2,"Photo   Day - Frozen Dreams. Dreams  snow turned  frozen rain today  Salem, Oregon. This picture  Â https://.co/2u0fYwn3gD",False,2,,2021-02-13 02:45:38,True,,1360419835285536771,,"<a href=""https://www.later.com"" rel=""nofollow"">LaterMedia</a>",salemoregonblog,0,False,False,,
2,2,3,"Umbrella day !
#Umbrelladay #rain #sunshine https://.co/yiZ3HUN8cr",False,0,,2021-02-10 01:30:00,False,,1359313635856818176,,"<a href=""https://mobile.twitter.com"" rel=""nofollow"">Twitter Web App</a>",KalhanRan,0,False,False,,
