,,,text,favorited,favoriteCount,replyToSN,created,truncated,replyToSID,id,replyToUID,statusSource,screenName,retweetCount,isRetweet,retweeted,longitude,latitude
0,0,1,"Another 04 Covid-19 deaths reported  Sri Lanka, confirmed  Department  Government Information
#DEATHÂ https://.co/6oczQBNRbf",False,0,,2020-12-30 17:03:13,True,,1344328199799406592,,"<a href=""https://about.twitter.com/products/tweetdeck"" rel=""nofollow"">TweetDeck</a>",observerlk,0,False,False,,
1,1,2,"NARA launches special probe  death  Dutch monk 

#lka #SriLanka #Netherlandmonk #death #murder #Investigation https://.co/J593PufP26",False,0,,2020-12-30 07:01:26,False,,1344176756207415297,,"<a href=""https://about.twitter.com/products/tweetdeck"" rel=""nofollow"">TweetDeck</a>",SriLankaMirror,0,False,False,,
2,2,3,"47 persons  died  motor accidents reported   country   past 10 days.
Via @newsradiolk

#LKA #SriLanka #Death #Accident",False,0,,2020-12-30 03:38:09,False,,1344125595366510592,,"<a href=""http://twitter.com/download/android"" rel=""nofollow"">Twitter for Android</a>",yuganOffcial,0,False,False,,
3,3,4,"#Covid19 #Update<f0><U+009F><U+00A6><U+00A0>

<U+25AA><U+FE0F>- #One(01)  #COVID-19 related deaths   recorded increasing #SriLanka' #death tollÂ https://.co/x83jF2CEIR",False,2,,2020-12-29 14:59:08,True,,1343934583037980674,,"<a href=""http://twitter.com/download/iphone"" rel=""nofollow"">Twitter for iPhone</a>",Naveeth14,0,False,False,,
4,4,5,"#UPDATE 
<U+2B55>The person  died  morning following  police operation  Veyangoda   identified  NishaÂ https://.co/fkpEQ9K7el",False,0,,2020-12-28 01:51:38,True,,1343374012890529792,,"<a href=""http://twitter.com/download/android"" rel=""nofollow"">Twitter for Android</a>",yuganOffcial,0,False,False,,
5,5,6,"#COVID19 #Update<f0><U+009F><U+00A6><U+00A0>

<U+25AA><U+FE0F>- #Four(04)  #COVID-19 related #fatalities confirmed   country, raising  #death Â https://.co/dWyInRHkJt",False,4,,2020-12-27 16:32:58,True,,1343233420625924098,,"<a href=""http://twitter.com/download/iphone"" rel=""nofollow"">Twitter for iPhone</a>",Naveeth14,0,False,False,,
