,,,text,favorited,favoriteCount,replyToSN,created,truncated,replyToSID,id,replyToUID,statusSource,screenName,retweetCount,isRetweet,retweeted,longitude,latitude
0,0,1,#Death    end,False,0,,2021-02-09 07:22:13,False,,1359039887974912000,,"<a href=""http://twitter.com/download/iphone"" rel=""nofollow"">Twitter for iPhone</a>",SidhiqNaseer,0,False,False,,
1,1,2,"Argument leads  murder  Balangoda 

https://.co/h72N6OdSjI 

#lka #SriLanka #murder #death #Balangoda #Police #argument #conflict",False,1,,2021-02-09 04:16:17,False,,1358993096411762697,,"<a href=""https://mobile.twitter.com"" rel=""nofollow"">Twitter Web App</a>",CeylonToday,0,False,False,,
2,2,3,"A 20-year-old   shot dead allegedly taking part   ""prank"" robbery  filmed  YouTube.
@BBCWorld
#YouTube #Robbery #Death",False,0,,2021-02-09 02:02:07,False,,1358959331593515011,,"<a href=""http://twitter.com/download/android"" rel=""nofollow"">Twitter for Android</a>",yuganOffcial,0,False,False,,
3,3,4,RT @Charakan: ItÂ astonishing  #KeralaÂ official #Covid19 #death count   relationship  number  patients  need #ventiÂ,False,0,,2021-02-05 18:03:11,False,,1357751638258110466,,"<a href=""https://mobile.twitter.com"" rel=""nofollow"">Twitter Web App</a>",kuttan_thambran,6,True,False,,
