,,,text,favorited,favoriteCount,replyToSN,created,truncated,replyToSID,id,replyToUID,statusSource,screenName,retweetCount,isRetweet,retweeted,longitude,latitude
0,0,1,@DanielEdl2 @Anji45275358 @Sree18380810 @SilvalingamD @Undal13 @Dr_plaquenill @Sarujan90329889 @VinukavidaÂ https://.co/aJEa1v2lBa,False,0,DanielEdl2,2021-02-01 21:39:53,True,1.3563290230985318e+18,1356356624630345728,1.3482354722969436e+18,"<a href=""http://twitter.com/download/iphone"" rel=""nofollow"">Twitter for iPhone</a>",lankaputhralk,0,False,False,,
1,1,2,RT @Charakan: ItÂ astonishing  #KeralaÂ official #Covid19 #death count   relationship  number  patients  need #ventiÂ,False,0,,2021-02-01 11:24:54,False,,1356201857685671936,,"<a href=""http://twitter.com/download/android"" rel=""nofollow"">Twitter for Android</a>",Arunraj2696,4,True,False,,
2,2,3,"A powerful picture! 

#time #life #death https://.co/L72wj7XWZ4",False,0,,2021-02-01 09:38:23,False,,1356175051184353280,,"<a href=""http://twitter.com/download/android"" rel=""nofollow"">Twitter for Android</a>",MudaligeDeshan,0,False,False,,
3,3,4,"Student drowns   result  teacher' negligence 

https://.co/SAY7LaKRqX 

#lka #SriLanka #arrest #teacher #death #student #Negligence",False,2,,2021-02-01 05:03:37,False,,1356105902638686209,,"<a href=""https://mobile.twitter.com"" rel=""nofollow"">Twitter Web App</a>",CeylonToday,0,False,False,,
4,4,5,RT @Charakan: ItÂ astonishing  #KeralaÂ official #Covid19 #death count   relationship  number  patients  need #ventiÂ,False,0,,2021-02-01 04:46:11,False,,1356101517783130114,,"<a href=""https://mobile.twitter.com"" rel=""nofollow"">Twitter Web App</a>",policychettan,4,True,False,,
5,5,6,RT @Charakan: ItÂ astonishing  #KeralaÂ official #Covid19 #death count   relationship  number  patients  need #ventiÂ,False,0,,2021-02-01 04:37:30,False,,1356099332613656577,,"<a href=""https://mobile.twitter.com"" rel=""nofollow"">Twitter Web App</a>",sarvarta,4,True,False,,
6,6,7,RT @Charakan: ItÂ astonishing  #KeralaÂ official #Covid19 #death count   relationship  number  patients  need #ventiÂ,False,0,,2021-02-01 04:30:17,False,,1356097516547178498,,"<a href=""https://mobile.twitter.com"" rel=""nofollow"">Twitter Web App</a>",RijoMJohn,4,True,False,,
7,7,8,ItÂ astonishing  #KeralaÂ official #Covid19 #death count   relationship  number  patients  nÂ https://.co/QsnIhWSsiv,False,9,,2021-02-01 03:12:24,True,,1356077913968271360,,"<a href=""http://twitter.com/#!/download/ipad"" rel=""nofollow"">Twitter for iPad</a>",Charakan,4,False,False,,
8,8,9,Railway Drivers    cautious   night   innocent animals cross  lines! #elephantÂ https://.co/Ly8766ilaS,False,0,,2021-01-31 15:09:46,True,,1355896060665880585,,"<a href=""https://mobile.twitter.com"" rel=""nofollow"">Twitter Web App</a>",hirusha_adikari,0,False,False,,
9,9,10,"Eight fatalities   24hr window 

https://.co/5vSlpoxgMx 

#lka #SriLanka #accident #RoadAccidents #fatalcrash #Death",False,1,,2021-01-30 09:46:51,False,,1355452408483229696,,"<a href=""https://mobile.twitter.com"" rel=""nofollow"">Twitter Web App</a>",CeylonToday,0,False,False,,
10,10,11,My Mathews supports government  health organizations worldwide  eradicate leprosy  one hundred per cent.Â https://.co/utvhUlYnPq,False,2,,2021-01-30 04:58:02,True,,1355379723203801088,,"<a href=""http://twitter.com/download/android"" rel=""nofollow"">Twitter for Android</a>",TomKuriakose14,0,False,False,,
11,11,12,Manual scavengers choked  death  Karnataka #ManualScavenging #death #Karnataka https://.co/1WaExLsFrm,False,0,,2021-01-29 09:15:13,False,,1355082058926673920,,"<a href=""https://hocalwire.com"" rel=""nofollow"">Hocalwire Social Share</a>",madhyamam_eng,0,False,False,,
12,12,13,"Your time  limited   earth <f0><U+009F><U+008C><U+008D>..!!
       So make every moment  best ..!!

#Mawth  -#Death-                 
     #copied<U+2728>",False,11,,2021-01-28 01:53:19,False,,1354608461892513792,,"<a href=""http://twitter.com/download/iphone"" rel=""nofollow"">Twitter for iPhone</a>",NazeemAfrah,1,False,False,,
13,13,14,"@FlyWithIX @MoCA_GoI @HardeepSPuri @IndEmbDoha GIVE BACK MY MONEY !! 

@FlyWithIX   even care   custoÂ https://.co/wPOztdM3Fe",False,0,FlyWithIX,2021-01-27 12:11:12,True,1.3539343605047665e+18,1354401571442839552,1.2800610026969334e+18,"<a href=""http://twitter.com/download/iphone"" rel=""nofollow"">Twitter for iPhone</a>",GokulaK32355117,0,False,False,,
14,14,15,"Another Covid-19 death reported  Sri Lanka making  death toll  288, confirmed  Department  Government IÂ https://.co/o17h5ihTLd",False,0,,2021-01-26 15:37:59,True,,1354091219010387969,,"<a href=""https://about.twitter.com/products/tweetdeck"" rel=""nofollow"">TweetDeck</a>",observerlk,0,False,False,,
