,,,text,favorited,favoriteCount,replyToSN,created,truncated,replyToSID,id,replyToUID,statusSource,screenName,retweetCount,isRetweet,retweeted,longitude,latitude
0,0,1,Railway Drivers    cautious   night   innocent animals cross  lines! #elephantÂ https://.co/Ly8766ilaS,False,0,,2021-01-31 15:09:46,True,,1355896060665880585,,"<a href=""https://mobile.twitter.com"" rel=""nofollow"">Twitter Web App</a>",hirusha_adikari,0,False,False,,
1,1,2,"Eight fatalities   24hr window 

https://.co/5vSlpoxgMx 

#lka #SriLanka #accident #RoadAccidents #fatalcrash #Death",False,1,,2021-01-30 09:46:51,False,,1355452408483229696,,"<a href=""https://mobile.twitter.com"" rel=""nofollow"">Twitter Web App</a>",CeylonToday,0,False,False,,
2,2,3,My Mathews supports government  health organizations worldwide  eradicate leprosy  one hundred per cent.Â https://.co/utvhUlYnPq,False,2,,2021-01-30 04:58:02,True,,1355379723203801088,,"<a href=""http://twitter.com/download/android"" rel=""nofollow"">Twitter for Android</a>",TomKuriakose14,0,False,False,,
3,3,4,"RT @apexelindia: Amazing Shot  @aroycrony  Apexel 12x24x Macro Lens <f0><U+009F><U+0098><U+008D>
______
Price: Rs. 999 
Buy: https://.co/tKko18JB1T
____Â",False,0,,2021-01-29 15:23:36,False,,1355174765217128451,,"<a href=""http://twitter.com/download/android"" rel=""nofollow"">Twitter for Android</a>",aroycrony,1,True,False,,
4,4,5,Manual scavengers choked  death  Karnataka #ManualScavenging #death #Karnataka https://.co/1WaExLsFrm,False,0,,2021-01-29 09:15:13,False,,1355082058926673920,,"<a href=""https://hocalwire.com"" rel=""nofollow"">Hocalwire Social Share</a>",madhyamam_eng,0,False,False,,
5,5,6,"Amazing Shot  @aroycrony  Apexel 12x24x Macro Lens <f0><U+009F><U+0098><U+008D>
______
Price: Rs. 999 
Buy:Â https://.co/394nRIT2i0",False,1,,2021-01-29 08:52:21,True,,1355076301401579520,,"<a href=""https://ifttt.com"" rel=""nofollow"">IFTTT</a>",apexelindia,1,False,False,,
6,6,7,"Your time  limited   earth <f0><U+009F><U+008C><U+008D>..!!
       So make every moment  best ..!!

#Mawth  -#Death-                 
     #copied<U+2728>",False,11,,2021-01-28 01:53:19,False,,1354608461892513792,,"<a href=""http://twitter.com/download/iphone"" rel=""nofollow"">Twitter for iPhone</a>",NazeemAfrah,1,False,False,,
7,7,8,"@FlyWithIX @MoCA_GoI @HardeepSPuri @IndEmbDoha GIVE BACK MY MONEY !! 

@FlyWithIX   even care   custoÂ https://.co/wPOztdM3Fe",False,0,FlyWithIX,2021-01-27 12:11:12,True,1.3539343605047665e+18,1354401571442839552,1.2800610026969334e+18,"<a href=""http://twitter.com/download/iphone"" rel=""nofollow"">Twitter for iPhone</a>",GokulaK32355117,0,False,False,,
8,8,9,"Another Covid-19 death reported  Sri Lanka making  death toll  288, confirmed  Department  Government IÂ https://.co/o17h5ihTLd",False,0,,2021-01-26 15:37:59,True,,1354091219010387969,,"<a href=""https://about.twitter.com/products/tweetdeck"" rel=""nofollow"">TweetDeck</a>",observerlk,0,False,False,,
9,9,10,"I wonder... When  wake   seeing  beautiful dream   death, Is  ok   feel disappointed  yoÂ https://.co/FlRr70AXxU",False,0,,2021-01-25 04:21:33,True,,1353558602506625024,,"<a href=""http://twitter.com/download/iphone"" rel=""nofollow"">Twitter for iPhone</a>",anoopkam,0,False,False,,
