,,,text,favorited,favoriteCount,replyToSN,created,truncated,replyToSID,id,replyToUID,statusSource,screenName,retweetCount,isRetweet,retweeted,longitude,latitude
0,0,1,"Another 04 Covid-19 deaths reported  Sri Lanka, confirmed  Department  Government Information
#DEATHÂ https://.co/6oczQBNRbf",False,0,,2020-12-30 17:03:13,True,,1344328199799406592,,"<a href=""https://about.twitter.com/products/tweetdeck"" rel=""nofollow"">TweetDeck</a>",observerlk,0,False,False,,
1,1,2,"NARA launches special probe  death  Dutch monk 

#lka #SriLanka #Netherlandmonk #death #murder #Investigation https://.co/J593PufP26",False,0,,2020-12-30 07:01:26,False,,1344176756207415297,,"<a href=""https://about.twitter.com/products/tweetdeck"" rel=""nofollow"">TweetDeck</a>",SriLankaMirror,0,False,False,,
2,2,3,"47 persons  died  motor accidents reported   country   past 10 days.
Via @newsradiolk

#LKA #SriLanka #Death #Accident",False,0,,2020-12-30 03:38:09,False,,1344125595366510592,,"<a href=""http://twitter.com/download/android"" rel=""nofollow"">Twitter for Android</a>",yuganOffcial,0,False,False,,
3,3,4,"#Covid19 #Update<f0><U+009F><U+00A6><U+00A0>

<U+25AA><U+FE0F>- #One(01)  #COVID-19 related deaths   recorded increasing #SriLanka' #death tollÂ https://.co/x83jF2CEIR",False,2,,2020-12-29 14:59:08,True,,1343934583037980674,,"<a href=""http://twitter.com/download/iphone"" rel=""nofollow"">Twitter for iPhone</a>",Naveeth14,0,False,False,,
4,4,5,"#UPDATE 
<U+2B55>The person  died  morning following  police operation  Veyangoda   identified  NishaÂ https://.co/fkpEQ9K7el",False,0,,2020-12-28 01:51:38,True,,1343374012890529792,,"<a href=""http://twitter.com/download/android"" rel=""nofollow"">Twitter for Android</a>",yuganOffcial,0,False,False,,
5,5,6,arrest Modi - Head  @pmoIndia  abetting #death   AmarJeet   Question &amp; Analysis point  Â https://.co/9EEG1okrOj,False,0,KannanNS4,2020-12-27 20:16:31,True,1.3432896711750738e+18,1343289678993219586,1.13221388220894e+18,"<a href=""https://mobile.twitter.com"" rel=""nofollow"">Twitter Web App</a>",KannanNS4,0,False,False,,
6,6,7,"#COVID19 #Update<f0><U+009F><U+00A6><U+00A0>

<U+25AA><U+FE0F>- #Four(04)  #COVID-19 related #fatalities confirmed   country, raising  #death Â https://.co/dWyInRHkJt",False,4,,2020-12-27 16:32:58,True,,1343233420625924098,,"<a href=""http://twitter.com/download/iphone"" rel=""nofollow"">Twitter for iPhone</a>",Naveeth14,0,False,False,,
7,7,8,"#COVID19 #Update<f0><U+009F><U+00A6><U+00A0>

<U+25AA><U+FE0F>- A 67- year-old  #Colombo15 #died  #COVID-19, raising  country' #death toll  187.Â https://.co/lKMADSam1R",False,1,,2020-12-26 15:42:34,True,,1342858351311527936,,"<a href=""http://twitter.com/download/iphone"" rel=""nofollow"">Twitter for iPhone</a>",Naveeth14,0,False,False,,
8,8,9,"#AIADMK!
3. There  #dearth / #death  #Knowledgeable #Persons  #TamilNadu,  #nobody,   single man,  Â https://.co/Lph2CvFppI",False,0,KannanNS4,2020-12-26 14:49:03,True,1.3428448785569833e+18,1342844881987887105,1.13221388220894e+18,"<a href=""https://mobile.twitter.com"" rel=""nofollow"">Twitter Web App</a>",KannanNS4,0,False,False,,
9,9,10,51-Year-Old Woman Found Dead At Karakonam Home; 26-Year-Old Husband In Police Custody https://.co/0S9xHzn2P0 #Death,False,1,,2020-12-26 07:20:02,False,,1342731885273784320,,"<a href=""https://dlvrit.com/"" rel=""nofollow"">dlvr.it</a>",mathrubhuminews,0,False,False,,
