,,,text,favorited,favoriteCount,replyToSN,created,truncated,replyToSID,id,replyToUID,statusSource,screenName,retweetCount,isRetweet,retweeted,longitude,latitude
0,0,1,"#BREAKING 
<U+2B55>D.C. police chief confirms woman  shot  killed  police   U.S. Capitol.

<U+2B55>3  people diÂ https://.co/xkdDIWogtK",False,1,,2021-01-07 04:12:30,True,,1347033345432043520,,"<a href=""http://twitter.com/download/android"" rel=""nofollow"">Twitter for Android</a>",yuganOffcial,0,False,False,,
1,1,2,"RT @MalwanaPlus: Two   COVID-19 related deaths reported: 71, 86 year old  Ratnapura 
increasing  death toll  Sri Lanka  215Â",False,0,,2021-01-05 17:18:02,False,,1346506252491243520,,"<a href=""http://twitter.com/download/android"" rel=""nofollow"">Twitter for Android</a>",Makkiyarazik1,1,True,False,,
2,2,3,uncover  happens   die   mix  scientific research  stories  people    near-deÂ https://.co/XuxKMlHkgg,False,0,,2021-01-04 20:47:21,True,,1346196542055714817,,"<a href=""http://twitter.com/download/android"" rel=""nofollow"">Twitter for Android</a>",nadun_don,0,False,False,,
3,3,4,"Two   COVID-19 related deaths reported: 71, 86 year old  Ratnapura 
increasing  death toll  Sri LankaÂ https://.co/8Q0lv2hIG1",False,0,,2021-01-04 17:19:00,True,,1346144107521949703,,"<a href=""http://twitter.com/download/android"" rel=""nofollow"">Twitter for Android</a>",MalwanaPlus,1,False,False,,
4,4,5,"Caged   casket
sorrow engraved   smile
Laughing heard 'er hymns 

#death #haikuchallenge
#poetrylovers  #poetrycommunity 
#SriLankan",False,1,,2021-01-04 04:50:42,False,,1345955795284807680,,"<a href=""http://twitter.com/download/android"" rel=""nofollow"">Twitter for Android</a>",Indrajith_Ravi_,0,False,False,,
5,5,6,"When death came   Crematorium crashing 

Twenty-four people,    attending  funeral,  killed Â https://.co/eCwjC7DJEb",False,0,,2021-01-04 03:09:51,True,,1345930412300746755,,"<a href=""https://mobile.twitter.com"" rel=""nofollow"">Twitter Web App</a>",mathrubhumieng,0,False,False,,
