,,,text,favorited,favoriteCount,replyToSN,created,truncated,replyToSID,id,replyToUID,statusSource,screenName,retweetCount,isRetweet,retweeted,longitude,latitude
0,0,1,"@FlyWithIX @MoCA_GoI @HardeepSPuri @IndEmbDoha GIVE BACK MY MONEY !! 

@FlyWithIX   even care   custoÂ https://.co/wPOztdM3Fe",False,0,FlyWithIX,2021-01-27 12:11:12,True,1.3539343605047665e+18,1354401571442839552,1.2800610026969334e+18,"<a href=""http://twitter.com/download/iphone"" rel=""nofollow"">Twitter for iPhone</a>",GokulaK32355117,0,False,False,,
1,1,2,"Another Covid-19 death reported  Sri Lanka making  death toll  288, confirmed  Department  Government IÂ https://.co/o17h5ihTLd",False,0,,2021-01-26 15:37:59,True,,1354091219010387969,,"<a href=""https://about.twitter.com/products/tweetdeck"" rel=""nofollow"">TweetDeck</a>",observerlk,0,False,False,,
2,2,3,"I wonder... When  wake   seeing  beautiful dream   death, Is  ok   feel disappointed  yoÂ https://.co/FlRr70AXxU",False,0,,2021-01-25 04:21:33,True,,1353558602506625024,,"<a href=""http://twitter.com/download/iphone"" rel=""nofollow"">Twitter for iPhone</a>",anoopkam,0,False,False,,
3,3,4,"02  Covid-19 deaths confirmed  Sri Lanka, confirmed  Department  Government Information
#death #COVID19SL https://.co/7LNro4WqvN",False,0,,2021-01-23 17:10:19,False,,1353027292457541632,,"<a href=""http://twitter.com/download/android"" rel=""nofollow"">Twitter for Android</a>",observerlk,0,False,False,,
4,4,5,"02  Covid-19 deaths confirmed  Sri Lanka, confirmed  Department  Government Information
#death #COVID19SL https://.co/7LNro4EP7d",False,0,,2021-01-23 16:57:57,False,,1353024180162240512,,"<a href=""http://twitter.com/download/android"" rel=""nofollow"">Twitter for Android</a>",observerlk,0,False,False,,
5,5,6,"Once  yeet,  never go back. <f0><U+009F><U+0099><U+0082>

#thoughs #darkness #death #Philosophy #yeet #justme #dumb #brainthings #ahman",False,0,,2021-01-20 08:33:04,False,,1351809961827811329,,"<a href=""http://twitter.com/download/android"" rel=""nofollow"">Twitter for Android</a>",7thresonance,0,False,False,,
6,6,7,"RT @PoetryofDespair: When I die, I' look  Keats   afterlife
<U+2661>
#poem #poetsofinstagram #poems #poem #pain #people #poetrycommunityÂ",False,0,,2021-01-20 05:41:06,False,,1351766682751143937,,"<a href=""https://twitter.com/_ThinkBot"" rel=""nofollow"">_ThinkBot</a>",_ThinkBot,2,True,False,,
7,7,8,"RT @PoetryofDespair: When I die, I' look  Keats   afterlife
<U+2661>
#poem #poetsofinstagram #poems #poem #pain #people #poetrycommunityÂ",False,0,,2021-01-20 05:40:38,False,,1351766567659335681,,"<a href=""http://twitter.com/download/android"" rel=""nofollow"">Twitter for Android</a>",AnneAmayaSilva,2,True,False,,
8,8,9,"When I die, I' look  Keats   afterlife
<U+2661>
#poem #poetsofinstagram #poems #poem #pain #peopleÂ https://.co/1pVO35PrDD",False,6,,2021-01-20 05:39:31,True,,1351766285432983552,,"<a href=""http://twitter.com/download/android"" rel=""nofollow"">Twitter for Android</a>",PoetryofDespair,2,False,False,,
