,,,text,favorited,favoriteCount,replyToSN,created,truncated,replyToSID,id,replyToUID,statusSource,screenName,retweetCount,isRetweet,retweeted,longitude,latitude
0,0,1,"A temporary #ban   imposed  #Tourists  spending night   Mini WorldÂ End, Madolsima   MeegahakiwÂ https://.co/tm3yoAlQU0",False,1,,2021-02-22 10:10:09,True,,1363793191011446784,,"<a href=""https://about.twitter.com/products/tweetdeck"" rel=""nofollow"">TweetDeck</a>",observerlk,0,False,False,,
1,1,2,"#Hinduism #SwamiVivekananda #yoga #RajaYoga #death #fear 

Quote 86 : ""When man finds   never really dies, Â https://.co/z6v14fhnOm",False,0,,2021-02-16 13:20:34,True,,1361666782616948742,,"<a href=""https://mobile.twitter.com"" rel=""nofollow"">Twitter Web App</a>",VivekanandB,0,False,False,,
2,2,3,@Dhanush42620682 @infectedViruss @Yours_Praveen_ @Trollsimbu4 Idhu Vara Tamil Heros #Death Ana #Characters CountingÂ https://.co/hUQMrtCgZC,False,1,Dhanush42620682,2021-02-16 03:53:52,True,1.3615224633985352e+18,1361524167347036163,1.3425313200611246e+18,"<a href=""http://twitter.com/download/android"" rel=""nofollow"">Twitter for Android</a>",SURIYA_003,1,False,False,,
