,,,text,favorited,favoriteCount,replyToSN,created,truncated,replyToSID,id,replyToUID,statusSource,screenName,retweetCount,isRetweet,retweeted,longitude,latitude
0,0,1,RT @Charakan: ItÂ astonishing  #KeralaÂ official #Covid19 #death count   relationship  number  patients  need #ventiÂ,False,0,,2021-02-05 18:03:11,False,,1357751638258110466,,"<a href=""https://mobile.twitter.com"" rel=""nofollow"">Twitter Web App</a>",kuttan_thambran,6,True,False,,
1,1,2,"CID working  NIA  confirm Angoda Lokka' death 

https://.co/tWJWZuqxaU 

#lka #SriLanka #CID #NIA #underworld #death #DNA #India",False,1,,2021-02-05 06:10:37,False,,1357572319078711298,,"<a href=""https://mobile.twitter.com"" rel=""nofollow"">Twitter Web App</a>",CeylonToday,0,False,False,,
2,2,3,"Dr.Neville Fernando passes away  COVID-19 

#lka #SriLanka #NevilleFernando #PassedAway #COVID19SL #DeathÂ https://.co/RoWiYPqRGA",False,1,,2021-02-04 17:16:05,True,,1357377400464637954,,"<a href=""https://about.twitter.com/products/tweetdeck"" rel=""nofollow"">TweetDeck</a>",SriLankaMirror,0,False,False,,
3,3,4,RT @Charakan: ItÂ astonishing  #KeralaÂ official #Covid19 #death count   relationship  number  patients  need #ventiÂ,False,0,,2021-02-04 10:18:32,False,,1357272319215898626,,"<a href=""http://twitter.com/download/android"" rel=""nofollow"">Twitter for Android</a>",nbalajhi,6,True,False,,
4,4,5,"RT @CeylonToday: 18 month old succumbs  COVID-19 

https://.co/NJnbYKMqEk 

#lka #SriLanka #COVID19SL #COVID19 #COVID #COVID19LK #coronaÂ",False,0,,2021-02-03 07:04:55,False,,1356861207437860864,,"<a href=""https://mobile.twitter.com"" rel=""nofollow"">Twitter Web App</a>",Lasaa_V,1,True,False,,
5,5,6,"18 month old succumbs  COVID-19 

https://.co/NJnbYKMqEk 

#lka #SriLanka #COVID19SL #COVID19 #COVID #COVID19LKÂ https://.co/B4qq7yTq9Y",False,1,,2021-02-03 06:59:21,True,,1356859807089704960,,"<a href=""https://mobile.twitter.com"" rel=""nofollow"">Twitter Web App</a>",CeylonToday,1,False,False,,
6,6,7,RT @lankaputhralk: @DanielEdl2 @Anji45275358 @Sree18380810 @SilvalingamD @Undal13 @Dr_plaquenill @Sarujan90329889 @Vinukavida @TBalasighamÂ,False,0,,2021-02-02 18:04:03,False,,1356664694199775234,,"<a href=""https://mobile.twitter.com"" rel=""nofollow"">Twitter Web App</a>",Sree18380810,1,True,False,,
7,7,8,@DanielEdl2 @Anji45275358 @Sree18380810 @SilvalingamD @Undal13 @Dr_plaquenill @Sarujan90329889 @VinukavidaÂ https://.co/aJEa1v2lBa,False,1,DanielEdl2,2021-02-01 21:39:53,True,1.3563290230985318e+18,1356356624630345728,1.3482354722969436e+18,"<a href=""http://twitter.com/download/iphone"" rel=""nofollow"">Twitter for iPhone</a>",lankaputhralk,1,False,False,,
8,8,9,RT @Charakan: ItÂ astonishing  #KeralaÂ official #Covid19 #death count   relationship  number  patients  need #ventiÂ,False,0,,2021-02-01 11:24:54,False,,1356201857685671936,,"<a href=""http://twitter.com/download/android"" rel=""nofollow"">Twitter for Android</a>",Arunraj2696,6,True,False,,
9,9,10,"A powerful picture! 

#time #life #death https://.co/L72wj7XWZ4",False,0,,2021-02-01 09:38:23,False,,1356175051184353280,,"<a href=""http://twitter.com/download/android"" rel=""nofollow"">Twitter for Android</a>",MudaligeDeshan,0,False,False,,
10,10,11,"Student drowns   result  teacher' negligence 

https://.co/SAY7LaKRqX 

#lka #SriLanka #arrest #teacher #death #student #Negligence",False,2,,2021-02-01 05:03:37,False,,1356105902638686209,,"<a href=""https://mobile.twitter.com"" rel=""nofollow"">Twitter Web App</a>",CeylonToday,0,False,False,,
11,11,12,RT @Charakan: ItÂ astonishing  #KeralaÂ official #Covid19 #death count   relationship  number  patients  need #ventiÂ,False,0,,2021-02-01 04:46:11,False,,1356101517783130114,,"<a href=""https://mobile.twitter.com"" rel=""nofollow"">Twitter Web App</a>",policychettan,6,True,False,,
12,12,13,RT @Charakan: ItÂ astonishing  #KeralaÂ official #Covid19 #death count   relationship  number  patients  need #ventiÂ,False,0,,2021-02-01 04:37:30,False,,1356099332613656577,,"<a href=""https://mobile.twitter.com"" rel=""nofollow"">Twitter Web App</a>",sarvarta,6,True,False,,
13,13,14,RT @Charakan: ItÂ astonishing  #KeralaÂ official #Covid19 #death count   relationship  number  patients  need #ventiÂ,False,0,,2021-02-01 04:30:17,False,,1356097516547178498,,"<a href=""https://mobile.twitter.com"" rel=""nofollow"">Twitter Web App</a>",RijoMJohn,6,True,False,,
14,14,15,ItÂ astonishing  #KeralaÂ official #Covid19 #death count   relationship  number  patients  nÂ https://.co/QsnIhWSsiv,False,13,,2021-02-01 03:12:24,True,,1356077913968271360,,"<a href=""http://twitter.com/#!/download/ipad"" rel=""nofollow"">Twitter for iPad</a>",Charakan,6,False,False,,
15,15,16,Railway Drivers    cautious   night   innocent animals cross  lines! #elephantÂ https://.co/Ly8766ilaS,False,0,,2021-01-31 15:09:46,True,,1355896060665880585,,"<a href=""https://mobile.twitter.com"" rel=""nofollow"">Twitter Web App</a>",hirusha_adikari,0,False,False,,
