,,,text,favorited,favoriteCount,replyToSN,created,truncated,replyToSID,id,replyToUID,statusSource,screenName,retweetCount,isRetweet,retweeted,longitude,latitude
0,0,1,"#Hinduism #SwamiVivekananda #yoga #RajaYoga #death #fear 

Quote 86 : ""When man finds   never really dies, Â https://.co/z6v14fhnOm",False,0,,2021-02-16 13:20:34,True,,1361666782616948742,,"<a href=""https://mobile.twitter.com"" rel=""nofollow"">Twitter Web App</a>",VivekanandB,0,False,False,,
1,1,2,RT @SURIYA_003: @Dhanush42620682 @infectedViruss @Yours_Praveen_ @Trollsimbu4 Idhu Vara Tamil Heros #Death Ana #Characters Counting  theiÂ,False,0,,2021-02-16 04:27:39,False,,1361532670828711939,,"<a href=""http://twitter.com/download/android"" rel=""nofollow"">Twitter for Android</a>",Phoenix19230036,1,True,False,,
2,2,3,@Dhanush42620682 @infectedViruss @Yours_Praveen_ @Trollsimbu4 Idhu Vara Tamil Heros #Death Ana #Characters CountingÂ https://.co/hUQMrtCgZC,False,1,Dhanush42620682,2021-02-16 03:53:52,True,1.3615224633985352e+18,1361524167347036163,1.3425313200611246e+18,"<a href=""http://twitter.com/download/android"" rel=""nofollow"">Twitter for Android</a>",SURIYA_003,1,False,False,,
3,3,4,"#Hinduism #SwamiVivekananda #Karma #yoga #life #death 

Quote 77 : ""If  want   life,    die every moment  """,False,0,,2021-02-15 15:07:58,False,,1361331425203474442,,"<a href=""https://mobile.twitter.com"" rel=""nofollow"">Twitter Web App</a>",VivekanandB,0,False,False,,
4,4,5,"#Hinduism #SwamiVivekananda #Karma #yoga #death #life

Quote 71 : ""The  way  go beyond death   give   love  life""",False,0,,2021-02-15 14:59:21,False,,1361329255511040008,,"<a href=""https://mobile.twitter.com"" rel=""nofollow"">Twitter Web App</a>",VivekanandB,0,False,False,,
