,,,text,favorited,favoriteCount,replyToSN,created,truncated,replyToSID,id,replyToUID,statusSource,screenName,retweetCount,isRetweet,retweeted,longitude,latitude
0,0,1,uncover  happens   die   mix  scientific research  stories  people    near-deÂ https://.co/XuxKMlHkgg,False,0,,2021-01-04 20:47:21,True,,1346196542055714817,,"<a href=""http://twitter.com/download/android"" rel=""nofollow"">Twitter for Android</a>",nadun_don,0,False,False,,
1,1,2,"Two   COVID-19 related deaths reported: 71, 86 year old  Ratnapura 
increasing  death toll  Sri LankaÂ https://.co/8Q0lv2hIG1",False,0,,2021-01-04 17:19:00,True,,1346144107521949703,,"<a href=""http://twitter.com/download/android"" rel=""nofollow"">Twitter for Android</a>",MalwanaPlus,0,False,False,,
2,2,3,"Caged   casket
sorrow engraved   smile
Laughing heard 'er hymns 

#death #haikuchallenge
#poetrylovers  #poetrycommunity 
#SriLankan",False,1,,2021-01-04 04:50:42,False,,1345955795284807680,,"<a href=""http://twitter.com/download/android"" rel=""nofollow"">Twitter for Android</a>",Indrajith_Ravi_,0,False,False,,
3,3,4,"When death came   Crematorium crashing 

Twenty-four people,    attending  funeral,  killed Â https://.co/eCwjC7DJEb",False,0,,2021-01-04 03:09:51,True,,1345930412300746755,,"<a href=""https://mobile.twitter.com"" rel=""nofollow"">Twitter Web App</a>",mathrubhumieng,0,False,False,,
4,4,5,"Another 04 Covid-19 deaths reported  Sri Lanka, confirmed  Department  Government Information
#DEATHÂ https://.co/6oczQBNRbf",False,0,,2020-12-30 17:03:13,True,,1344328199799406592,,"<a href=""https://about.twitter.com/products/tweetdeck"" rel=""nofollow"">TweetDeck</a>",observerlk,0,False,False,,
5,5,6,"NARA launches special probe  death  Dutch monk 

#lka #SriLanka #Netherlandmonk #death #murder #Investigation https://.co/J593PufP26",False,0,,2020-12-30 07:01:26,False,,1344176756207415297,,"<a href=""https://about.twitter.com/products/tweetdeck"" rel=""nofollow"">TweetDeck</a>",SriLankaMirror,0,False,False,,
6,6,7,"47 persons  died  motor accidents reported   country   past 10 days.
Via @newsradiolk

#LKA #SriLanka #Death #Accident",False,0,,2020-12-30 03:38:09,False,,1344125595366510592,,"<a href=""http://twitter.com/download/android"" rel=""nofollow"">Twitter for Android</a>",yuganOffcial,0,False,False,,
7,7,8,"#Covid19 #Update<f0><U+009F><U+00A6><U+00A0>

<U+25AA><U+FE0F>- #One(01)  #COVID-19 related deaths   recorded increasing #SriLanka' #death tollÂ https://.co/x83jF2CEIR",False,2,,2020-12-29 14:59:08,True,,1343934583037980674,,"<a href=""http://twitter.com/download/iphone"" rel=""nofollow"">Twitter for iPhone</a>",Naveeth14,0,False,False,,
