,,,text,favorited,favoriteCount,replyToSN,created,truncated,replyToSID,id,replyToUID,statusSource,screenName,retweetCount,isRetweet,retweeted,longitude,latitude
0,0,1,"RT @mathrubhumieng: Relatives, locals allege mystery  death  minor girl  CWC care, stage protest https://.co/WQcLD1xMLJ #Death",False,0,,2021-01-13 08:32:32,False,,1349273110134943744,,"<a href=""https://dlvrit.com/"" rel=""nofollow"">dlvr.it</a>",mathrubhumi,1,True,False,,
1,1,2,"Relatives, locals allege mystery  death  minor girl  CWC care, stage protest https://.co/WQcLD1xMLJ #Death",False,0,,2021-01-13 08:32:02,False,,1349272983219494914,,"<a href=""https://dlvrit.com/"" rel=""nofollow"">dlvr.it</a>",mathrubhumieng,1,False,False,,
2,2,3,"#BREAKING 
<U+2B55>D.C. police chief confirms woman  shot  killed  police   U.S. Capitol.

<U+2B55>3  people diÂ https://.co/xkdDIWogtK",False,1,,2021-01-07 04:12:30,True,,1347033345432043520,,"<a href=""http://twitter.com/download/android"" rel=""nofollow"">Twitter for Android</a>",yuganOffcial,0,False,False,,
