,,,text,favorited,favoriteCount,replyToSN,created,truncated,replyToSID,id,replyToUID,statusSource,screenName,retweetCount,isRetweet,retweeted,longitude,latitude
0,0,1,RT @Ruwanthi77: Anyone  Sampath Bank? I   issue   password self unlock  #help <f0><U+009F><U+0099><U+0088>,False,0,,2021-02-22 19:49:00,False,,1363938864918716416,,"<a href=""http://twitter.com/download/android"" rel=""nofollow"">Twitter for Android</a>",UpulTR,2,True,False,,
1,1,2,"RT @Ammatasirii: Looking   annex  rent . Single bed room, kitchen , bathroom . Sharing  house  even fine . Around Dehiwala ,mountÂ",False,0,,2021-02-22 19:03:10,False,,1363927329148260356,,"<a href=""http://twitter.com/download/iphone"" rel=""nofollow"">Twitter for iPhone</a>",GotukolaMallum,31,True,False,,
2,2,3,Aquity solutions  CHIL SEZ Keeranatham actively hiring freshers  1year experienced 'Data Associate'   MT coÂ https://.co/pq7qoC6e7X,False,1,,2021-02-22 16:35:35,True,,1363890187298693126,,"<a href=""http://twitter.com/download/android"" rel=""nofollow"">Twitter for Android</a>",patrictweets,1,False,False,,
3,3,4,"RT @ashroxx: Is   Galle - Kataragama Highway bus? Where  I find  schedule?

#help #lka",False,0,,2021-02-22 16:14:24,False,,1363884856170606593,,"<a href=""http://twitter.com/download/iphone"" rel=""nofollow"">Twitter for iPhone</a>",Lovely_Paba,0,True,False,,
4,4,5,"Is   Galle - Kataragama Highway bus? Where  I find  schedule?

#help #lka",False,1,,2021-02-22 16:11:28,False,,1363884118006587397,,"<a href=""https://mobile.twitter.com"" rel=""nofollow"">Twitter Web App</a>",ashroxx,0,False,False,,
5,5,6,"RT @ChuTneyPuDi: My friend' father needs  get  Liver Stent,  treatment cost  huge   family  falling short  funds. If Â",False,0,,2021-02-22 15:39:15,False,,1363876010593189890,,"<a href=""https://mobile.twitter.com"" rel=""nofollow"">Twitter Web App</a>",AbhiNAIK99,17,True,False,,
6,6,7,"RT @ChuTneyPuDi: My friend' father needs  get  Liver Stent,  treatment cost  huge   family  falling short  funds. If Â",False,0,,2021-02-22 15:39:00,False,,1363875947657580547,,"<a href=""http://twitter.com/download/android"" rel=""nofollow"">Twitter for Android</a>",ashwinmurthy,17,True,False,,
7,7,8,Does anyone   MagSafe 2 charger ' like  sell/give away? #lka #help,False,2,,2021-02-22 15:18:49,False,,1363870870498811908,,"<a href=""https://mobile.twitter.com"" rel=""nofollow"">Twitter Web App</a>",thamaraxyz,0,False,False,,
8,8,9,RT @ravinhwg: Anybody  knows eslint? #help,False,0,,2021-02-22 14:01:22,False,,1363851379010248706,,"<a href=""http://twitter.com/download/android"" rel=""nofollow"">Twitter for Android</a>",thejanwic,2,True,False,,
9,9,10,RT @ravinhwg: Anybody  knows eslint? #help,False,0,,2021-02-22 13:34:09,False,,1363844530328408067,,"<a href=""http://twitter.com/download/android"" rel=""nofollow"">Twitter for Android</a>",Vimukthi_93,2,True,False,,
10,10,11,Anybody  knows eslint? #help,False,2,,2021-02-22 13:32:32,False,,1363844121509523463,,"<a href=""https://mobile.twitter.com"" rel=""nofollow"">Twitter Web App</a>",ravinhwg,2,False,False,,
11,11,12,RT @Ruwanthi77: Anyone  Sampath Bank? I   issue   password self unlock  #help <f0><U+009F><U+0099><U+0088>,False,0,,2021-02-22 12:55:58,False,,1363834919357612034,,"<a href=""http://twitter.com/download/android"" rel=""nofollow"">Twitter for Android</a>",NotRomesh,2,True,False,,
12,12,13,"RT @ChuTneyPuDi: My friend' father needs  get  Liver Stent,  treatment cost  huge   family  falling short  funds. If Â",False,0,,2021-02-22 12:53:57,False,,1363834412681416708,,"<a href=""http://twitter.com/download/android"" rel=""nofollow"">Twitter for Android</a>",Pradeep35738783,17,True,False,,
13,13,14,Anyone  Sampath Bank? I   issue   password self unlock  #help <f0><U+009F><U+0099><U+0088>,False,4,,2021-02-22 12:01:55,False,,1363821318362161155,,"<a href=""http://twitter.com/download/iphone"" rel=""nofollow"">Twitter for iPhone</a>",Ruwanthi77,2,False,False,,
14,14,15,"RT @ChuTneyPuDi: My friend' father needs  get  Liver Stent,  treatment cost  huge   family  falling short  funds. If Â",False,0,,2021-02-22 09:08:15,False,,1363777615337648138,,"<a href=""http://twitter.com/download/android"" rel=""nofollow"">Twitter for Android</a>",SowmyaRavi6,17,True,False,,
15,15,16,"RT @ChuTneyPuDi: My friend' father needs  get  Liver Stent,  treatment cost  huge   family  falling short  funds. If Â",False,0,,2021-02-22 08:36:10,False,,1363769540744671236,,"<a href=""http://twitter.com/download/android"" rel=""nofollow"">Twitter for Android</a>",hemanthrao11,17,True,False,,
16,16,17,"RT @ChuTneyPuDi: My friend' father needs  get  Liver Stent,  treatment cost  huge   family  falling short  funds. If Â",False,0,,2021-02-22 07:43:32,False,,1363756292917977096,,"<a href=""http://twitter.com/download/iphone"" rel=""nofollow"">Twitter for iPhone</a>",samyuktahornad,17,True,False,,
17,17,18,"RT @ChuTneyPuDi: My friend' father needs  get  Liver Stent,  treatment cost  huge   family  falling short  funds. If Â",False,0,,2021-02-22 07:19:45,False,,1363750309856567297,,"<a href=""http://twitter.com/download/android"" rel=""nofollow"">Twitter for Android</a>",aadharamos,17,True,False,,
18,18,19,"RT @ChuTneyPuDi: My friend' father needs  get  Liver Stent,  treatment cost  huge   family  falling short  funds. If Â",False,0,,2021-02-22 07:11:35,False,,1363748252718272514,,"<a href=""http://twitter.com/download/iphone"" rel=""nofollow"">Twitter for iPhone</a>",rakshitshetty,17,True,False,,
19,19,20,"RT @ChuTneyPuDi: My friend' father needs  get  Liver Stent,  treatment cost  huge   family  falling short  funds. If Â",False,0,,2021-02-22 07:07:39,False,,1363747265106509826,,"<a href=""http://twitter.com/download/android"" rel=""nofollow"">Twitter for Android</a>",BurgerrB,17,True,False,,
20,20,21,"My friend' father needs  get  Liver Stent,  treatment cost  huge   family  falling short  funds.Â https://.co/2WeRDj47XY",False,98,,2021-02-22 06:59:12,True,,1363745136346193923,,"<a href=""https://mobile.twitter.com"" rel=""nofollow"">Twitter Web App</a>",ChuTneyPuDi,17,False,False,,
21,21,22,"whatsapp integration using PHP.

anybody ???

#help #plsRT",False,0,,2021-02-22 06:50:50,False,,1363743033053782016,,"<a href=""https://mobile.twitter.com"" rel=""nofollow"">Twitter Web App</a>",iamthachar,0,False,False,,
22,22,23,"""Until one  loved  animal,  part  one' soul remains unawakened."" - Anatole France

#MondayMotivationÂ https://.co/rZgg4lWL1i",False,9,,2021-02-22 04:21:46,True,,1363705519173591043,,"<a href=""http://twitter.com/download/android"" rel=""nofollow"">Twitter for Android</a>",SENTHILSSK1982,2,False,False,,
23,23,24,Got  call   baby  got injured. Went   rescued  baby   help   shelter boys  taÂ https://.co/aIwaSRMgPI,False,25,,2021-02-22 01:50:41,True,,1363667495660388352,,"<a href=""http://twitter.com/download/android"" rel=""nofollow"">Twitter for Android</a>",SENTHILSSK1982,10,False,False,,
24,24,25,@UberEats @Uber Made  order  Uber Eats  '     hour   order  still  processing staÂ https://.co/gFlLNlUexm,False,1,UberEats,2021-02-21 15:46:44,True,,1363515506423029767,3100005042.0,"<a href=""https://mobile.twitter.com"" rel=""nofollow"">Twitter Web App</a>",thidasapankaja,0,False,False,,
25,25,26,Can anyone help  getting  District Medical Officer  MOH district office medical certificate  employment purÂ https://.co/T1gG6JgxhI,False,0,,2021-02-21 14:55:33,True,,1363502626302615552,,"<a href=""https://mobile.twitter.com"" rel=""nofollow"">Twitter Web App</a>",Sachin94,0,False,False,,
26,26,27,"RT @SulthanOfTweet: Anyone knows   fix ?
#Help https://.co/7WSFQ38DSb",False,0,,2021-02-21 14:41:11,False,,1363499009852071947,,"<a href=""http://twitter.com/download/iphone"" rel=""nofollow"">Twitter for iPhone</a>",dkparamee,1,True,False,,
27,27,28,"Anyone knows   fix ?
#Help https://.co/7WSFQ38DSb",False,1,,2021-02-21 14:23:21,False,,1363494522030755840,,"<a href=""http://twitter.com/download/android"" rel=""nofollow"">Twitter for Android</a>",SulthanOfTweet,1,False,False,,
28,28,29,"RT @Ammatasirii: Looking   annex  rent . Single bed room, kitchen , bathroom . Sharing  house  even fine . Around Dehiwala ,mountÂ",False,0,,2021-02-21 08:32:52,False,,1363406323082166272,,"<a href=""http://twitter.com/download/android"" rel=""nofollow"">Twitter for Android</a>",Oshila123,31,True,False,,
29,29,30,"RT @Ammatasirii: Looking   annex  rent . Single bed room, kitchen , bathroom . Sharing  house  even fine . Around Dehiwala ,mountÂ",False,0,,2021-02-21 05:52:05,False,,1363365858882461700,,"<a href=""http://twitter.com/download/android"" rel=""nofollow"">Twitter for Android</a>",ItsmeSuppa,31,True,False,,
30,30,31,"RT @Ammatasirii: Looking   annex  rent . Single bed room, kitchen , bathroom . Sharing  house  even fine . Around Dehiwala ,mountÂ",False,0,,2021-02-21 05:10:40,False,,1363355433956610049,,"<a href=""http://twitter.com/download/android"" rel=""nofollow"">Twitter for Android</a>",4shade17,31,True,False,,
31,31,32,Someone help   get rid   ulcer pain <f0><U+009F><U+0098><U+0092>.  #help #Emergency #<U+0B89><U+0BA4><U+0BB5><U+0BBF>,False,0,,2021-02-21 05:07:19,False,,1363354593996902404,,"<a href=""http://twitter.com/download/android"" rel=""nofollow"">Twitter for Android</a>",23twitts,0,False,False,,
32,32,33,"RT @Ammatasirii: Looking   annex  rent . Single bed room, kitchen , bathroom . Sharing  house  even fine . Around Dehiwala ,mountÂ",False,0,,2021-02-21 04:56:17,False,,1363351818252652548,,"<a href=""http://twitter.com/download/iphone"" rel=""nofollow"">Twitter for iPhone</a>",heyitsmindyyy,31,True,False,,
33,33,34,"RT @Ammatasirii: Looking   annex  rent . Single bed room, kitchen , bathroom . Sharing  house  even fine . Around Dehiwala ,mountÂ",False,0,,2021-02-21 04:22:07,False,,1363343218197204995,,"<a href=""http://twitter.com/download/android"" rel=""nofollow"">Twitter for Android</a>",accioaccount,31,True,False,,
34,34,35,#Respect #help   https://.co/GbWdf3gIqY,False,0,,2021-02-21 03:26:17,False,,1363329169044594690,,"<a href=""http://twitter.com/download/iphone"" rel=""nofollow"">Twitter for iPhone</a>",Nishath143,0,False,False,,
35,35,36,"RT @Ammatasirii: Looking   annex  rent . Single bed room, kitchen , bathroom . Sharing  house  even fine . Around Dehiwala ,mountÂ",False,0,,2021-02-21 03:04:30,False,,1363323683981258753,,"<a href=""http://twitter.com/download/android"" rel=""nofollow"">Twitter for Android</a>",huzefa_hamid,31,True,False,,
36,36,37,"RT @Ammatasirii: Looking   annex  rent . Single bed room, kitchen , bathroom . Sharing  house  even fine . Around Dehiwala ,mountÂ",False,0,,2021-02-21 02:30:46,False,,1363315195242680328,,"<a href=""http://twitter.com/download/iphone"" rel=""nofollow"">Twitter for iPhone</a>",maashimellows,31,True,False,,
37,37,38,"RT @Ammatasirii: Looking   annex  rent . Single bed room, kitchen , bathroom . Sharing  house  even fine . Around Dehiwala ,mountÂ",False,0,,2021-02-20 22:24:53,False,,1363253316302503941,,"<a href=""http://twitter.com/download/android"" rel=""nofollow"">Twitter for Android</a>",sharond_s,31,True,False,,
38,38,39,"RT @Ammatasirii: Looking   annex  rent . Single bed room, kitchen , bathroom . Sharing  house  even fine . Around Dehiwala ,mountÂ",False,0,,2021-02-20 20:33:32,False,,1363225296036593666,,"<a href=""https://mobile.twitter.com"" rel=""nofollow"">Twitter Web App</a>",brollieonmyhead,31,True,False,,
39,39,40,"RT @Ammatasirii: Looking   annex  rent . Single bed room, kitchen , bathroom . Sharing  house  even fine . Around Dehiwala ,mountÂ",False,0,,2021-02-20 19:09:31,False,,1363204149605621761,,"<a href=""http://twitter.com/download/iphone"" rel=""nofollow"">Twitter for iPhone</a>",MistressofTomes,31,True,False,,
40,40,41,"RT @Ammatasirii: Looking   annex  rent . Single bed room, kitchen , bathroom . Sharing  house  even fine . Around Dehiwala ,mountÂ",False,0,,2021-02-20 19:03:10,False,,1363202553937207297,,"<a href=""http://twitter.com/download/android"" rel=""nofollow"">Twitter for Android</a>",januka91,31,True,False,,
41,41,42,"RT @Ammatasirii: Looking   annex  rent . Single bed room, kitchen , bathroom . Sharing  house  even fine . Around Dehiwala ,mountÂ",False,0,,2021-02-20 18:42:24,False,,1363197325791821827,,"<a href=""http://twitter.com/download/android"" rel=""nofollow"">Twitter for Android</a>",abhishrekkk,31,True,False,,
42,42,43,"RT @Ammatasirii: Looking   annex  rent . Single bed room, kitchen , bathroom . Sharing  house  even fine . Around Dehiwala ,mountÂ",False,0,,2021-02-20 18:30:15,False,,1363194270664908801,,"<a href=""https://mobile.twitter.com"" rel=""nofollow"">Twitter Web App</a>",CrazyNalin,31,True,False,,
43,43,44,"RT @Ammatasirii: Looking   annex  rent . Single bed room, kitchen , bathroom . Sharing  house  even fine . Around Dehiwala ,mountÂ",False,0,,2021-02-20 18:21:59,False,,1363192190915076097,,"<a href=""https://mobile.twitter.com"" rel=""nofollow"">Twitter Web App</a>",milzybud,31,True,False,,
44,44,45,"RT @Ammatasirii: Looking   annex  rent . Single bed room, kitchen , bathroom . Sharing  house  even fine . Around Dehiwala ,mountÂ",False,0,,2021-02-20 18:18:36,False,,1363191337017819139,,"<a href=""http://twitter.com/download/iphone"" rel=""nofollow"">Twitter for iPhone</a>",SchWino,31,True,False,,
45,45,46,"RT @Ammatasirii: Looking   annex  rent . Single bed room, kitchen , bathroom . Sharing  house  even fine . Around Dehiwala ,mountÂ",False,0,,2021-02-20 18:11:02,False,,1363189434858962950,,"<a href=""http://twitter.com/download/android"" rel=""nofollow"">Twitter for Android</a>",blaqfyre_,31,True,False,,
46,46,47,"RT @Ammatasirii: Looking   annex  rent . Single bed room, kitchen , bathroom . Sharing  house  even fine . Around Dehiwala ,mountÂ",False,0,,2021-02-20 18:09:15,False,,1363188985162424322,,"<a href=""http://twitter.com/download/android"" rel=""nofollow"">Twitter for Android</a>",wutdfark,31,True,False,,
47,47,48,"RT @Ammatasirii: Looking   annex  rent . Single bed room, kitchen , bathroom . Sharing  house  even fine . Around Dehiwala ,mountÂ",False,0,,2021-02-20 18:08:47,False,,1363188865624727554,,"<a href=""http://twitter.com/download/android"" rel=""nofollow"">Twitter for Android</a>",ThiranjaJ,31,True,False,,
48,48,49,"RT @Ammatasirii: Looking   annex  rent . Single bed room, kitchen , bathroom . Sharing  house  even fine . Around Dehiwala ,mountÂ",False,0,,2021-02-20 17:48:39,False,,1363183801409495046,,"<a href=""https://mobile.twitter.com"" rel=""nofollow"">Twitter Web App</a>",rangitha,31,True,False,,
49,49,50,"RT @Ammatasirii: Looking   annex  rent . Single bed room, kitchen , bathroom . Sharing  house  even fine . Around Dehiwala ,mountÂ",False,0,,2021-02-20 17:41:14,False,,1363181935976095747,,"<a href=""https://about.twitter.com/products/tweetdeck"" rel=""nofollow"">TweetDeck</a>",SashenMe,31,True,False,,
50,50,51,"RT @Ammatasirii: Looking   annex  rent . Single bed room, kitchen , bathroom . Sharing  house  even fine . Around Dehiwala ,mountÂ",False,0,,2021-02-20 17:41:06,False,,1363181900496474115,,"<a href=""http://twitter.com/download/iphone"" rel=""nofollow"">Twitter for iPhone</a>",AmanaIflal,31,True,False,,
51,51,52,"RT @Ammatasirii: Looking   annex  rent . Single bed room, kitchen , bathroom . Sharing  house  even fine . Around Dehiwala ,mountÂ",False,0,,2021-02-20 17:35:48,False,,1363180566393221120,,"<a href=""http://twitter.com/download/android"" rel=""nofollow"">Twitter for Android</a>",KazGirl20,31,True,False,,
52,52,53,"RT @Ammatasirii: Looking   annex  rent . Single bed room, kitchen , bathroom . Sharing  house  even fine . Around Dehiwala ,mountÂ",False,0,,2021-02-20 17:35:37,False,,1363180520356503560,,"<a href=""http://twitter.com/download/android"" rel=""nofollow"">Twitter for Android</a>",Estelle_Vasude1,31,True,False,,
53,53,54,"RT @Ammatasirii: Looking   annex  rent . Single bed room, kitchen , bathroom . Sharing  house  even fine . Around Dehiwala ,mountÂ",False,0,,2021-02-20 17:32:18,False,,1363179687464198147,,"<a href=""http://twitter.com/download/android"" rel=""nofollow"">Twitter for Android</a>",MiyuruhansiS,31,True,False,,
54,54,55,"RT @Ammatasirii: Looking   annex  rent . Single bed room, kitchen , bathroom . Sharing  house  even fine . Around Dehiwala ,mountÂ",False,0,,2021-02-20 17:29:22,False,,1363178947236700162,,"<a href=""http://twitter.com/download/iphone"" rel=""nofollow"">Twitter for iPhone</a>",nHiRanZ,31,True,False,,
55,55,56,"RT @Ammatasirii: Looking   annex  rent . Single bed room, kitchen , bathroom . Sharing  house  even fine . Around Dehiwala ,mountÂ",False,0,,2021-02-20 17:27:36,False,,1363178502011420674,,"<a href=""http://twitter.com/download/android"" rel=""nofollow"">Twitter for Android</a>",Annnuza,31,True,False,,
56,56,57,"RT @Ammatasirii: Looking   annex  rent . Single bed room, kitchen , bathroom . Sharing  house  even fine . Around Dehiwala ,mountÂ",False,0,,2021-02-20 17:27:17,False,,1363178424223756289,,"<a href=""http://twitter.com/download/iphone"" rel=""nofollow"">Twitter for iPhone</a>",rusiya_,31,True,False,,
57,57,58,"RT @Ammatasirii: Looking   annex  rent . Single bed room, kitchen , bathroom . Sharing  house  even fine . Around Dehiwala ,mountÂ",False,0,,2021-02-20 17:26:34,False,,1363178241847009282,,"<a href=""https://mobile.twitter.com"" rel=""nofollow"">Twitter Web App</a>",dil_jayarathne,31,True,False,,
58,58,59,"RT @Ammatasirii: Looking   annex  rent . Single bed room, kitchen , bathroom . Sharing  house  even fine . Around Dehiwala ,mountÂ",False,0,,2021-02-20 17:25:47,False,,1363178045977190403,,"<a href=""https://mobile.twitter.com"" rel=""nofollow"">Twitter Web App</a>",__Methmal,31,True,False,,
59,59,60,"Looking   annex  rent . Single bed room, kitchen , bathroom . Sharing  house  even fine . Around DehiwalaÂ https://.co/qz3u73PzR8",False,27,,2021-02-20 17:25:09,True,,1363177886765641730,,"<a href=""http://twitter.com/download/iphone"" rel=""nofollow"">Twitter for iPhone</a>",Ammatasirii,31,False,False,,
60,60,61,"RT @Morpeasmonk: Any screen capturing(video) tools without watermark  recording icon  mobile.

#Help

#VaathiComing #AA21 #CookWithComÂ",False,0,,2021-02-20 07:29:29,False,,1363027981103292416,,"<a href=""https://mobile.twitter.com"" rel=""nofollow"">Twitter Web App</a>",Bantu_gadu_135,1,True,False,,
61,61,62,"Any screen capturing(video) tools without watermark  recording icon  mobile.

#Help

#VaathiComing #AA21Â https://.co/q3IHtBTqxr",False,0,,2021-02-20 06:30:36,True,,1363013163822714880,,"<a href=""http://twitter.com/download/android"" rel=""nofollow"">Twitter for Android</a>",Morpeasmonk,1,False,False,,
62,62,63,@googlenexus 4a    stock  #lka  Please let  know   know  store. #Help #Nexus,False,0,googlenexus,2021-02-20 05:36:53,False,,1362999644620394499,207773069.0,"<a href=""http://twitter.com/download/android"" rel=""nofollow"">Twitter for Android</a>",raviyasas,0,False,False,,
63,63,64,"Tweeps, anyone using  dialog prepaid connection  credit  expiring   given time period? #Help",False,2,,2021-02-20 03:50:32,False,,1362972880506556417,,"<a href=""http://twitter.com/download/iphone"" rel=""nofollow"">Twitter for iPhone</a>",erangatennakoon,0,False,False,,
64,64,65,@Patymkaro @PatymBank @vijayshekhar @Paytm fraudulence  patym.. #help  track   fraud..  @PatymBankÂ https://.co/MR7BIbVu4d,False,0,,2021-02-19 19:38:18,True,,1362849005919592448,,"<a href=""http://twitter.com/download/android"" rel=""nofollow"">Twitter for Android</a>",NimaManoharan,0,False,False,,
65,65,66,"RT @GayumiKW: Guys '   big help    like  three posts  fb!<f0><U+009F><U+0098><U+008C> JUST THESE THREE POSTS!

House Baratheon
ÂAnuja Dampriya -Â",False,0,,2021-02-19 07:54:54,False,,1362671992227262468,,"<a href=""http://twitter.com/download/android"" rel=""nofollow"">Twitter for Android</a>",kaviiiiisha,4,True,False,,
66,66,67,RT @tikirimaarie: Anyone ordered items  https://.co/RGswGLW7vJ ? <f0><U+009F><U+0091><U+0080> #help #RT,False,0,,2021-02-19 07:52:43,False,,1362671441888436224,,"<a href=""http://twitter.com/download/android"" rel=""nofollow"">Twitter for Android</a>",Vimukthi_93,11,True,False,,
67,67,68,"RT @Colombo_Ladyy: A'ight! I   desperate need  help. 
Dear SL Med Twitter, 
could  help   recommending hematologists  SriÂ",False,0,,2021-02-19 06:45:15,False,,1362654461617823750,,"<a href=""http://twitter.com/download/android"" rel=""nofollow"">Twitter for Android</a>",spudsyallday,16,True,False,,
68,68,69,"RT @GayumiKW: Guys '   big help    like  three posts  fb!<f0><U+009F><U+0098><U+008C> JUST THESE THREE POSTS!

House Baratheon
ÂAnuja Dampriya -Â",False,0,,2021-02-19 06:24:33,False,,1362649251839283205,,"<a href=""http://twitter.com/download/android"" rel=""nofollow"">Twitter for Android</a>",basura11_,4,True,False,,
69,69,70,"RT @GayumiKW: Guys '   big help    like  three posts  fb!<f0><U+009F><U+0098><U+008C> JUST THESE THREE POSTS!

House Baratheon
ÂAnuja Dampriya -Â",False,0,,2021-02-19 06:01:03,False,,1362643340286595075,,"<a href=""http://twitter.com/download/android"" rel=""nofollow"">Twitter for Android</a>",Sedona_B,4,True,False,,
70,70,71,"RT @GayumiKW: Guys '   big help    like  three posts  fb!<f0><U+009F><U+0098><U+008C> JUST THESE THREE POSTS!

House Baratheon
ÂAnuja Dampriya -Â",False,0,,2021-02-19 06:00:44,False,,1362643259005181957,,"<a href=""https://mobile.twitter.com"" rel=""nofollow"">Twitter Web App</a>",chamath_er,4,True,False,,
71,71,72,"Guys '   big help    like  three posts  fb!<f0><U+009F><U+0098><U+008C> JUST THESE THREE POSTS!

House Baratheon
ÂAnuja DÂ https://.co/QT54il0cKi",False,16,,2021-02-19 06:00:08,True,,1362643108513468420,,"<a href=""http://twitter.com/download/android"" rel=""nofollow"">Twitter for Android</a>",GayumiKW,4,False,False,,
72,72,73,Does anyone knows anything  CHAINS band  INC band? <f0><U+009F><U+0098><U+0087> #RT #help,False,1,,2021-02-19 05:48:22,False,,1362640147599085568,,"<a href=""http://twitter.com/download/iphone"" rel=""nofollow"">Twitter for iPhone</a>",Ruwanthi77,0,False,False,,
73,73,74,Can anyone send   link  watch  fifty shades movie <f0><U+009F><U+0098><U+0081><U+2764><U+FE0F> #help #RT,False,6,,2021-02-19 03:36:38,False,,1362606996202004482,,"<a href=""http://twitter.com/download/android"" rel=""nofollow"">Twitter for Android</a>",ItsMeKande,0,False,False,,
74,74,75,RT @tikirimaarie: Anyone ordered items  https://.co/RGswGLW7vJ ? <f0><U+009F><U+0091><U+0080> #help #RT,False,0,,2021-02-19 00:10:00,False,,1362554994914811904,,"<a href=""http://twitter.com/download/android"" rel=""nofollow"">Twitter for Android</a>",Dr_Alien_,11,True,False,,
75,75,76,RT @tikirimaarie: Anyone ordered items  https://.co/RGswGLW7vJ ? <f0><U+009F><U+0091><U+0080> #help #RT,False,0,,2021-02-18 18:45:58,False,,1362473447259967488,,"<a href=""http://twitter.com/download/android"" rel=""nofollow"">Twitter for Android</a>",YasithDanushka,11,True,False,,
76,76,77,"RT @Colombo_Ladyy: A'ight! I   desperate need  help. 
Dear SL Med Twitter, 
could  help   recommending hematologists  SriÂ",False,0,,2021-02-18 18:23:25,False,,1362467775801823236,,"<a href=""http://twitter.com/download/iphone"" rel=""nofollow"">Twitter for iPhone</a>",zzzzzeinab,16,True,False,,
77,77,78,RT @tikirimaarie: Anyone ordered items  https://.co/RGswGLW7vJ ? <f0><U+009F><U+0091><U+0080> #help #RT,False,0,,2021-02-18 15:02:24,False,,1362417187764330503,,"<a href=""http://twitter.com/download/android"" rel=""nofollow"">Twitter for Android</a>",Anne_A_Silva,11,True,False,,
78,78,79,RT @tikirimaarie: Anyone ordered items  https://.co/RGswGLW7vJ ? <f0><U+009F><U+0091><U+0080> #help #RT,False,0,,2021-02-18 14:50:01,False,,1362414070440230915,,"<a href=""http://twitter.com/download/android"" rel=""nofollow"">Twitter for Android</a>",uruzikal,11,True,False,,
79,79,80,RT @tikirimaarie: Anyone ordered items  https://.co/RGswGLW7vJ ? <f0><U+009F><U+0091><U+0080> #help #RT,False,0,,2021-02-18 14:35:11,False,,1362410339116146692,,"<a href=""http://twitter.com/download/android"" rel=""nofollow"">Twitter for Android</a>",GayumiKW,11,True,False,,
80,80,81,RT @tikirimaarie: Anyone ordered items  https://.co/RGswGLW7vJ ? <f0><U+009F><U+0091><U+0080> #help #RT,False,0,,2021-02-18 14:33:13,False,,1362409842493718529,,"<a href=""http://twitter.com/download/iphone"" rel=""nofollow"">Twitter for iPhone</a>",sara_sach,11,True,False,,
81,81,82,RT @tikirimaarie: Anyone ordered items  https://.co/RGswGLW7vJ ? <f0><U+009F><U+0091><U+0080> #help #RT,False,0,,2021-02-18 14:31:35,False,,1362409432303480837,,"<a href=""https://mobile.twitter.com"" rel=""nofollow"">Twitter Web App</a>",Rasikalink,11,True,False,,
82,82,83,RT @tikirimaarie: Anyone ordered items  https://.co/RGswGLW7vJ ? <f0><U+009F><U+0091><U+0080> #help #RT,False,0,,2021-02-18 14:30:37,False,,1362409188991860745,,"<a href=""https://mobile.twitter.com"" rel=""nofollow"">Twitter Web App</a>",kaviiiiisha,11,True,False,,
83,83,84,RT @tikirimaarie: Anyone ordered items  https://.co/RGswGLW7vJ ? <f0><U+009F><U+0091><U+0080> #help #RT,False,0,,2021-02-18 14:29:42,False,,1362408958418378754,,"<a href=""http://twitter.com/download/android"" rel=""nofollow"">Twitter for Android</a>",__Methmal,11,True,False,,
84,84,85,Anyone ordered items  https://.co/RGswGLW7vJ ? <f0><U+009F><U+0091><U+0080> #help #RT,False,26,,2021-02-18 14:28:59,False,,1362408777505525773,,"<a href=""http://twitter.com/download/android"" rel=""nofollow"">Twitter for Android</a>",tikirimaarie,11,False,False,,
85,85,86,"RT @Colombo_Ladyy: A'ight! I   desperate need  help. 
Dear SL Med Twitter, 
could  help   recommending hematologists  SriÂ",False,0,,2021-02-18 07:56:54,False,,1362310106822504448,,"<a href=""http://twitter.com/download/android"" rel=""nofollow"">Twitter for Android</a>",praveelive,16,True,False,,
86,86,87,"RT @Colombo_Ladyy: A'ight! I   desperate need  help. 
Dear SL Med Twitter, 
could  help   recommending hematologists  SriÂ",False,0,,2021-02-18 07:33:44,False,,1362304277855625216,,"<a href=""http://twitter.com/download/android"" rel=""nofollow"">Twitter for Android</a>",MinupamaK,16,True,False,,
87,87,88,"RT @kaviiiiisha: What' best  learn?

#help",False,0,,2021-02-18 07:23:14,False,,1362301634815041542,,"<a href=""https://mobile.twitter.com"" rel=""nofollow"">Twitter Web App</a>",kaviiiiisha,1,True,False,,
88,88,89,"RT @Colombo_Ladyy: A'ight! I   desperate need  help. 
Dear SL Med Twitter, 
could  help   recommending hematologists  SriÂ",False,0,,2021-02-18 06:58:44,False,,1362295466356998146,,"<a href=""http://twitter.com/download/iphone"" rel=""nofollow"">Twitter for iPhone</a>",AnishkaW92,16,True,False,,
89,89,90,"RT @Colombo_Ladyy: A'ight! I   desperate need  help. 
Dear SL Med Twitter, 
could  help   recommending hematologists  SriÂ",False,0,,2021-02-18 06:01:02,False,,1362280947480109059,,"<a href=""https://mobile.twitter.com"" rel=""nofollow"">Twitter Web App</a>",oshadi_am,16,True,False,,
90,90,91,"RT @Colombo_Ladyy: A'ight! I   desperate need  help. 
Dear SL Med Twitter, 
could  help   recommending hematologists  SriÂ",False,0,,2021-02-18 05:12:06,False,,1362268633339072513,,"<a href=""http://twitter.com/download/android"" rel=""nofollow"">Twitter for Android</a>",Sedona_B,16,True,False,,
91,91,92,"RT @Colombo_Ladyy: A'ight! I   desperate need  help. 
Dear SL Med Twitter, 
could  help   recommending hematologists  SriÂ",False,0,,2021-02-18 04:57:16,False,,1362264900727234561,,"<a href=""http://twitter.com/download/android"" rel=""nofollow"">Twitter for Android</a>",Its_me_Navo,16,True,False,,
92,92,93,"RT @Colombo_Ladyy: A'ight! I   desperate need  help. 
Dear SL Med Twitter, 
could  help   recommending hematologists  SriÂ",False,0,,2021-02-18 04:55:29,False,,1362264450712043520,,"<a href=""http://twitter.com/download/android"" rel=""nofollow"">Twitter for Android</a>",MiyuruhansiS,16,True,False,,
93,93,94,"RT @Colombo_Ladyy: A'ight! I   desperate need  help. 
Dear SL Med Twitter, 
could  help   recommending hematologists  SriÂ",False,0,,2021-02-18 04:54:50,False,,1362264287469842434,,"<a href=""http://twitter.com/download/iphone"" rel=""nofollow"">Twitter for iPhone</a>",udaramad,16,True,False,,
94,94,95,"RT @Colombo_Ladyy: A'ight! I   desperate need  help. 
Dear SL Med Twitter, 
could  help   recommending hematologists  SriÂ",False,0,,2021-02-18 04:38:28,False,,1362260167421661186,,"<a href=""https://mobile.twitter.com"" rel=""nofollow"">Twitter Web App</a>",CrazyNalin,16,True,False,,
95,95,96,"RT @Colombo_Ladyy: A'ight! I   desperate need  help. 
Dear SL Med Twitter, 
could  help   recommending hematologists  SriÂ",False,0,,2021-02-18 04:37:35,False,,1362259946998407168,,"<a href=""https://mobile.twitter.com"" rel=""nofollow"">Twitter Web App</a>",milzybud,16,True,False,,
96,96,97,"RT @Colombo_Ladyy: A'ight! I   desperate need  help. 
Dear SL Med Twitter, 
could  help   recommending hematologists  SriÂ",False,0,,2021-02-18 04:29:18,False,,1362257862244765700,,"<a href=""http://twitter.com/download/android"" rel=""nofollow"">Twitter for Android</a>",EnThunga,16,True,False,,
97,97,98,"RT @Colombo_Ladyy: A'ight! I   desperate need  help. 
Dear SL Med Twitter, 
could  help   recommending hematologists  SriÂ",False,0,,2021-02-18 04:16:41,False,,1362254686842093571,,"<a href=""http://twitter.com/download/android"" rel=""nofollow"">Twitter for Android</a>",RansaraniBole,16,True,False,,
98,98,99,"RT @Colombo_Ladyy: A'ight! I   desperate need  help. 
Dear SL Med Twitter, 
could  help   recommending hematologists  SriÂ",False,0,,2021-02-18 04:09:51,False,,1362252967450058755,,"<a href=""http://twitter.com/download/iphone"" rel=""nofollow"">Twitter for iPhone</a>",rothbourne,16,True,False,,
99,99,100,"A'ight! I   desperate need  help. 
Dear SL Med Twitter, 
could  help   recommending hematologists Â https://.co/l8GJbmGqqv",False,24,,2021-02-18 04:09:04,True,,1362252768321232897,,"<a href=""https://mobile.twitter.com"" rel=""nofollow"">Twitter Web App</a>",Colombo_Ladyy,16,False,False,,
100,100,101,"RT @Colombo_Ladyy: Anyone    consultancy  dietician Dr.(Mrs.) Sigrid De. Silva? 
Need  help 
#lka #rt #help",False,0,,2021-02-17 18:07:44,False,,1362101439217082372,,"<a href=""http://twitter.com/download/android"" rel=""nofollow"">Twitter for Android</a>",Sedona_B,5,True,False,,
101,101,102,"RT @Dhastagirtrust: ÂHate   poison  drink hoping  enemy may dieÂ
-old saying.
#dhastagirfoundation #help #education",False,0,,2021-02-17 15:35:26,False,,1362063113126748167,,"<a href=""http://twitter.com/download/android"" rel=""nofollow"">Twitter for Android</a>",thacinemaoff,2,True,False,,
102,102,103,"RT @Dhastagirtrust: ÂHate   poison  drink hoping  enemy may dieÂ
-old saying.
#dhastagirfoundation #help #education",False,0,,2021-02-17 15:27:33,False,,1362061127128027143,,"<a href=""http://twitter.com/download/android"" rel=""nofollow"">Twitter for Android</a>",inoorulhassan,2,True,False,,
103,103,104,"RT @Colombo_Ladyy: Anyone    consultancy  dietician Dr.(Mrs.) Sigrid De. Silva? 
Need  help 
#lka #rt #help",False,0,,2021-02-17 14:45:05,False,,1362050439160598528,,"<a href=""http://twitter.com/download/android"" rel=""nofollow"">Twitter for Android</a>",WathminaWm,5,True,False,,
104,104,105,"RT @Colombo_Ladyy: Anyone    consultancy  dietician Dr.(Mrs.) Sigrid De. Silva? 
Need  help 
#lka #rt #help",False,0,,2021-02-17 14:37:58,False,,1362048649635667972,,"<a href=""http://twitter.com/download/android"" rel=""nofollow"">Twitter for Android</a>",EnThunga,5,True,False,,
105,105,106,"RT @Colombo_Ladyy: Anyone    consultancy  dietician Dr.(Mrs.) Sigrid De. Silva? 
Need  help 
#lka #rt #help",False,0,,2021-02-17 14:25:59,False,,1362045632790159366,,"<a href=""http://twitter.com/download/iphone"" rel=""nofollow"">Twitter for iPhone</a>",AnishkaW92,5,True,False,,
106,106,107,"RT @Colombo_Ladyy: Anyone    consultancy  dietician Dr.(Mrs.) Sigrid De. Silva? 
Need  help 
#lka #rt #help",False,0,,2021-02-17 14:24:51,False,,1362045350442319873,,"<a href=""http://twitter.com/download/android"" rel=""nofollow"">Twitter for Android</a>",RansaraniBole,5,True,False,,
107,107,108,"Anyone    consultancy  dietician Dr.(Mrs.) Sigrid De. Silva? 
Need  help 
#lka #rt #help",False,9,,2021-02-17 14:08:58,False,,1362041353987710976,,"<a href=""http://twitter.com/download/android"" rel=""nofollow"">Twitter for Android</a>",Colombo_Ladyy,5,False,False,,
108,108,109,"RT @ashani_jayalath: Please help! 
Does anyone know   place  find recycled polyester fabric? TIA.

#help #recycled #lka",False,0,,2021-02-17 09:11:01,False,,1361966371072970753,,"<a href=""http://twitter.com/download/iphone"" rel=""nofollow"">Twitter for iPhone</a>",AnishkaW92,3,True,False,,
109,109,110,"RT @ashani_jayalath: Please help! 
Does anyone know   place  find recycled polyester fabric? TIA.

#help #recycled #lka",False,0,,2021-02-17 09:08:09,False,,1361965648339824647,,"<a href=""https://mobile.twitter.com"" rel=""nofollow"">Twitter Web App</a>",ashandulakshana,3,True,False,,
110,110,111,"RT @ashani_jayalath: Please help! 
Does anyone know   place  find recycled polyester fabric? TIA.

#help #recycled #lka",False,0,,2021-02-17 09:07:44,False,,1361965544132337667,,"<a href=""http://twitter.com/download/android"" rel=""nofollow"">Twitter for Android</a>",DinukaNirmal,3,True,False,,
111,111,112,"Please help! 
Does anyone know   place  find recycled polyester fabric? TIA.

#help #recycled #lka",False,6,,2021-02-17 08:46:51,False,,1361960289848098822,,"<a href=""http://twitter.com/download/iphone"" rel=""nofollow"">Twitter for iPhone</a>",ashani_jayalath,3,False,False,,
112,112,113,"What' best  learn?

#help",False,22,,2021-02-17 08:30:39,False,,1361956210379923460,,"<a href=""https://mobile.twitter.com"" rel=""nofollow"">Twitter Web App</a>",kaviiiiisha,1,False,False,,
113,113,114,"RT @ravinhwg: Is   way  dynamically import Google fonts   React Native app?

example user flow,
 
user presses  drop  -&gt;Â",False,0,,2021-02-17 02:14:07,False,,1361861452852695040,,"<a href=""http://twitter.com/download/android"" rel=""nofollow"">Twitter for Android</a>",freedWrites,20,True,False,,
114,114,115,"RT @ravinhwg: Is   way  dynamically import Google fonts   React Native app?

example user flow,
 
user presses  drop  -&gt;Â",False,0,,2021-02-16 22:38:19,False,,1361807147634425857,,,CoderRetweet,20,True,False,,
115,115,116,"RT @ravinhwg: Is   way  dynamically import Google fonts   React Native app?

example user flow,
 
user presses  drop  -&gt;Â",False,0,,2021-02-16 19:16:42,False,,1361756407171801092,,"<a href=""https://twitter.com/codedailybot"" rel=""nofollow"">codedailybot</a>",codedailybot,20,True,False,,
116,116,117,"RT @ravinhwg: Is   way  dynamically import Google fonts   React Native app?

example user flow,
 
user presses  drop  -&gt;Â",False,0,,2021-02-16 19:16:42,False,,1361756407134052355,,"<a href=""https://twitter.com/codedailybot"" rel=""nofollow"">codedailybot</a>",codedailybot,20,True,False,,
117,117,118,"RT @ravinhwg: Is   way  dynamically import Google fonts   React Native app?

example user flow,
 
user presses  drop  -&gt;Â",False,0,,2021-02-16 19:16:42,False,,1361756407117316101,,"<a href=""https://twitter.com/codedailybot"" rel=""nofollow"">codedailybot</a>",codedailybot,20,True,False,,
118,118,119,"RT @ravinhwg: Is   way  dynamically import Google fonts   React Native app?

example user flow,
 
user presses  drop  -&gt;Â",False,0,,2021-02-16 19:16:17,False,,1361756303195070470,,"<a href=""https://mobile.twitter.com/MasonLasagne"" rel=""nofollow"">CoffeeSquirrels</a>",MasonLasagne,20,True,False,,
119,119,120,"RT @ravinhwg: Is   way  dynamically import Google fonts   React Native app?

example user flow,
 
user presses  drop  -&gt;Â",False,0,,2021-02-16 19:16:17,False,,1361756302108672001,,"<a href=""https://yathinbabu.github.io"" rel=""nofollow"">xael bot</a>",xaelbot,20,True,False,,
120,120,121,"RT @ravinhwg: Is   way  dynamically import Google fonts   React Native app?

example user flow,
 
user presses  drop  -&gt;Â",False,0,,2021-02-16 19:16:15,False,,1361756293648711685,,"<a href=""http://twitter.com/download/android"" rel=""nofollow"">Twitter for Android</a>",__Methmal,20,True,False,,
121,121,122,"RT @ravinhwg: Is   way  dynamically import Google fonts   React Native app?

example user flow,
 
user presses  drop  -&gt;Â",False,0,,2021-02-16 18:43:27,False,,1361748038478422017,,,30xcodes,20,True,False,,
122,122,123,"RT @ravinhwg: Is   way  dynamically import Google fonts   React Native app?

example user flow,
 
user presses  drop  -&gt;Â",False,0,,2021-02-16 18:42:30,False,,1361747802695548928,,"<a href=""http://twitter.com/download/iphone"" rel=""nofollow"">Twitter for iPhone</a>",KasunKoswattha,20,True,False,,
123,123,124,"RT @ravinhwg: Is   way  dynamically import Google fonts   React Native app?

example user flow,
 
user presses  drop  -&gt;Â",False,0,,2021-02-16 18:10:36,False,,1361739772876775426,,"<a href=""http://twitter.com/download/android"" rel=""nofollow"">Twitter for Android</a>",optimuspnj,20,True,False,,
124,124,125,"RT @ravinhwg: Is   way  dynamically import Google fonts   React Native app?

example user flow,
 
user presses  drop  -&gt;Â",False,0,,2021-02-16 14:36:10,False,,1361685808038760451,,"<a href=""https://adam-spice.online"" rel=""nofollow"">GnutsBot</a>",CodeGnuts,20,True,False,,
125,125,126,"RT @ravinhwg: Is   way  dynamically import Google fonts   React Native app?

example user flow,
 
user presses  drop  -&gt;Â",False,0,,2021-02-16 14:36:04,False,,1361685786219937793,,,CoderRetweet,20,True,False,,
126,126,127,"RT @ravinhwg: Is   way  dynamically import Google fonts   React Native app?

example user flow,
 
user presses  drop  -&gt;Â",False,0,,2021-02-16 14:20:27,False,,1361681854479405058,,"<a href=""https://pkrc267.github.io/"" rel=""nofollow"">LeetcodeBot</a>",LeetcodeB,20,True,False,,
127,127,128,"RT @ravinhwg: Is   way  dynamically import Google fonts   React Native app?

example user flow,
 
user presses  drop  -&gt;Â",False,0,,2021-02-16 14:20:10,False,,1361681780705787905,,,developer_RTbot,20,True,False,,
128,128,129,"RT @ravinhwg: Is   way  dynamically import Google fonts   React Native app?

example user flow,
 
user presses  drop  -&gt;Â",False,0,,2021-02-16 14:19:57,False,,1361681728536866819,,"<a href=""http://twitter.com/download/android"" rel=""nofollow"">Twitter for Android</a>",ashandulakshana,20,True,False,,
129,129,130,"RT @ravinhwg: Is   way  dynamically import Google fonts   React Native app?

example user flow,
 
user presses  drop  -&gt;Â",False,0,,2021-02-16 14:19:39,False,,1361681654062931976,,,devvibesbot,20,True,False,,
130,130,131,"RT @ravinhwg: Is   way  dynamically import Google fonts   React Native app?

example user flow,
 
user presses  drop  -&gt;Â",False,0,,2021-02-16 14:19:35,False,,1361681637134712839,,"<a href=""https://twitter.com/100DaysOf2020"" rel=""nofollow"">#100DaysOf2020</a>",100DaysOf2020,20,True,False,,
131,131,132,"Is   way  dynamically import Google fonts   React Native app?

example user flow,
 
user presses  droÂ https://.co/NYlLiNqaGv",False,18,,2021-02-16 14:19:05,True,,1361681511242637312,,"<a href=""https://mobile.twitter.com"" rel=""nofollow"">Twitter Web App</a>",ravinhwg,20,False,False,,
132,132,133,"RT @BopeSM: Can Â help  find  Sinhala Translation   book ÂThe Good MasterÂ  Kate Seredy?

#help #rt",False,0,,2021-02-16 09:59:39,False,,1361616223474126853,,"<a href=""http://twitter.com/download/iphone"" rel=""nofollow"">Twitter for iPhone</a>",Iam_paala,5,True,False,,
133,133,134,"RT @BopeSM: Can Â help  find  Sinhala Translation   book ÂThe Good MasterÂ  Kate Seredy?

#help #rt",False,0,,2021-02-16 09:54:37,False,,1361614955795992576,,"<a href=""http://twitter.com/download/android"" rel=""nofollow"">Twitter for Android</a>",moogater,5,True,False,,
134,134,135,"RT @BopeSM: Can Â help  find  Sinhala Translation   book ÂThe Good MasterÂ  Kate Seredy?

#help #rt",False,0,,2021-02-16 09:04:17,False,,1361602290231046144,,"<a href=""https://mobile.twitter.com"" rel=""nofollow"">Twitter Web App</a>",januka91,5,True,False,,
135,135,136,"RT @BopeSM: Can Â help  find  Sinhala Translation   book ÂThe Good MasterÂ  Kate Seredy?

#help #rt",False,0,,2021-02-16 09:02:48,False,,1361601915570692100,,"<a href=""http://twitter.com/download/android"" rel=""nofollow"">Twitter for Android</a>",EnThunga,5,True,False,,
136,136,137,"Can Â help  find  Sinhala Translation   book ÂThe Good MasterÂ  Kate Seredy?

#help #rt",False,6,,2021-02-16 09:01:21,False,,1361601549428957184,,"<a href=""http://twitter.com/download/iphone"" rel=""nofollow"">Twitter for iPhone</a>",BopeSM,5,False,False,,
137,137,138,"Help someone  need  Random Acts  Kindness Day !
#RandomActsofKindnessWeek  #RandomActsofKindnessDayÂ https://.co/N8JCk1X6cM",False,0,,2021-02-16 08:09:41,True,,1361588545522049027,,"<a href=""https://mobile.twitter.com"" rel=""nofollow"">Twitter Web App</a>",KalhanRan,0,False,False,,
138,138,139,"RT @DulajMendis: Dear All,

There'  patient  need  AB- blood, admitted  Ragama Hospital.

If '  one   donate blood Â",False,0,,2021-02-15 19:39:16,False,,1361399700860116992,,"<a href=""http://twitter.com/download/iphone"" rel=""nofollow"">Twitter for iPhone</a>",KokoColette,63,True,False,,
139,139,140,"#Hinduism #SwamiVivekananda #Karma #yoga #Help #attitude #work 

Quote 74 : ""We  help    gymnasiÂ https://.co/hajAeSupzc",False,0,,2021-02-15 15:03:55,True,,1361330406381920258,,"<a href=""https://mobile.twitter.com"" rel=""nofollow"">Twitter Web App</a>",VivekanandB,0,False,False,,
140,140,141,"RT @Narpavi6: People,  1 year old child diagnosed  blood cance, I    I  help , getting treatment reqiring laks  rupees,Â",False,0,,2021-02-15 13:44:39,False,,1361310455747108870,,"<a href=""https://mobile.twitter.com"" rel=""nofollow"">Twitter Web App</a>",MaximusAstron,2,True,False,,
141,141,142,"Can  #help us find  #book titles?

#comment  Below, else #Share   #Someone else  would #love  playÂ https://.co/uJTpVjvpKx",False,2,,2021-02-15 10:17:16,True,,1361258268161544192,,"<a href=""https://mobile.twitter.com"" rel=""nofollow"">Twitter Web App</a>",dcbooksonline,0,False,False,,
142,142,143,"Hi @airtelindia, I   customer  10+ years. Due   absence     hometown I'  used  sim caÂ https://.co/3ZUl16Okpi",False,0,,2021-02-15 09:45:46,True,,1361250341514219522,,"<a href=""http://twitter.com/download/android"" rel=""nofollow"">Twitter for Android</a>",strangerksp,0,False,False,,
143,143,144,"RT @DulajMendis: Dear All,

There'  patient  need  AB- blood, admitted  Ragama Hospital.

If '  one   donate blood Â",False,0,,2021-02-15 09:27:08,False,,1361245650101309442,,"<a href=""http://twitter.com/download/android"" rel=""nofollow"">Twitter for Android</a>",WSSW6971,63,True,False,,
144,144,145,"#cancer treatment #help   one year old child  #Coimbatore # #urgent #emergency #immediately , #savechildÂ https://.co/ZGJzlptIfH",False,0,,2021-02-15 08:26:34,True,,1361230409598521349,,"<a href=""http://twitter.com/download/android"" rel=""nofollow"">Twitter for Android</a>",Narpavi6,0,False,False,,
145,145,146,"RT @Narpavi6: People,  1 year old child diagnosed  blood cance, I    I  help , getting treatment reqiring laks  rupees,Â",False,0,,2021-02-15 07:58:41,False,,1361223392209166336,,"<a href=""http://twitter.com/download/android"" rel=""nofollow"">Twitter for Android</a>",thelifesaffron,2,True,False,,
146,146,147,"People,  1 year old child diagnosed  blood cance, I    I  help , getting treatment reqiring laksÂ https://.co/8XQercvtcl",False,1,,2021-02-15 07:40:37,True,,1361218843268370438,,"<a href=""http://twitter.com/download/android"" rel=""nofollow"">Twitter for Android</a>",Narpavi6,2,False,False,,
147,147,148,"RT @DulajMendis: Dear All,

There'  patient  need  AB- blood, admitted  Ragama Hospital.

If '  one   donate blood Â",False,0,,2021-02-15 00:44:30,False,,1361114124856385539,,"<a href=""http://twitter.com/download/android"" rel=""nofollow"">Twitter for Android</a>",ArunaPriyanka16,63,True,False,,
