,,,text,favorited,favoriteCount,replyToSN,created,truncated,replyToSID,id,replyToUID,statusSource,screenName,retweetCount,isRetweet,retweeted,longitude,latitude
0,0,1,"RT @DulajMendis: Dear All,

There'  patient  need  O+ blood, admitted   Durdans Hospital colombo.

If '  one   Â",False,0,,2021-01-28 20:16:05,False,,1354885983280508936,,,SLNewsRTBot,101,True,False,,
1,1,2,"So, surrender   need first! #lostbutfound #grace #undeserving #love #loveofJesus #Help #psalm23 #GodlyÂ https://.co/9Y20xarixR",False,0,,2021-01-28 20:08:37,True,,1354884102579576832,,"<a href=""http://twitter.com/download/android"" rel=""nofollow"">Twitter for Android</a>",NigelRobin2,0,False,False,,
2,2,3,#Flipkart @flipkartsupport @Flipkart Why  super coins getting credited even  playing daily ?? Its   monÂ https://.co/c9HNgBZJBT,False,0,,2021-01-28 17:58:19,True,,1354851312337260545,,"<a href=""http://twitter.com/download/android"" rel=""nofollow"">Twitter for Android</a>",Yazhinisiddhu,0,False,False,,
3,3,4,"RT @codfx: Hello everyone, I  looking  finance writers  work   long term project  freelancers. This    great opportunityÂ",False,0,,2021-01-28 17:14:43,False,,1354840341518512130,,"<a href=""http://twitter.com/download/android"" rel=""nofollow"">Twitter for Android</a>",ZamanX90,15,True,False,,
4,4,5,"RT @codfx: Hello everyone, I  looking  finance writers  work   long term project  freelancers. This    great opportunityÂ",False,0,,2021-01-28 17:06:34,False,,1354838288650133510,,"<a href=""https://mobile.twitter.com"" rel=""nofollow"">Twitter Web App</a>",TheSauceCode,15,True,False,,
5,5,6,"RT @Swetha1109: It  tough, 
But happening   good cause. 
I think   handle     support...
#save_doctors_annamalaiÂ",False,0,,2021-01-28 15:09:20,False,,1354808787358507013,,"<a href=""http://twitter.com/download/android"" rel=""nofollow"">Twitter for Android</a>",KHarimani,8,True,False,,
6,6,7,"We organize  conduct charity. Join us  support us.

Contact : 70129 13583

#charity #charitabletrust_keralaÂ https://.co/4MNbAqaSHV",False,0,,2021-01-28 15:05:59,True,,1354807942168551431,,"<a href=""https://mobile.twitter.com"" rel=""nofollow"">Twitter Web App</a>",ebrameshdaya,0,False,False,,
7,7,8,"We organize  conduct charity. Join us  support us.

Contact : 70129 13583

#charity #charitabletrust_keralaÂ https://.co/4EYD26MvhQ",False,0,,2021-01-28 15:05:26,True,,1354807805077671938,,"<a href=""https://mobile.twitter.com"" rel=""nofollow"">Twitter Web App</a>",dayapki,0,False,False,,
8,8,9,"RT @Swetha1109: It  tough, 
But happening   good cause. 
I think   handle     support...
#save_doctors_annamalaiÂ",False,0,,2021-01-28 14:43:33,False,,1354802299495829507,,"<a href=""https://mobile.twitter.com"" rel=""nofollow"">Twitter Web App</a>",Preethivijay23,8,True,False,,
9,9,10,"RT @Swetha1109: It  tough, 
But happening   good cause. 
I think   handle     support...
#save_doctors_annamalaiÂ",False,0,,2021-01-28 14:42:33,False,,1354802044373135361,,"<a href=""http://twitter.com/download/android"" rel=""nofollow"">Twitter for Android</a>",reethu_22,8,True,False,,
10,10,11,"RT @Swetha1109: It  tough, 
But happening   good cause. 
I think   handle     support...
#save_doctors_annamalaiÂ",False,0,,2021-01-28 13:48:52,False,,1354788534503108615,,"<a href=""http://twitter.com/download/android"" rel=""nofollow"">Twitter for Android</a>",PonniSakthi,8,True,False,,
11,11,12,"RT @Sanjivakkuk: Can someone suggest   good screen recorder app  iOS please?
#help #RetweeetPlease",False,0,,2021-01-28 13:41:48,False,,1354786757934342150,,"<a href=""http://twitter.com/download/android"" rel=""nofollow"">Twitter for Android</a>",SuuTikka,1,True,False,,
12,12,13,"Can someone suggest   good screen recorder app  iOS please?
#help #RetweeetPlease",False,2,,2021-01-28 13:40:27,False,,1354786418644627456,,"<a href=""http://twitter.com/download/iphone"" rel=""nofollow"">Twitter for iPhone</a>",Sanjivakkuk,1,False,False,,
13,13,14,"RT @Swetha1109: It  tough, 
But happening   good cause. 
I think   handle     support...
#save_doctors_annamalaiÂ",False,0,,2021-01-28 13:18:51,False,,1354780980628733952,,"<a href=""http://twitter.com/download/android"" rel=""nofollow"">Twitter for Android</a>",Akhilaanu99,8,True,False,,
14,14,15,"RT @Swetha1109: It  tough, 
But happening   good cause. 
I think   handle     support...
#save_doctors_annamalaiÂ",False,0,,2021-01-28 12:46:56,False,,1354772949903974404,,"<a href=""http://twitter.com/download/android"" rel=""nofollow"">Twitter for Android</a>",MoniKrish23,8,True,False,,
15,15,16,"Does anyone knows Chinese ? I want  translation   :/

#Help https://.co/3kO58Slno6",False,2,,2021-01-28 11:51:24,False,,1354758974227296260,,"<a href=""http://twitter.com/download/iphone"" rel=""nofollow"">Twitter for iPhone</a>",Dinu_Akshii,0,False,False,,
16,16,17,"RT @codfx: Hello everyone, I  looking  finance writers  work   long term project  freelancers. This    great opportunityÂ",False,0,,2021-01-28 08:26:01,False,,1354707287097524226,,"<a href=""http://twitter.com/download/iphone"" rel=""nofollow"">Twitter for iPhone</a>",CrazyCoolCL,15,True,False,,
17,17,18,"RT @Swetha1109: It  tough, 
But happening   good cause. 
I think   handle     support...
#save_doctors_annamalaiÂ",False,0,,2021-01-28 07:15:48,False,,1354689619640508416,,"<a href=""http://twitter.com/download/android"" rel=""nofollow"">Twitter for Android</a>",MedicineJustice,8,True,False,,
18,18,19,"RT @Swetha1109: It  tough, 
But happening   good cause. 
I think   handle     support...
#save_doctors_annamalaiÂ",False,0,,2021-01-28 07:09:12,False,,1354687955193929730,,"<a href=""http://twitter.com/download/android"" rel=""nofollow"">Twitter for Android</a>",Mahandr03817156,8,True,False,,
19,19,20,"RT @codfx: Hello everyone, I  looking  finance writers  work   long term project  freelancers. This    great opportunityÂ",False,0,,2021-01-28 04:36:18,False,,1354649479681609729,,"<a href=""http://twitter.com/download/iphone"" rel=""nofollow"">Twitter for iPhone</a>",P0dda,15,True,False,,
20,20,21,"Is   light weight alternative  #mathjs?

#100DaysOfCode #help #javascript",False,1,,2021-01-28 02:14:42,False,,1354613843918393344,,"<a href=""http://twitter.com/download/android"" rel=""nofollow"">Twitter for Android</a>",iamSahithyan,1,False,False,,
21,21,22,"It  tough, 
But happening   good cause. 
I think   handle     support...Â https://.co/BRwpzLsPVi",False,13,,2021-01-28 02:05:27,True,,1354611517425995777,,"<a href=""http://twitter.com/download/android"" rel=""nofollow"">Twitter for Android</a>",Swetha1109,8,False,False,,
22,22,23,"RT @codfx: Hello everyone, I  looking  finance writers  work   long term project  freelancers. This    great opportunityÂ",False,0,,2021-01-27 17:28:02,False,,1354481301785554947,,"<a href=""http://twitter.com/download/android"" rel=""nofollow"">Twitter for Android</a>",janitHHH,15,True,False,,
23,23,24,"RT @codfx: Hello everyone, I  looking  finance writers  work   long term project  freelancers. This    great opportunityÂ",False,0,,2021-01-27 16:53:36,False,,1354472637548752898,,"<a href=""http://twitter.com/download/android"" rel=""nofollow"">Twitter for Android</a>",uruzikal,15,True,False,,
24,24,25,"RT @codfx: Hello everyone, I  looking  finance writers  work   long term project  freelancers. This    great opportunityÂ",False,0,,2021-01-27 16:03:22,False,,1354459996528885763,,"<a href=""http://twitter.com/download/android"" rel=""nofollow"">Twitter for Android</a>",iampiyumi_,15,True,False,,
25,25,26,"RT @codfx: Hello everyone, I  looking  finance writers  work   long term project  freelancers. This    great opportunityÂ",False,0,,2021-01-27 15:48:14,False,,1354456189573025794,,"<a href=""http://twitter.com/download/iphone"" rel=""nofollow"">Twitter for iPhone</a>",CrazyNalin,15,True,False,,
26,26,27,"RT @codfx: Hello everyone, I  looking  finance writers  work   long term project  freelancers. This    great opportunityÂ",False,0,,2021-01-27 15:45:41,False,,1354455546120687620,,"<a href=""http://twitter.com/download/android"" rel=""nofollow"">Twitter for Android</a>",EnThunga,15,True,False,,
27,27,28,"RT @codfx: Hello everyone, I  looking  finance writers  work   long term project  freelancers. This    great opportunityÂ",False,0,,2021-01-27 15:36:46,False,,1354453301790527488,,"<a href=""http://twitter.com/download/android"" rel=""nofollow"">Twitter for Android</a>",Chamalka_N,15,True,False,,
28,28,29,"RT @codfx: Hello everyone, I  looking  finance writers  work   long term project  freelancers. This    great opportunityÂ",False,0,,2021-01-27 15:35:45,False,,1354453046739296259,,"<a href=""http://twitter.com/download/iphone"" rel=""nofollow"">Twitter for iPhone</a>",DulajMendis,15,True,False,,
29,29,30,"RT @codfx: Hello everyone, I  looking  finance writers  work   long term project  freelancers. This    great opportunityÂ",False,0,,2021-01-27 15:31:47,False,,1354452046775267328,,"<a href=""http://twitter.com/download/iphone"" rel=""nofollow"">Twitter for iPhone</a>",ShehanThamel,15,True,False,,
30,30,31,"RT @codfx: Hello everyone, I  looking  finance writers  work   long term project  freelancers. This    great opportunityÂ",False,0,,2021-01-27 15:31:28,False,,1354451966945013767,,"<a href=""http://twitter.com/download/iphone"" rel=""nofollow"">Twitter for iPhone</a>",sara_sach,15,True,False,,
31,31,32,"Hello everyone, I  looking  finance writers  work   long term project  freelancers. This    greaÂ https://.co/crs8wJZS6T",False,5,,2021-01-27 15:29:18,True,,1354451425389142016,,"<a href=""https://mobile.twitter.com"" rel=""nofollow"">Twitter Web App</a>",codfx,15,False,False,,
32,32,33,"RT @tikirimaarie: Anyone  used GCP IAM? Need  help! 
#help #RT",False,0,,2021-01-27 09:52:18,False,,1354366615027032064,,"<a href=""http://twitter.com/download/android"" rel=""nofollow"">Twitter for Android</a>",EnThunga,14,True,False,,
33,33,34,"Why ' #javascript  operator overloading?

#help",False,2,,2021-01-27 08:50:13,False,,1354350990833508354,,"<a href=""http://twitter.com/download/android"" rel=""nofollow"">Twitter for Android</a>",iamSahithyan,0,False,False,,
34,34,35,"RT @DulajMendis: Dear All,

There'  patient  need  O+ blood, admitted   Durdans Hospital colombo.

If '  one   Â",False,0,,2021-01-27 06:54:27,False,,1354321858200539137,,,SLNewsRTBot,101,True,False,,
35,35,36,"RT @Sundarmahi__: Tomorrow #thaipusam2021 thana Govt. Holiday va ?? Apo ?? 

#help",False,0,,2021-01-27 06:15:26,False,,1354312038424530947,,"<a href=""http://twitter.com/download/android"" rel=""nofollow"">Twitter for Android</a>",Thalapathyfansi,3,True,False,,
36,36,37,"Does anybody know   service  takes away old broken washing machines based  Colombo?
#help #lka",False,0,,2021-01-27 05:56:06,False,,1354307174898442242,,"<a href=""http://twitter.com/download/android"" rel=""nofollow"">Twitter for Android</a>",jessiefer,0,False,False,,
37,37,38,"RT @Sundarmahi__: Tomorrow #thaipusam2021 thana Govt. Holiday va ?? Apo ?? 

#help",False,0,,2021-01-27 04:43:04,False,,1354288794711670785,,"<a href=""https://mobile.twitter.com"" rel=""nofollow"">Twitter Web App</a>",Arvindh_ofcl,3,True,False,,
38,38,39,"RT @Sundarmahi__: Tomorrow #thaipusam2021 thana Govt. Holiday va ?? Apo ?? 

#help",False,0,,2021-01-27 04:41:44,False,,1354288460022988800,,"<a href=""http://twitter.com/download/android"" rel=""nofollow"">Twitter for Android</a>",squad_plus,3,True,False,,
39,39,40,"Tomorrow #thaipusam2021 thana Govt. Holiday va ?? Apo ?? 

#help",False,3,,2021-01-27 04:39:22,False,,1354287862548578305,,"<a href=""http://twitter.com/download/android"" rel=""nofollow"">Twitter for Android</a>",Sundarmahi__,3,False,False,,
40,40,41,"Even   loud noise Modi govt   intention  make  bill  favour   farmers.

Money speaks  Â https://.co/GJa7SRwGbT",False,0,,2021-01-27 02:50:22,True,,1354260433251692546,,"<a href=""http://twitter.com/download/android"" rel=""nofollow"">Twitter for Android</a>",saudmali,0,False,False,,
41,41,42,What   quickest way  send  card  Negambo  one day?  need  send   Friday morning. since tomorrowÂ https://.co/I7R87rJ5GB,False,1,,2021-01-27 01:30:59,True,,1354240455593099266,,"<a href=""http://twitter.com/download/iphone"" rel=""nofollow"">Twitter for iPhone</a>",nilmini_r,2,False,False,,
42,42,43,"RT @tikirimaarie: Anyone  used GCP IAM? Need  help! 
#help #RT",False,0,,2021-01-26 18:13:46,False,,1354130425501900800,,"<a href=""http://twitter.com/download/iphone"" rel=""nofollow"">Twitter for iPhone</a>",timx_sws,14,True,False,,
43,43,44,"RT @tikirimaarie: Anyone  used GCP IAM? Need  help! 
#help #RT",False,0,,2021-01-26 17:44:12,False,,1354122983153967104,,"<a href=""http://twitter.com/download/android"" rel=""nofollow"">Twitter for Android</a>",NandiyaLive2,14,True,False,,
44,44,45,"RT @tikirimaarie: Anyone  used GCP IAM? Need  help! 
#help #RT",False,0,,2021-01-26 17:32:38,False,,1354120073082900480,,"<a href=""http://twitter.com/download/android"" rel=""nofollow"">Twitter for Android</a>",Dr_Alien_,14,True,False,,
45,45,46,"RT @tikirimaarie: Anyone  used GCP IAM? Need  help! 
#help #RT",False,0,,2021-01-26 17:25:38,False,,1354118313832546309,,"<a href=""http://twitter.com/download/android"" rel=""nofollow"">Twitter for Android</a>",Its_me_Navo,14,True,False,,
46,46,47,"RT @tikirimaarie: Anyone  used GCP IAM? Need  help! 
#help #RT",False,0,,2021-01-26 17:22:43,False,,1354117578101239817,,"<a href=""https://mobile.twitter.com"" rel=""nofollow"">Twitter Web App</a>",dil_jayarathne,14,True,False,,
47,47,48,"RT @tikirimaarie: Anyone  used GCP IAM? Need  help! 
#help #RT",False,0,,2021-01-26 17:20:42,False,,1354117071337107463,,"<a href=""http://twitter.com/download/iphone"" rel=""nofollow"">Twitter for iPhone</a>",fake_or_real_,14,True,False,,
48,48,49,"RT @tikirimaarie: Anyone  used GCP IAM? Need  help! 
#help #RT",False,0,,2021-01-26 17:19:09,False,,1354116678779510784,,"<a href=""http://twitter.com/download/android"" rel=""nofollow"">Twitter for Android</a>",uruzikal,14,True,False,,
49,49,50,"RT @tikirimaarie: Anyone  used GCP IAM? Need  help! 
#help #RT",False,0,,2021-01-26 16:57:36,False,,1354111257138237440,,"<a href=""http://twitter.com/download/android"" rel=""nofollow"">Twitter for Android</a>",Vimukthi_93,14,True,False,,
50,50,51,"RT @iamSahithyan: Looking  #help  #javascript 

Is   javascript alternative  #python' __add__  __mul__ functions?

:
httpsÂ",False,0,,2021-01-26 16:50:38,False,,1354109502530973700,,,devvibesbot,1,True,False,,
51,51,52,"Looking  #help  #javascript 

Is   javascript alternative  #python' __add__  __mul__ functions?

:
https://.co/pSR5tBCmTi",False,1,,2021-01-26 16:50:32,False,,1354109478807990273,,"<a href=""https://mobile.twitter.com"" rel=""nofollow"">Twitter Web App</a>",iamSahithyan,1,False,False,,
52,52,53,"RT @tikirimaarie: Anyone  used GCP IAM? Need  help! 
#help #RT",False,0,,2021-01-26 16:47:49,False,,1354108794309996544,,"<a href=""http://twitter.com/download/android"" rel=""nofollow"">Twitter for Android</a>",GayumiKW,14,True,False,,
53,53,54,"RT @tikirimaarie: Anyone  used GCP IAM? Need  help! 
#help #RT",False,0,,2021-01-26 16:46:51,False,,1354108551485157382,,"<a href=""http://twitter.com/download/android"" rel=""nofollow"">Twitter for Android</a>",ravinhwg,14,True,False,,
54,54,55,"RT @tikirimaarie: Anyone  used GCP IAM? Need  help! 
#help #RT",False,0,,2021-01-26 16:44:45,False,,1354108023531159552,,"<a href=""http://twitter.com/download/android"" rel=""nofollow"">Twitter for Android</a>",Spacewalkerlive,14,True,False,,
55,55,56,"RT @tikirimaarie: Anyone  used GCP IAM? Need  help! 
#help #RT",False,0,,2021-01-26 16:43:03,False,,1354107595909439490,,"<a href=""http://itunes.apple.com/us/app/twitter/id409789998?mt=12"" rel=""nofollow"">Twitter for Mac</a>",lahirutheflash,14,True,False,,
56,56,57,"RT @tikirimaarie: Anyone  used GCP IAM? Need  help! 
#help #RT",False,0,,2021-01-26 16:42:41,False,,1354107505069219841,,"<a href=""https://mobile.twitter.com"" rel=""nofollow"">Twitter Web App</a>",__Methmal,14,True,False,,
57,57,58,"Anyone  used GCP IAM? Need  help! 
#help #RT",False,29,,2021-01-26 16:42:34,False,,1354107474098450432,,"<a href=""http://twitter.com/download/android"" rel=""nofollow"">Twitter for Android</a>",tikirimaarie,14,False,False,,
58,58,59,"RT @iamSahithyan: A question  people  build calculator app  using eval()  #javascript,

""How   avoid 0.2 + 0.1 giving 0.3000Â",False,0,,2021-01-26 14:00:46,False,,1354066753781964802,,,devvibesbot,1,True,False,,
59,59,60,"A question  people  build calculator app  using eval()  #javascript,

""How   avoid 0.2 + 0.1 givingÂ https://.co/HFsMxX3GQ3",False,1,,2021-01-26 13:54:03,True,,1354065066304237568,,"<a href=""http://twitter.com/download/android"" rel=""nofollow"">Twitter for Android</a>",iamSahithyan,1,False,False,,
60,60,61,"Why  people Â happy  work? Including .
Need  opinions. #Help",False,0,,2021-01-26 13:17:19,False,,1354055822226059264,,"<a href=""http://twitter.com/download/android"" rel=""nofollow"">Twitter for Android</a>",itsJeewantha,0,False,False,,
61,61,62,"PH Foundation Group 20 <f0><U+009F><U+0091><U+0087> 
#help 

Follow  link  join  WhatsApp group: https://.co/m0ZVDGGUOH https://.co/ku3VY7rgy1",False,1,,2021-01-26 01:11:58,False,,1353873279644291074,,"<a href=""http://twitter.com/download/android"" rel=""nofollow"">Twitter for Android</a>",mtafnan10,0,False,False,,
62,62,63,"RT @DulajMendis: Dear All,

There'  patient  need  O+ blood, admitted   Durdans Hospital colombo.

If '  one   Â",False,0,,2021-01-25 18:40:39,False,,1353774803988189185,,,SLNewsRTBot,101,True,False,,
63,63,64,"RT @DulajMendis: Dear All,

There'  patient  need  O+ blood, admitted   Durdans Hospital colombo.

If '  one   Â",False,0,,2021-01-25 06:32:15,False,,1353591495333470208,,,SLNewsRTBot,101,True,False,,
64,64,65,"RT @BopeSM: Is  anyone working  SLIC? 
#help #rt",False,0,,2021-01-25 06:11:31,False,,1353586278844006400,,"<a href=""https://mobile.twitter.com"" rel=""nofollow"">Twitter Web App</a>",PNaweena,12,True,False,,
65,65,66,"RT @DulajMendis: Dear All,

There'  patient  need  O+ blood, admitted   Durdans Hospital colombo.

If '  one   Â",False,0,,2021-01-24 14:58:13,False,,1353356439545241602,,,SLNewsRTBot,101,True,False,,
66,66,67,RT @DaspellSkyniel: Hi Guys I' working   project  I need help  triangulation technique  NFC.. And need  increase mobile calÂ,False,0,,2021-01-24 07:37:12,False,,1353245452515364864,,"<a href=""http://yoelijoserfeliz.com.mx"" rel=""nofollow"">Pachamama_X</a>",BlkHwk0ps,7,True,False,,
67,67,68,RT @DaspellSkyniel: Hi Guys I' working   project  I need help  triangulation technique  NFC.. And need  increase mobile calÂ,False,0,,2021-01-24 07:37:05,False,,1353245422962286592,,"<a href=""https://mybot.twitter.com"" rel=""nofollow"">AiSpaceBot</a>",godfrey_G_,7,True,False,,
68,68,69,RT @DaspellSkyniel: Hi Guys I' working   project  I need help  triangulation technique  NFC.. And need  increase mobile calÂ,False,0,,2021-01-24 07:05:55,False,,1353237581136162816,,,IndieDevProBot,7,True,False,,
69,69,70,RT @DaspellSkyniel: Hi Guys I' working   project  I need help  triangulation technique  NFC.. And need  increase mobile calÂ,False,0,,2021-01-24 06:55:27,False,,1353234946912104449,,,DjangoBot_,7,True,False,,
70,70,71,RT @DaspellSkyniel: Hi Guys I' working   project  I need help  triangulation technique  NFC.. And need  increase mobile calÂ,False,0,,2021-01-24 06:55:27,False,,1353234946689798145,,,iPythonistaBot,7,True,False,,
71,71,72,Hi Guys I' working   project  I need help  triangulation technique  NFC.. And need  increase mobileÂ https://.co/nLLV5kzgiV,False,2,,2021-01-24 06:55:22,True,,1353234924300472321,,"<a href=""http://twitter.com/download/android"" rel=""nofollow"">Twitter for Android</a>",DaspellSkyniel,7,False,False,,
72,72,73,Can  increase  commercial bank online transfer limit? Anyone working  Commbank? #Help,False,0,,2021-01-24 06:46:38,False,,1353232724497203200,,"<a href=""http://twitter.com/download/android"" rel=""nofollow"">Twitter for Android</a>",RamithaJ,0,False,False,,
73,73,74,"RT @DulajMendis: Dear All,

There'  patient  need  O+ blood, admitted   Durdans Hospital colombo.

If '  one   Â",False,0,,2021-01-24 05:03:52,False,,1353206865505693699,,,SLNewsRTBot,101,True,False,,
74,74,75,"RT @Nadeez__: If    ceylinco genera insurance policy holder, please help . It    great help assistance    completÂ",False,0,,2021-01-24 03:26:04,False,,1353182251446632454,,"<a href=""http://twitter.com/download/iphone"" rel=""nofollow"">Twitter for iPhone</a>",Kesara_96,6,True,False,,
75,75,76,RT @thejanwic: Architecture &amp; Landscape Architecture Aptitude test <U+0D91><U+0D9A> <U+0DBD><U+0DD2><U+0DBA><U+0DB4><U+0DD4> <U+0D9A><U+0DD9><U+0DB1><U+0DD9><U+0D9A><U+0DCA> <U+0D89><U+0DB1><U+0DCA><U+0DB1><U+0DC0><U+0DAF> ? #rt #HELP,False,0,,2021-01-24 03:01:45,False,,1353176132758200321,,"<a href=""http://twitter.com/download/iphone"" rel=""nofollow"">Twitter for iPhone</a>",unknown_lankan,1,True,False,,
76,76,77,Architecture &amp; Landscape Architecture Aptitude test <U+0D91><U+0D9A> <U+0DBD><U+0DD2><U+0DBA><U+0DB4><U+0DD4> <U+0D9A><U+0DD9><U+0DB1><U+0DD9><U+0D9A><U+0DCA> <U+0D89><U+0DB1><U+0DCA><U+0DB1><U+0DC0><U+0DAF> ? #rt #HELP,False,4,,2021-01-24 02:57:54,False,,1353175163345522689,,"<a href=""https://mobile.twitter.com"" rel=""nofollow"">Twitter Web App</a>",thejanwic,1,False,False,,
77,77,78,To  Apple guru'  . What'  best way  jailbreak  iPhone SE Running iOS 14.3 without  mac? And thÂ https://.co/d4Jiu1msXn,False,2,,2021-01-24 02:50:10,True,,1353173219499380736,,"<a href=""http://twitter.com/download/android"" rel=""nofollow"">Twitter for Android</a>",k9yosh,0,False,False,,
78,78,79,"RT @Nadeez__: If    ceylinco genera insurance policy holder, please help . It    great help assistance    completÂ",False,0,,2021-01-24 02:35:19,False,,1353169480063610882,,"<a href=""http://twitter.com/download/iphone"" rel=""nofollow"">Twitter for iPhone</a>",erangatennakoon,6,True,False,,
79,79,80,"RT @Nadeez__: If    ceylinco genera insurance policy holder, please help . It    great help assistance    completÂ",False,0,,2021-01-23 16:36:40,False,,1353018826624016385,,"<a href=""http://twitter.com/download/iphone"" rel=""nofollow"">Twitter for iPhone</a>",DulajMendis,6,True,False,,
80,80,81,"RT @Nadeez__: If    ceylinco genera insurance policy holder, please help . It    great help assistance    completÂ",False,0,,2021-01-23 15:44:36,False,,1353005721437282304,,"<a href=""http://twitter.com/download/android"" rel=""nofollow"">Twitter for Android</a>",yasasw,6,True,False,,
81,81,82,"RT @Nadeez__: If    ceylinco genera insurance policy holder, please help . It    great help assistance    completÂ",False,0,,2021-01-23 15:44:06,False,,1353005594920235008,,"<a href=""https://mobile.twitter.com"" rel=""nofollow"">Twitter Web App</a>",CrazyNalin,6,True,False,,
82,82,83,"If    ceylinco genera insurance policy holder, please help . It    great help assistance   cÂ https://.co/d6yYr3JARc",False,3,,2021-01-23 15:41:54,True,,1353005041544646662,,"<a href=""http://twitter.com/download/android"" rel=""nofollow"">Twitter for Android</a>",Nadeez__,6,False,False,,
83,83,84,"Any job vacancies around Colombo ? If   , send   DM please <f0><U+009F><U+0092><U+009D>

#Help",False,15,,2021-01-23 13:27:09,False,,1352971133713141762,,"<a href=""http://twitter.com/download/android"" rel=""nofollow"">Twitter for Android</a>",amashani_herath,7,False,False,,
84,84,85,"RT @DulajMendis: Dear All,

There'  patient  need  O+ blood, admitted   Durdans Hospital colombo.

If '  one   Â",False,0,,2021-01-23 11:19:42,False,,1352939057148522497,,,SLNewsRTBot,101,True,False,,
85,85,86,"RT @D4Vsupport: D4V Office space
D4V  searching  office spacefor   Administration works, utilize  assets, conduct careeÂ",False,0,,2021-01-23 03:59:44,False,,1352828338486693890,,"<a href=""http://twitter.com/download/android"" rel=""nofollow"">Twitter for Android</a>",rajakrr,2,True,False,,
86,86,87,"RT @lahirutheflash: Does anyone  owns  M1 macbook pro  ?
(need  know something)
#help",False,0,,2021-01-23 03:20:23,False,,1352818435441324032,,"<a href=""http://twitter.com/download/android"" rel=""nofollow"">Twitter for Android</a>",sajitha_tj,5,True,False,,
87,87,88,"RT @SamidassEswaran: #URGENT #Help
#Blood
Blood required

Dear friends, 2units  B- blood group  required  emergency dialysis.

PlsÂ",False,0,,2021-01-23 03:18:14,False,,1352817894242054144,,"<a href=""https://mobile.twitter.com"" rel=""nofollow"">Twitter Web App</a>",iamnitinsea,1,True,False,,
88,88,89,"#URGENT #Help
#Blood
Blood required

Dear friends, 2units  B- blood group  required  emergency dialysis.Â https://.co/zoainQ5xWG",False,2,,2021-01-23 03:17:43,True,,1352817763245453312,,"<a href=""http://twitter.com/download/android"" rel=""nofollow"">Twitter for Android</a>",SamidassEswaran,1,False,False,,
89,89,90,"RT @lahirutheflash: Does anyone  owns  M1 macbook pro  ?
(need  know something)
#help",False,0,,2021-01-23 02:13:30,False,,1352801601786793986,,"<a href=""http://twitter.com/download/android"" rel=""nofollow"">Twitter for Android</a>",uruzikal,5,True,False,,
90,90,91,"RT @D4Vsupport: D4V Office space
D4V  searching  office spacefor   Administration works, utilize  assets, conduct careeÂ",False,0,,2021-01-23 00:16:47,False,,1352772231277895681,,"<a href=""http://twitter.com/download/android"" rel=""nofollow"">Twitter for Android</a>",Esakkiappan_e88,2,True,False,,
91,91,92,"D4V Office space
D4V  searching  office spacefor   Administration works, utilize  assets, conduÂ https://.co/ippbl8ThO7",False,2,,2021-01-22 19:49:26,True,,1352704949885386753,,"<a href=""http://twitter.com/download/android"" rel=""nofollow"">Twitter for Android</a>",D4Vsupport,2,False,False,,
92,92,93,"RT @lahirutheflash: Does anyone  owns  M1 macbook pro  ?
(need  know something)
#help",False,0,,2021-01-22 18:58:50,False,,1352692214598610945,,"<a href=""http://twitter.com/download/iphone"" rel=""nofollow"">Twitter for iPhone</a>",hirannd,5,True,False,,
93,93,94,"RT @lahirutheflash: Does anyone  owns  M1 macbook pro  ?
(need  know something)
#help",False,0,,2021-01-22 18:56:18,False,,1352691576300965893,,"<a href=""http://twitter.com/download/android"" rel=""nofollow"">Twitter for Android</a>",ItsMeKande,5,True,False,,
94,94,95,"RT @lahirutheflash: Does anyone  owns  M1 macbook pro  ?
(need  know something)
#help",False,0,,2021-01-22 18:18:24,False,,1352682038780964864,,"<a href=""http://twitter.com/download/android"" rel=""nofollow"">Twitter for Android</a>",GayumiKW,5,True,False,,
95,95,96,RT @iamrajesh_sct: Any App Available To Book Hotel Rooms In Cheap Rate  Over India? #Help,False,0,,2021-01-22 17:29:42,False,,1352669785100718081,,"<a href=""http://twitter.com/download/android"" rel=""nofollow"">Twitter for Android</a>",ajithkumar_2020,10,True,False,,
96,96,97,"RT @DulajMendis: Dear All,

There'  patient  need  O+ blood, admitted   Durdans Hospital colombo.

If '  one   Â",False,0,,2021-01-22 17:12:22,False,,1352665421682520064,,,SLNewsRTBot,101,True,False,,
97,97,98,"Does anyone  owns  M1 macbook pro  ?
(need  know something)
#help",False,10,,2021-01-22 16:16:08,False,,1352651269459107841,,"<a href=""https://mobile.twitter.com"" rel=""nofollow"">Twitter Web App</a>",lahirutheflash,5,False,False,,
98,98,99,RT @ItsMeKande: Please RT  post  #help,False,0,,2021-01-22 15:46:59,False,,1352643934791626754,,"<a href=""http://twitter.com/download/android"" rel=""nofollow"">Twitter for Android</a>",farhanMohomadd,4,True,False,,
99,99,100,RT @iamrajesh_sct: Any App Available To Book Hotel Rooms In Cheap Rate  Over India? #Help,False,0,,2021-01-22 15:44:11,False,,1352643228034502657,,"<a href=""http://twitter.com/download/android"" rel=""nofollow"">Twitter for Android</a>",Sanjay55483505,10,True,False,,
100,100,101,RT @ItsMeKande: Please RT  post  #help,False,0,,2021-01-22 15:23:58,False,,1352638140654080006,,"<a href=""http://twitter.com/download/android"" rel=""nofollow"">Twitter for Android</a>",sachinsupunthak,4,True,False,,
101,101,102,RT @ItsMeKande: Please RT  post  #help,False,0,,2021-01-22 14:56:21,False,,1352631191099289605,,"<a href=""http://twitter.com/download/android"" rel=""nofollow"">Twitter for Android</a>",Vishmi20466360,4,True,False,,
102,102,103,RT @ItsMeKande: Please RT  post  #help https://.co/eoqXLwqhqt,False,0,,2021-01-22 14:50:28,False,,1352629709419536387,,"<a href=""https://mobile.twitter.com"" rel=""nofollow"">Twitter Web App</a>",ashandulakshana,4,True,False,,
103,103,104,Please RT  post  #help https://.co/eoqXLwqhqt,False,6,,2021-01-22 14:49:45,False,,1352629531887063040,,"<a href=""http://twitter.com/download/android"" rel=""nofollow"">Twitter for Android</a>",ItsMeKande,4,False,False,,
104,104,105,RT @iamrajesh_sct: Any App Available To Book Hotel Rooms In Cheap Rate  Over India? #Help,False,0,,2021-01-22 13:32:22,False,,1352610056458563584,,"<a href=""http://twitter.com/download/android"" rel=""nofollow"">Twitter for Android</a>",KD56680783,10,True,False,,
105,105,106,RT @iamrajesh_sct: Any App Available To Book Hotel Rooms In Cheap Rate  Over India? #Help,False,0,,2021-01-22 13:17:11,False,,1352606234499665923,,"<a href=""http://twitter.com/download/android"" rel=""nofollow"">Twitter for Android</a>",Mohanra74629087,10,True,False,,
106,106,107,RT @iamrajesh_sct: Any App Available To Book Hotel Rooms In Cheap Rate  Over India? #Help,False,0,,2021-01-22 13:06:33,False,,1352603560509280257,,"<a href=""http://twitter.com/download/android"" rel=""nofollow"">Twitter for Android</a>",pandianbilla1,10,True,False,,
107,107,108,RT @iamrajesh_sct: Any App Available To Book Hotel Rooms In Cheap Rate  Over India? #Help,False,0,,2021-01-22 12:46:30,False,,1352598516229492741,,"<a href=""http://twitter.com/download/android"" rel=""nofollow"">Twitter for Android</a>",iam_uva,10,True,False,,
108,108,109,RT @iamrajesh_sct: Any App Available To Book Hotel Rooms In Cheap Rate  Over India? #Help,False,0,,2021-01-22 12:39:47,False,,1352596825358749696,,"<a href=""https://mobile.twitter.com"" rel=""nofollow"">Twitter Web App</a>",thala_san7,10,True,False,,
109,109,110,RT @iamrajesh_sct: Any App Available To Book Hotel Rooms In Cheap Rate  Over India? #Help,False,0,,2021-01-22 11:50:36,False,,1352584445165883395,,"<a href=""http://twitter.com/download/android"" rel=""nofollow"">Twitter for Android</a>",sripathi87,10,True,False,,
110,110,111,RT @iamrajesh_sct: Any App Available To Book Hotel Rooms In Cheap Rate  Over India? #Help,False,0,,2021-01-22 11:01:15,False,,1352572028696489988,,"<a href=""http://twitter.com/download/android"" rel=""nofollow"">Twitter for Android</a>",saiofficials,10,True,False,,
111,111,112,RT @iamrajesh_sct: Any App Available To Book Hotel Rooms In Cheap Rate  Over India? #Help,False,0,,2021-01-22 10:52:07,False,,1352569727965564929,,"<a href=""http://twitter.com/download/android"" rel=""nofollow"">Twitter for Android</a>",JeevaViswasam,10,True,False,,
112,112,113,Any App Available To Book Hotel Rooms In Cheap Rate  Over India? #Help,False,133,,2021-01-22 10:50:33,False,,1352569334787268612,,"<a href=""http://twitter.com/download/android"" rel=""nofollow"">Twitter for Android</a>",iamrajesh_sct,10,False,False,,
113,113,114,"Charity brings  life    need financial support  health issues

For Donations Please Click The BelÂ https://.co/LeOK5B3ewR",False,0,,2021-01-22 09:35:00,True,,1352550320157560838,,"<a href=""https://mobile.twitter.com"" rel=""nofollow"">Twitter Web App</a>",dayapki,0,False,False,,
114,114,115,"Charity brings  life    need financial support  health issues

For Donations Please Click The BelÂ https://.co/JaUltig6jx",False,0,,2021-01-22 09:34:22,True,,1352550160287502337,,"<a href=""https://mobile.twitter.com"" rel=""nofollow"">Twitter Web App</a>",ebrameshdaya,0,False,False,,
115,115,116,"RT @vajirasumeda: 17 exercise Books, 2CaR books, A bag   pair  shoes. Request   little girl ! #srilanka #help
Picked  facebookÂ",False,0,,2021-01-22 06:40:18,False,,1352506356809478144,,"<a href=""http://twitter.com/download/android"" rel=""nofollow"">Twitter for Android</a>",ValachaniNews,1,True,False,,
116,116,117,"17 exercise Books, 2CaR books, A bag   pair  shoes. Request   little girl ! #srilanka #help
Picked  faÂ https://.co/jY5G3p9e93",False,2,,2021-01-22 06:17:18,True,,1352500568795697154,,"<a href=""http://twitter.com/download/android"" rel=""nofollow"">Twitter for Android</a>",vajirasumeda,1,False,False,,
117,117,118,"RT @DulajMendis: Dear All,

There'  patient  need  O+ blood, admitted   Durdans Hospital colombo.

If '  one   Â",False,0,,2021-01-22 05:04:27,False,,1352482235249790976,,,SLNewsRTBot,101,True,False,,
118,118,119,"RT @GokulaK32355117: @rashtrapatibhvn Respected Sir,

@FlyWithIX   giving back  refund. More  2 months .

Lot  customer facÂ",False,0,,2021-01-21 08:35:27,False,,1352172948254179329,,"<a href=""http://twitter.com/download/android"" rel=""nofollow"">Twitter for Android</a>",aawaaaraDOTexe,1,True,False,,
119,119,120,"RT @DulajMendis: Dear All,

There'  patient  need  O+ blood, admitted   Durdans Hospital colombo.

If '  one   Â",False,0,,2021-01-21 08:03:28,False,,1352164897564614657,,,SLNewsRTBot,101,True,False,,
