,,,text,favorited,favoriteCount,replyToSN,created,truncated,replyToSID,id,replyToUID,statusSource,screenName,retweetCount,isRetweet,retweeted,longitude,latitude
0,0,1,"Covid-19: India records 15,223 new cases  151 deaths

#active #coronavirus #COVID19 

Read More:
https://.co/NBvnQps5CH",False,0,,2021-01-21 09:29:40,False,,1352186591440105472,,"<a href=""https://mobile.twitter.com"" rel=""nofollow"">Twitter Web App</a>",Updatenews360E,0,False,False,,
1,1,2,"RT @MersalSiva__: #PrinceSKBDayInAMonth #Active Prince SK  Fans Follow Me &amp; Retweet  Tweet !

Will Follow Back Everyone Who Retweets thÂ",False,0,,2021-01-17 10:40:35,False,,1350754885684191234,,"<a href=""https://mobile.twitter.com"" rel=""nofollow"">Twitter Web App</a>",Devil_Offl,1,True,False,,
2,2,3,"#PrinceSKBDayInAMonth #Active Prince SK  Fans Follow Me &amp; Retweet  Tweet !

Will Follow Back Everyone Who Retweets  Tweet <f0><U+009F><U+00A4><U+0097>",False,0,MersalSiva__,2021-01-17 10:38:36,False,1.3507543806522655e+18,1350754385844817921,3255420720.0,"<a href=""http://twitter.com/download/android"" rel=""nofollow"">Twitter for Android</a>",MersalSiva__,1,False,False,,
