,,,text,favorited,favoriteCount,replyToSN,created,truncated,replyToSID,id,replyToUID,statusSource,screenName,retweetCount,isRetweet,retweeted,longitude,latitude
0,0,1,"RT @manimaligai: Get healthier  #Mambalamiyershealthmix today!! Now buy one  get one free...
#healthmix #mambalamiyers #healthfibreÂ",False,0,,2021-02-03 04:00:02,False,,1356814676915613698,,,NammaPollachi,2,True,False,,
1,1,2,"RT @manimaligai: Get healthier  #Mambalamiyershealthmix today!! Now buy one  get one free...
#healthmix #mambalamiyers #healthfibreÂ",False,0,,2021-02-03 03:57:09,False,,1356813954224332800,,"<a href=""https://twitter.com/pollachibot"" rel=""nofollow"">PollachiBot</a>",pollachibot,2,True,False,,
2,2,3,"Get healthier  #Mambalamiyershealthmix today!! Now buy one  get one free...
#healthmix #mambalamiyersÂ https://.co/FN9DnmHKFc",False,0,,2021-02-03 03:49:09,True,,1356811940673122304,,"<a href=""http://twitter.com/download/android"" rel=""nofollow"">Twitter for Android</a>",manimaligai,2,False,False,,
3,3,4,"RT @MersalSiva__: #9GloriousYrsOfPrinceSK

#Active Prince SK  Fans Follow Me &amp; Retweet  Tweet !

Will Follow Back Everyone Who RetweetsÂ",False,0,,2021-02-02 14:27:53,False,,1356610295381151750,,"<a href=""http://twitter.com/download/android"" rel=""nofollow"">Twitter for Android</a>",Selvamediawork1,43,True,False,,
4,4,5,"RT @MersalSiva__: #9GloriousYrsOfPrinceSK

#Active Prince SK  Fans Follow Me &amp; Retweet  Tweet !

Will Follow Back Everyone Who RetweetsÂ",False,0,,2021-02-02 14:24:40,False,,1356609483707834370,,"<a href=""http://twitter.com/download/android"" rel=""nofollow"">Twitter for Android</a>",Gokulskfc,43,True,False,,
5,5,6,"RT @MersalSiva__: #9GloriousYrsOfPrinceSK

#Active Prince SK  Fans Follow Me &amp; Retweet  Tweet !

Will Follow Back Everyone Who RetweetsÂ",False,0,,2021-02-02 13:24:37,False,,1356594372087713794,,"<a href=""http://twitter.com/download/android"" rel=""nofollow"">Twitter for Android</a>",ranganathan02,43,True,False,,
6,6,7,"RT @SKfanabi: #9GloriousYrsOfPrinceSK

#Active Prince SK  Fans Follow Me &amp; Retweet  Tweet !

Will Follow Back Everyone Who Retweets thiÂ",False,0,,2021-02-02 13:13:00,False,,1356591449450504206,,"<a href=""http://twitter.com/download/android"" rel=""nofollow"">Twitter for Android</a>",MahroofSKFC,5,True,False,,
7,7,8,"RT @SKfanabi: #9GloriousYrsOfPrinceSK

#Active Prince SK  Fans Follow Me &amp; Retweet  Tweet !

Will Follow Back Everyone Who Retweets thiÂ",False,0,,2021-02-02 13:00:41,False,,1356588350098968583,,"<a href=""http://twitter.com/download/android"" rel=""nofollow"">Twitter for Android</a>",SNBalajiSK6,5,True,False,,
8,8,9,"RT @MersalSiva__: #9GloriousYrsOfPrinceSK

#Active Prince SK  Fans Follow Me &amp; Retweet  Tweet !

Will Follow Back Everyone Who RetweetsÂ",False,0,,2021-02-02 12:57:38,False,,1356587582545555458,,"<a href=""http://twitter.com/download/android"" rel=""nofollow"">Twitter for Android</a>",Ajithaj21,43,True,False,,
9,9,10,"RT @MersalSiva__: #9GloriousYrsOfPrinceSK

#Active Prince SK  Fans Follow Me &amp; Retweet  Tweet !

Will Follow Back Everyone Who RetweetsÂ",False,0,,2021-02-02 12:56:32,False,,1356587304920354817,,"<a href=""http://twitter.com/download/android"" rel=""nofollow"">Twitter for Android</a>",Prabhaharan_Sk,43,True,False,,
10,10,11,"RT @MersalSiva__: #9GloriousYrsOfPrinceSK

#Active Prince SK  Fans Follow Me &amp; Retweet  Tweet !

Will Follow Back Everyone Who RetweetsÂ",False,0,,2021-02-02 12:56:24,False,,1356587272305577985,,"<a href=""http://twitter.com/download/iphone"" rel=""nofollow"">Twitter for iPhone</a>",vesagan246,43,True,False,,
11,11,12,"RT @MersalSiva__: #9GloriousYrsOfPrinceSK

#Active Prince SK  Fans Follow Me &amp; Retweet  Tweet !

Will Follow Back Everyone Who RetweetsÂ",False,0,,2021-02-02 12:54:58,False,,1356586909875638272,,"<a href=""http://twitter.com/download/android"" rel=""nofollow"">Twitter for Android</a>",SivkarthikeyanC,43,True,False,,
12,12,13,"RT @SKfanabi: #9GloriousYrsOfPrinceSK

#Active Prince SK  Fans Follow Me &amp; Retweet  Tweet !

Will Follow Back Everyone Who Retweets thiÂ",False,0,,2021-02-02 12:48:30,False,,1356585283643351041,,"<a href=""http://twitter.com/download/android"" rel=""nofollow"">Twitter for Android</a>",Sasikumar996665,5,True,False,,
13,13,14,"RT @MersalSiva__: #9GloriousYrsOfPrinceSK

#Active Prince SK  Fans Follow Me &amp; Retweet  Tweet !

Will Follow Back Everyone Who RetweetsÂ",False,0,,2021-02-02 12:47:03,False,,1356584920148246529,,"<a href=""http://twitter.com/download/android"" rel=""nofollow"">Twitter for Android</a>",Vjsiva05,43,True,False,,
14,14,15,"RT @MersalSiva__: #9GloriousYrsOfPrinceSK

#Active Prince SK  Fans Follow Me &amp; Retweet  Tweet !

Will Follow Back Everyone Who RetweetsÂ",False,0,,2021-02-02 12:46:40,False,,1356584824165728256,,"<a href=""http://twitter.com/download/android"" rel=""nofollow"">Twitter for Android</a>",RithisKumar4,43,True,False,,
15,15,16,"RT @MersalSiva__: #9GloriousYrsOfPrinceSK

#Active Prince SK  Fans Follow Me &amp; Retweet  Tweet !

Will Follow Back Everyone Who RetweetsÂ",False,0,,2021-02-02 12:46:18,False,,1356584731924594689,,"<a href=""http://twitter.com/download/android"" rel=""nofollow"">Twitter for Android</a>",BalamuruganSk5,43,True,False,,
16,16,17,"RT @MersalSiva__: #9GloriousYrsOfPrinceSK

#Active Prince SK  Fans Follow Me &amp; Retweet  Tweet !

Will Follow Back Everyone Who RetweetsÂ",False,0,,2021-02-02 12:45:25,False,,1356584509957939201,,"<a href=""http://twitter.com/download/android"" rel=""nofollow"">Twitter for Android</a>",Karthik_MrLocal,43,True,False,,
17,17,18,"RT @MersalSiva__: #9GloriousYrsOfPrinceSK

#Active Prince SK  Fans Follow Me &amp; Retweet  Tweet !

Will Follow Back Everyone Who RetweetsÂ",False,0,,2021-02-02 12:45:10,False,,1356584443822018570,,"<a href=""http://twitter.com/download/android"" rel=""nofollow"">Twitter for Android</a>",SkFan01480084,43,True,False,,
18,18,19,"RT @MersalSiva__: #9GloriousYrsOfPrinceSK

#Active Prince SK  Fans Follow Me &amp; Retweet  Tweet !

Will Follow Back Everyone Who RetweetsÂ",False,0,,2021-02-02 12:44:54,False,,1356584377489059840,,"<a href=""http://twitter.com/download/android"" rel=""nofollow"">Twitter for Android</a>",AzhagarSridhara,43,True,False,,
19,19,20,"RT @MersalSiva__: #9GloriousYrsOfPrinceSK

#Active Prince SK  Fans Follow Me &amp; Retweet  Tweet !

Will Follow Back Everyone Who RetweetsÂ",False,0,,2021-02-02 12:44:43,False,,1356584333817991169,,"<a href=""http://twitter.com/download/android"" rel=""nofollow"">Twitter for Android</a>",Ganesh_2001_,43,True,False,,
20,20,21,"RT @MersalSiva__: #9GloriousYrsOfPrinceSK

#Active Prince SK  Fans Follow Me &amp; Retweet  Tweet !

Will Follow Back Everyone Who RetweetsÂ",False,0,,2021-02-02 12:44:27,False,,1356584266210115587,,"<a href=""http://twitter.com/download/android"" rel=""nofollow"">Twitter for Android</a>",SkGuru72582759,43,True,False,,
21,21,22,"RT @MersalSiva__: #9GloriousYrsOfPrinceSK

#Active Prince SK  Fans Follow Me &amp; Retweet  Tweet !

Will Follow Back Everyone Who RetweetsÂ",False,0,,2021-02-02 12:44:18,False,,1356584226074685441,,"<a href=""http://twitter.com/download/android"" rel=""nofollow"">Twitter for Android</a>",AnufTomnic,43,True,False,,
22,22,23,"RT @MersalSiva__: #9GloriousYrsOfPrinceSK

#Active Prince SK  Fans Follow Me &amp; Retweet  Tweet !

Will Follow Back Everyone Who RetweetsÂ",False,0,,2021-02-02 12:44:12,False,,1356584200812462080,,"<a href=""http://twitter.com/download/android"" rel=""nofollow"">Twitter for Android</a>",KarthiS52538765,43,True,False,,
23,23,24,"RT @MersalSiva__: #9GloriousYrsOfPrinceSK

#Active Prince SK  Fans Follow Me &amp; Retweet  Tweet !

Will Follow Back Everyone Who RetweetsÂ",False,0,,2021-02-02 12:44:03,False,,1356584164250640385,,"<a href=""http://twitter.com/download/android"" rel=""nofollow"">Twitter for Android</a>",DON72281525,43,True,False,,
24,24,25,"RT @MersalSiva__: #9GloriousYrsOfPrinceSK

#Active Prince SK  Fans Follow Me &amp; Retweet  Tweet !

Will Follow Back Everyone Who RetweetsÂ",False,0,,2021-02-02 12:43:54,False,,1356584128465010689,,"<a href=""http://twitter.com/download/android"" rel=""nofollow"">Twitter for Android</a>",SkArunachalam,43,True,False,,
25,25,26,"RT @MersalSiva__: #9GloriousYrsOfPrinceSK

#Active Prince SK  Fans Follow Me &amp; Retweet  Tweet !

Will Follow Back Everyone Who RetweetsÂ",False,0,,2021-02-02 12:43:40,False,,1356584067664281601,,"<a href=""http://twitter.com/download/android"" rel=""nofollow"">Twitter for Android</a>",remo_lokesh,43,True,False,,
26,26,27,"RT @MersalSiva__: #9GloriousYrsOfPrinceSK

#Active Prince SK  Fans Follow Me &amp; Retweet  Tweet !

Will Follow Back Everyone Who RetweetsÂ",False,0,,2021-02-02 12:43:31,False,,1356584030100066309,,"<a href=""http://twitter.com/download/android"" rel=""nofollow"">Twitter for Android</a>",SsahalaK1,43,True,False,,
27,27,28,"RT @MersalSiva__: #9GloriousYrsOfPrinceSK

#Active Prince SK  Fans Follow Me &amp; Retweet  Tweet !

Will Follow Back Everyone Who RetweetsÂ",False,0,,2021-02-02 12:43:30,False,,1356584026509729793,,"<a href=""http://twitter.com/download/android"" rel=""nofollow"">Twitter for Android</a>",HmohammedZubai4,43,True,False,,
28,28,29,"RT @MersalSiva__: #9GloriousYrsOfPrinceSK

#Active Prince SK  Fans Follow Me &amp; Retweet  Tweet !

Will Follow Back Everyone Who RetweetsÂ",False,0,,2021-02-02 12:43:26,False,,1356584007014772737,,"<a href=""http://twitter.com/download/android"" rel=""nofollow"">Twitter for Android</a>",ShanthaSoruban3,43,True,False,,
29,29,30,"RT @MersalSiva__: #9GloriousYrsOfPrinceSK

#Active Prince SK  Fans Follow Me &amp; Retweet  Tweet !

Will Follow Back Everyone Who RetweetsÂ",False,0,,2021-02-02 12:43:22,False,,1356583991101558790,,"<a href=""http://twitter.com/download/android"" rel=""nofollow"">Twitter for Android</a>",SVengat78149504,43,True,False,,
30,30,31,"RT @MersalSiva__: #9GloriousYrsOfPrinceSK

#Active Prince SK  Fans Follow Me &amp; Retweet  Tweet !

Will Follow Back Everyone Who RetweetsÂ",False,0,,2021-02-02 12:43:10,False,,1356583941650583552,,"<a href=""https://mobile.twitter.com"" rel=""nofollow"">Twitter Web App</a>",Sksister2,43,True,False,,
31,31,32,"RT @MersalSiva__: #9GloriousYrsOfPrinceSK

#Active Prince SK  Fans Follow Me &amp; Retweet  Tweet !

Will Follow Back Everyone Who RetweetsÂ",False,0,,2021-02-02 12:43:08,False,,1356583935497572352,,"<a href=""http://twitter.com/download/android"" rel=""nofollow"">Twitter for Android</a>",ManiKan88049528,43,True,False,,
32,32,33,"RT @MersalSiva__: #9GloriousYrsOfPrinceSK

#Active Prince SK  Fans Follow Me &amp; Retweet  Tweet !

Will Follow Back Everyone Who RetweetsÂ",False,0,,2021-02-02 12:43:00,False,,1356583898243686403,,"<a href=""http://twitter.com/download/android"" rel=""nofollow"">Twitter for Android</a>",dhineshsk3,43,True,False,,
33,33,34,"RT @MersalSiva__: #9GloriousYrsOfPrinceSK

#Active Prince SK  Fans Follow Me &amp; Retweet  Tweet !

Will Follow Back Everyone Who RetweetsÂ",False,0,,2021-02-02 12:42:59,False,,1356583895597084673,,"<a href=""http://twitter.com/download/android"" rel=""nofollow"">Twitter for Android</a>",SalemSKFC,43,True,False,,
34,34,35,"RT @MersalSiva__: #9GloriousYrsOfPrinceSK

#Active Prince SK  Fans Follow Me &amp; Retweet  Tweet !

Will Follow Back Everyone Who RetweetsÂ",False,0,,2021-02-02 12:42:55,False,,1356583880665354247,,"<a href=""http://twitter.com/download/android"" rel=""nofollow"">Twitter for Android</a>",Kamalesh_SK38,43,True,False,,
35,35,36,"RT @MersalSiva__: #9GloriousYrsOfPrinceSK

#Active Prince SK  Fans Follow Me &amp; Retweet  Tweet !

Will Follow Back Everyone Who RetweetsÂ",False,0,,2021-02-02 12:42:46,False,,1356583841327009795,,"<a href=""http://twitter.com/download/android"" rel=""nofollow"">Twitter for Android</a>",Rashid_SKFC_1,43,True,False,,
36,36,37,"RT @MersalSiva__: #9GloriousYrsOfPrinceSK

#Active Prince SK  Fans Follow Me &amp; Retweet  Tweet !

Will Follow Back Everyone Who RetweetsÂ",False,0,,2021-02-02 12:42:45,False,,1356583835597746176,,"<a href=""https://mobile.twitter.com"" rel=""nofollow"">Twitter Web App</a>",SThiluxan,43,True,False,,
37,37,38,"RT @SKfanabi: #9GloriousYrsOfPrinceSK

#Active Prince SK  Fans Follow Me &amp; Retweet  Tweet !

Will Follow Back Everyone Who Retweets thiÂ",False,0,,2021-02-02 12:42:42,False,,1356583823593496577,,"<a href=""http://twitter.com/download/android"" rel=""nofollow"">Twitter for Android</a>",Kamalesh_SK38,5,True,False,,
38,38,39,"RT @MersalSiva__: #9GloriousYrsOfPrinceSK

#Active Prince SK  Fans Follow Me &amp; Retweet  Tweet !

Will Follow Back Everyone Who RetweetsÂ",False,0,,2021-02-02 12:42:33,False,,1356583785584685056,,"<a href=""http://twitter.com/download/android"" rel=""nofollow"">Twitter for Android</a>",itz_Rascal__,43,True,False,,
39,39,40,"RT @MersalSiva__: #9GloriousYrsOfPrinceSK

#Active Prince SK  Fans Follow Me &amp; Retweet  Tweet !

Will Follow Back Everyone Who RetweetsÂ",False,0,,2021-02-02 12:42:32,False,,1356583781415538688,,"<a href=""http://twitter.com/download/android"" rel=""nofollow"">Twitter for Android</a>",_SivaVenkat,43,True,False,,
40,40,41,"RT @SKfanabi: #9GloriousYrsOfPrinceSK

#Active Prince SK  Fans Follow Me &amp; Retweet  Tweet !

Will Follow Back Everyone Who Retweets thiÂ",False,0,,2021-02-02 12:42:04,False,,1356583664453177347,,"<a href=""http://twitter.com/download/android"" rel=""nofollow"">Twitter for Android</a>",SKfanabi,5,True,False,,
41,41,42,"#9GloriousYrsOfPrinceSK

#Active Prince SK  Fans Follow Me &amp; Retweet  Tweet !

Will Follow Back Everyone Who Retweets  Tweet <f0><U+009F><U+00A4><U+0097>",False,2,,2021-02-02 12:42:01,False,,1356583650821763077,,"<a href=""http://twitter.com/download/android"" rel=""nofollow"">Twitter for Android</a>",SKfanabi,5,False,False,,
42,42,43,"RT @MersalSiva__: #9GloriousYrsOfPrinceSK

#Active Prince SK  Fans Follow Me &amp; Retweet  Tweet !

Will Follow Back Everyone Who RetweetsÂ",False,0,,2021-02-02 12:41:58,False,,1356583639136362496,,"<a href=""http://twitter.com/download/android"" rel=""nofollow"">Twitter for Android</a>",Sasikumar996665,43,True,False,,
43,43,44,"RT @MersalSiva__: #9GloriousYrsOfPrinceSK

#Active Prince SK  Fans Follow Me &amp; Retweet  Tweet !

Will Follow Back Everyone Who RetweetsÂ",False,0,,2021-02-02 12:41:47,False,,1356583594500583424,,"<a href=""http://twitter.com/download/android"" rel=""nofollow"">Twitter for Android</a>",SKfanabi,43,True,False,,
44,44,45,"RT @MersalSiva__: #9GloriousYrsOfPrinceSK

#Active Prince SK  Fans Follow Me &amp; Retweet  Tweet !

Will Follow Back Everyone Who RetweetsÂ",False,0,,2021-02-02 12:41:35,False,,1356583545448275968,,"<a href=""http://twitter.com/download/android"" rel=""nofollow"">Twitter for Android</a>",Sunah85014072,43,True,False,,
45,45,46,"RT @MersalSiva__: #9GloriousYrsOfPrinceSK

#Active Prince SK  Fans Follow Me &amp; Retweet  Tweet !

Will Follow Back Everyone Who RetweetsÂ",False,0,,2021-02-02 12:41:21,False,,1356583484043616262,,"<a href=""http://twitter.com/download/android"" rel=""nofollow"">Twitter for Android</a>",vimalraj9524,43,True,False,,
46,46,47,"#9GloriousYrsOfPrinceSK

#Active Prince SK  Fans Follow Me &amp; Retweet  Tweet !

Will Follow Back Everyone Who Retweets  Tweet <f0><U+009F><U+00A4><U+0097>",False,19,,2021-02-02 12:41:00,False,,1356583395543969792,,"<a href=""https://mobile.twitter.com"" rel=""nofollow"">Twitter Web App</a>",MersalSiva__,43,False,False,,
