,,,text,favorited,favoriteCount,replyToSN,created,truncated,replyToSID,id,replyToUID,statusSource,screenName,retweetCount,isRetweet,retweeted,longitude,latitude
0,0,1,"RT @DulajMendis: Dear All,

There'  patient  need  AB- blood, admitted  Ragama Hospital.

If '  one   donate blood Â",False,0,,2021-02-15 00:44:30,False,,1361114124856385539,,"<a href=""http://twitter.com/download/android"" rel=""nofollow"">Twitter for Android</a>",ArunaPriyanka16,58,True,False,,
1,1,2,How  come   huge loan ... Help   genuine jobs   could earn something #Jobs #Loan #help #Survey,False,1,,2021-02-14 17:57:48,False,,1361011777874526209,,"<a href=""http://twitter.com/download/android"" rel=""nofollow"">Twitter for Android</a>",Yazhinisiddhu,0,False,False,,
2,2,3,   alternate way  submit  #pewdiepie intro besides  reddit page? #help,False,0,,2021-02-14 17:45:52,False,,1361008772554969088,,"<a href=""https://mobile.twitter.com"" rel=""nofollow"">Twitter Web App</a>",dfordesmond,0,False,False,,
3,3,4,RT @zzzzzeinab: For  lawyer  Sri Lanka  fluency  Sinhala  must? Retweets appreciated #help,False,0,,2021-02-14 13:39:02,False,,1360946654833123329,,"<a href=""http://twitter.com/download/android"" rel=""nofollow"">Twitter for Android</a>",huzefa_hamid,10,True,False,,
4,4,5,RT @bindiyannsmitha: #GraphicDesigners #photoshopexperts '  error? #help https://.co/dNwM5x3eqa,False,0,,2021-02-14 11:25:16,False,,1360912993354096641,,"<a href=""http://twitter.com/download/android"" rel=""nofollow"">Twitter for Android</a>",samjoths,1,True,False,,
5,5,6,RT @zzzzzeinab: For  lawyer  Sri Lanka  fluency  Sinhala  must? Retweets appreciated #help,False,0,,2021-02-14 10:16:51,False,,1360895774951829508,,"<a href=""http://twitter.com/download/android"" rel=""nofollow"">Twitter for Android</a>",itsTHISleanneli,10,True,False,,
6,6,7,RT @zzzzzeinab: For  lawyer  Sri Lanka  fluency  Sinhala  must? Retweets appreciated #help,False,0,,2021-02-14 10:06:47,False,,1360893241298612225,,"<a href=""http://twitter.com/download/android"" rel=""nofollow"">Twitter for Android</a>",LowkeyAbdulllah,10,True,False,,
7,7,8,RT @zzzzzeinab: For  lawyer  Sri Lanka  fluency  Sinhala  must? Retweets appreciated #help,False,0,,2021-02-14 09:09:16,False,,1360878767514611713,,"<a href=""http://twitter.com/download/iphone"" rel=""nofollow"">Twitter for iPhone</a>",sheharijayasoo3,10,True,False,,
8,8,9,RT @zzzzzeinab: For  lawyer  Sri Lanka  fluency  Sinhala  must? Retweets appreciated #help,False,0,,2021-02-14 09:02:08,False,,1360876969919971328,,"<a href=""http://twitter.com/download/android"" rel=""nofollow"">Twitter for Android</a>",4shade17,10,True,False,,
9,9,10,RT @zzzzzeinab: For  lawyer  Sri Lanka  fluency  Sinhala  must? Retweets appreciated #help,False,0,,2021-02-14 08:52:20,False,,1360874504621150210,,"<a href=""http://twitter.com/download/android"" rel=""nofollow"">Twitter for Android</a>",Fsaara3,10,True,False,,
10,10,11,RT @zzzzzeinab: For  lawyer  Sri Lanka  fluency  Sinhala  must? Retweets appreciated #help,False,0,,2021-02-14 08:38:44,False,,1360871082543091718,,"<a href=""https://mobile.twitter.com"" rel=""nofollow"">Twitter Web App</a>",aqeela_azwar,10,True,False,,
11,11,12,#GraphicDesigners #photoshopexperts '  error? #help https://.co/dNwM5x3eqa,False,5,,2021-02-14 08:27:24,False,,1360868229845979136,,"<a href=""http://twitter.com/download/android"" rel=""nofollow"">Twitter for Android</a>",bindiyannsmitha,1,False,False,,
12,12,13,RT @zzzzzeinab: For  lawyer  Sri Lanka  fluency  Sinhala  must? Retweets appreciated #help,False,0,,2021-02-14 08:05:30,False,,1360862720355168258,,"<a href=""https://mobile.twitter.com"" rel=""nofollow"">Twitter Web App</a>",AhmedAashif1,10,True,False,,
13,13,14,RT @zzzzzeinab: For  lawyer  Sri Lanka  fluency  Sinhala  must? Retweets appreciated #help,False,0,,2021-02-14 07:50:24,False,,1360858917102702595,,"<a href=""http://twitter.com/download/android"" rel=""nofollow"">Twitter for Android</a>",MohommedRuwaiz,10,True,False,,
14,14,15,For  lawyer  Sri Lanka  fluency  Sinhala  must? Retweets appreciated #help,False,44,,2021-02-14 07:44:18,False,,1360857382381789187,,"<a href=""http://twitter.com/download/iphone"" rel=""nofollow"">Twitter for iPhone</a>",zzzzzeinab,10,False,False,,
15,15,16,"ÂHate   poison  drink hoping  enemy may dieÂ
-old saying.
#dhastagirfoundation #help #education",False,1,,2021-02-14 07:34:01,False,,1360854796396208132,,"<a href=""http://twitter.com/download/android"" rel=""nofollow"">Twitter for Android</a>",Dhastagirtrust,0,False,False,,
16,16,17,"RT @AhinsakaS: Is   intern software engineering vacancies .
#help #RETWEEET",False,0,,2021-02-13 14:32:06,False,,1360597620893224962,,"<a href=""http://twitter.com/download/android"" rel=""nofollow"">Twitter for Android</a>",DocaAyya,2,True,False,,
17,17,18,"RT @AhinsakaS: Is   intern software engineering vacancies .
#help #RETWEEET",False,0,,2021-02-13 14:29:55,False,,1360597072022409220,,"<a href=""https://mobile.twitter.com"" rel=""nofollow"">Twitter Web App</a>",AhinsakaS,2,True,False,,
18,18,19,"Is   intern software engineering vacancies .
#help #RETWEEET",False,2,,2021-02-13 14:23:11,False,,1360595380363169800,,"<a href=""https://mobile.twitter.com"" rel=""nofollow"">Twitter Web App</a>",AhinsakaS,2,False,False,,
19,19,20,"RT @DulajMendis: Dear All,

There'  patient  need  AB- blood, admitted  Ragama Hospital.

If '  one   donate blood Â",False,0,,2021-02-13 13:49:12,False,,1360586828189900800,,"<a href=""http://twitter.com/download/android"" rel=""nofollow"">Twitter for Android</a>",Satickj,58,True,False,,
20,20,21,"RT @DulajMendis: Dear All,

There'  patient  need  AB- blood, admitted  Ragama Hospital.

If '  one   donate blood Â",False,0,,2021-02-13 13:39:56,False,,1360584494655229952,,"<a href=""http://twitter.com/download/android"" rel=""nofollow"">Twitter for Android</a>",buvanaka,58,True,False,,
21,21,22,"RT @DulajMendis: Dear All,

There'  patient  need  AB- blood, admitted  Ragama Hospital.

If '  one   donate blood Â",False,0,,2021-02-13 13:32:49,False,,1360582703888797703,,"<a href=""http://twitter.com/download/iphone"" rel=""nofollow"">Twitter for iPhone</a>",ShehanThamel,58,True,False,,
22,22,23,"RT @DulajMendis: Dear All,

There'  patient  need  AB- blood, admitted  Ragama Hospital.

If '  one   donate blood Â",False,0,,2021-02-13 13:32:35,False,,1360582644010872838,,"<a href=""http://twitter.com/download/android"" rel=""nofollow"">Twitter for Android</a>",notpoos,58,True,False,,
23,23,24,"RT @DulajMendis: Dear All,

There'  patient  need  AB- blood, admitted  Ragama Hospital.

If '  one   donate blood Â",False,0,,2021-02-13 12:56:40,False,,1360573604430159874,,"<a href=""http://twitter.com/download/iphone"" rel=""nofollow"">Twitter for iPhone</a>",seyed_ruzaik,58,True,False,,
24,24,25,"RT @DulajMendis: Dear All,

There'  patient  need  AB- blood, admitted  Ragama Hospital.

If '  one   donate blood Â",False,0,,2021-02-13 12:52:03,False,,1360572444738691077,,"<a href=""http://twitter.com/download/iphone"" rel=""nofollow"">Twitter for iPhone</a>",lasankaOnIine,58,True,False,,
25,25,26,"RT @DulajMendis: Dear All,

There'  patient  need  AB- blood, admitted  Ragama Hospital.

If '  one   donate blood Â",False,0,,2021-02-13 12:09:31,False,,1360561741961207810,,"<a href=""http://twitter.com/download/android"" rel=""nofollow"">Twitter for Android</a>",dead_mans_creed,58,True,False,,
26,26,27,"RT @DulajMendis: Dear All,

There'  patient  need  AB- blood, admitted  Ragama Hospital.

If '  one   donate blood Â",False,0,,2021-02-13 09:26:13,False,,1360520642492174339,,"<a href=""http://twitter.com/download/android"" rel=""nofollow"">Twitter for Android</a>",SenaraShavi,58,True,False,,
27,27,28,"RT @DulajMendis: Dear All,

There'  patient  need  AB- blood, admitted  Ragama Hospital.

If '  one   donate blood Â",False,0,,2021-02-13 09:22:57,False,,1360519820320509953,,"<a href=""http://twitter.com/download/android"" rel=""nofollow"">Twitter for Android</a>",Rasikalink,58,True,False,,
28,28,29,"RT @DulajMendis: Dear All,

There'  patient  need  AB- blood, admitted  Ragama Hospital.

If '  one   donate blood Â",False,0,,2021-02-13 08:42:38,False,,1360509675255463940,,"<a href=""http://twitter.com/download/android"" rel=""nofollow"">Twitter for Android</a>",warunawijesuriy,58,True,False,,
29,29,30,"RT @DulajMendis: Dear All,

There'  patient  need  AB- blood, admitted  Ragama Hospital.

If '  one   donate blood Â",False,0,,2021-02-13 08:10:59,False,,1360501709634588672,,"<a href=""http://twitter.com/download/android"" rel=""nofollow"">Twitter for Android</a>",ItsAgent007,58,True,False,,
30,30,31,"RT @DulajMendis: Dear All,

There'  patient  need  AB- blood, admitted  Ragama Hospital.

If '  one   donate blood Â",False,0,,2021-02-13 06:52:02,False,,1360481840830681089,,"<a href=""http://twitter.com/download/android"" rel=""nofollow"">Twitter for Android</a>",kaushalya___,58,True,False,,
31,31,32,"RT @DulajMendis: Dear All,

There'  patient  need  AB- blood, admitted  Ragama Hospital.

If '  one   donate blood Â",False,0,,2021-02-13 06:49:01,False,,1360481083947536385,,"<a href=""http://twitter.com/download/iphone"" rel=""nofollow"">Twitter for iPhone</a>",ConserveSL,58,True,False,,
32,32,33,I   asking   Revised  Corrigendum PPOs  last one month. Once CPPC sent  Email   DÂ https://.co/tIJJvh9vmh,False,0,,2021-02-13 06:12:51,True,,1360471982735695875,,"<a href=""http://twitter.com/download/android"" rel=""nofollow"">Twitter for Android</a>",chinnapiyan,0,False,False,,
33,33,34,"RT @DulajMendis: Dear All,

There'  patient  need  AB- blood, admitted  Ragama Hospital.

If '  one   donate blood Â",False,0,,2021-02-13 06:00:57,False,,1360468986685661184,,"<a href=""http://twitter.com/download/android"" rel=""nofollow"">Twitter for Android</a>",localdavincii,58,True,False,,
34,34,35,"RT @DulajMendis: Dear All,

There'  patient  need  AB- blood, admitted  Ragama Hospital.

If '  one   donate blood Â",False,0,,2021-02-13 05:46:42,False,,1360465400610189313,,"<a href=""http://twitter.com/download/android"" rel=""nofollow"">Twitter for Android</a>",Vimukthi_93,58,True,False,,
35,35,36,"RT @DulajMendis: Dear All,

There'  patient  need  AB- blood, admitted  Ragama Hospital.

If '  one   donate blood Â",False,0,,2021-02-13 05:39:06,False,,1360463489098162181,,"<a href=""http://twitter.com/download/android"" rel=""nofollow"">Twitter for Android</a>",__Methmal,58,True,False,,
36,36,37,"RT @DulajMendis: Dear All,

There'  patient  need  AB- blood, admitted  Ragama Hospital.

If '  one   donate blood Â",False,0,,2021-02-13 05:28:57,False,,1360460934767026180,,"<a href=""http://twitter.com/download/android"" rel=""nofollow"">Twitter for Android</a>",SuuTikka,58,True,False,,
37,37,38,"RT @DulajMendis: Dear All,

There'  patient  need  AB- blood, admitted  Ragama Hospital.

If '  one   donate blood Â",False,0,,2021-02-13 05:19:09,False,,1360458467404775430,,"<a href=""http://twitter.com/download/android"" rel=""nofollow"">Twitter for Android</a>",Yeheshan,58,True,False,,
38,38,39,"RT @DulajMendis: Dear All,

There'  patient  need  AB- blood, admitted  Ragama Hospital.

If '  one   donate blood Â",False,0,,2021-02-13 05:03:33,False,,1360454541037080576,,"<a href=""http://twitter.com/download/android"" rel=""nofollow"">Twitter for Android</a>",Spacewalkerlive,58,True,False,,
39,39,40,"RT @DulajMendis: Dear All,

There'  patient  need  AB- blood, admitted  Ragama Hospital.

If '  one   donate blood Â",False,0,,2021-02-13 05:00:20,False,,1360453733931311108,,"<a href=""http://twitter.com/download/android"" rel=""nofollow"">Twitter for Android</a>",im_mhmd_,58,True,False,,
40,40,41,"RT @DulajMendis: Dear All,

There'  patient  need  AB- blood, admitted  Ragama Hospital.

If '  one   donate blood Â",False,0,,2021-02-13 04:57:29,False,,1360453016344686592,,"<a href=""http://twitter.com/download/android"" rel=""nofollow"">Twitter for Android</a>",ilhamuwais,58,True,False,,
41,41,42,"RT @DulajMendis: Dear All,

There'  patient  need  AB- blood, admitted  Ragama Hospital.

If '  one   donate blood Â",False,0,,2021-02-13 04:57:01,False,,1360452897863987202,,"<a href=""http://twitter.com/download/android"" rel=""nofollow"">Twitter for Android</a>",bloodlk,58,True,False,,
42,42,43,"RT @DulajMendis: Dear All,

There'  patient  need  AB- blood, admitted  Ragama Hospital.

If '  one   donate blood Â",False,0,,2021-02-13 04:25:07,False,,1360444869303390208,,"<a href=""http://twitter.com/download/iphone"" rel=""nofollow"">Twitter for iPhone</a>",dkparamee,58,True,False,,
43,43,44,"RT @DulajMendis: Dear All,

There'  patient  need  AB- blood, admitted  Ragama Hospital.

If '  one   donate blood Â",False,0,,2021-02-13 04:22:09,False,,1360444123925204993,,"<a href=""http://twitter.com/download/iphone"" rel=""nofollow"">Twitter for iPhone</a>",BopeSM,58,True,False,,
44,44,45,"RT @DulajMendis: Dear All,

There'  patient  need  AB- blood, admitted  Ragama Hospital.

If '  one   donate blood Â",False,0,,2021-02-13 04:12:19,False,,1360441647935365120,,"<a href=""http://twitter.com/download/android"" rel=""nofollow"">Twitter for Android</a>",Chamalka_N,58,True,False,,
45,45,46,"RT @DulajMendis: Dear All,

There'  patient  need  AB- blood, admitted  Ragama Hospital.

If '  one   donate blood Â",False,0,,2021-02-13 04:07:23,False,,1360440405200834563,,"<a href=""http://twitter.com/download/android"" rel=""nofollow"">Twitter for Android</a>",TheToka920,58,True,False,,
46,46,47,"RT @DulajMendis: Dear All,

There'  patient  need  AB- blood, admitted  Ragama Hospital.

If '  one   donate blood Â",False,0,,2021-02-13 03:59:16,False,,1360438364571271169,,"<a href=""http://twitter.com/download/android"" rel=""nofollow"">Twitter for Android</a>",CrizBale,58,True,False,,
47,47,48,"RT @DulajMendis: Dear All,

There'  patient  need  AB- blood, admitted  Ragama Hospital.

If '  one   donate blood Â",False,0,,2021-02-13 03:55:37,False,,1360437445184155648,,"<a href=""http://twitter.com/download/android"" rel=""nofollow"">Twitter for Android</a>",SamanthaLive365,58,True,False,,
48,48,49,"RT @DulajMendis: Dear All,

There'  patient  need  AB- blood, admitted  Ragama Hospital.

If '  one   donate blood Â",False,0,,2021-02-13 03:51:59,False,,1360436531786248192,,"<a href=""http://twitter.com/download/android"" rel=""nofollow"">Twitter for Android</a>",tharu____,58,True,False,,
49,49,50,"RT @DulajMendis: Dear All,

There'  patient  need  AB- blood, admitted  Ragama Hospital.

If '  one   donate blood Â",False,0,,2021-02-13 03:29:20,False,,1360430830884057092,,"<a href=""http://twitter.com/download/android"" rel=""nofollow"">Twitter for Android</a>",iampiyumi_,58,True,False,,
50,50,51,"RT @DulajMendis: Dear All,

There'  patient  need  AB- blood, admitted  Ragama Hospital.

If '  one   donate blood Â",False,0,,2021-02-13 03:25:02,False,,1360429751513452549,,"<a href=""http://twitter.com/download/iphone"" rel=""nofollow"">Twitter for iPhone</a>",rusiya_,58,True,False,,
51,51,52,"RT @DulajMendis: Dear All,

There'  patient  need  AB- blood, admitted  Ragama Hospital.

If '  one   donate blood Â",False,0,,2021-02-13 03:07:05,False,,1360425232054374409,,"<a href=""http://twitter.com/download/android"" rel=""nofollow"">Twitter for Android</a>",uruzikal,58,True,False,,
52,52,53,"RT @DulajMendis: Dear All,

There'  patient  need  AB- blood, admitted  Ragama Hospital.

If '  one   donate blood Â",False,0,,2021-02-13 03:01:23,False,,1360423797891866627,,"<a href=""https://mobile.twitter.com"" rel=""nofollow"">Twitter Web App</a>",yupadukka,58,True,False,,
53,53,54,"RT @DulajMendis: Dear All,

There'  patient  need  AB- blood, admitted  Ragama Hospital.

If '  one   donate blood Â",False,0,,2021-02-13 03:00:36,False,,1360423601132826627,,"<a href=""http://twitter.com/download/android"" rel=""nofollow"">Twitter for Android</a>",maalupaan,58,True,False,,
54,54,55,"RT @DulajMendis: Dear All,

There'  patient  need  AB- blood, admitted  Ragama Hospital.

If '  one   donate blood Â",False,0,,2021-02-13 02:59:26,False,,1360423305732231171,,"<a href=""http://twitter.com/download/android"" rel=""nofollow"">Twitter for Android</a>",LowkeyAbdulllah,58,True,False,,
55,55,56,"RT @DulajMendis: Dear All,

There'  patient  need  AB- blood, admitted  Ragama Hospital.

If '  one   donate blood Â",False,0,,2021-02-13 02:57:12,False,,1360422744085704705,,"<a href=""https://mobile.twitter.com"" rel=""nofollow"">Twitter Web App</a>",brollieonmyhead,58,True,False,,
56,56,57,"RT @DulajMendis: Dear All,

There'  patient  need  AB- blood, admitted  Ragama Hospital.

If '  one   donate blood Â",False,0,,2021-02-13 02:56:55,False,,1360422674288156673,,"<a href=""http://twitter.com/download/android"" rel=""nofollow"">Twitter for Android</a>",TheFullSt0p,58,True,False,,
57,57,58,"RT @DulajMendis: Dear All,

There'  patient  need  AB- blood, admitted  Ragama Hospital.

If '  one   donate blood Â",False,0,,2021-02-13 02:56:29,False,,1360422564854566913,,"<a href=""http://twitter.com/download/android"" rel=""nofollow"">Twitter for Android</a>",NandiyaLive2,58,True,False,,
58,58,59,"RT @DulajMendis: Dear All,

There'  patient  need  AB- blood, admitted  Ragama Hospital.

If '  one   donate blood Â",False,0,,2021-02-13 02:56:07,False,,1360422472827375617,,"<a href=""http://twitter.com/download/android"" rel=""nofollow"">Twitter for Android</a>",Shifara_Zahran,58,True,False,,
59,59,60,"RT @DulajMendis: Dear All,

There'  patient  need  AB- blood, admitted  Ragama Hospital.

If '  one   donate blood Â",False,0,,2021-02-13 02:55:34,False,,1360422333433802752,,"<a href=""http://twitter.com/download/android"" rel=""nofollow"">Twitter for Android</a>",kumudan_,58,True,False,,
60,60,61,"RT @DulajMendis: Dear All,

There'  patient  need  AB- blood, admitted  Ragama Hospital.

If '  one   donate blood Â",False,0,,2021-02-13 02:55:15,False,,1360422252949299200,,"<a href=""http://twitter.com/download/android"" rel=""nofollow"">Twitter for Android</a>",Wind_Desika,58,True,False,,
61,61,62,"RT @DulajMendis: Dear All,

There'  patient  need  AB- blood, admitted  Ragama Hospital.

If '  one   donate blood Â",False,0,,2021-02-13 02:53:58,False,,1360421931497844740,,"<a href=""http://twitter.com/download/android"" rel=""nofollow"">Twitter for Android</a>",MihirangaFdo,58,True,False,,
62,62,63,"RT @DulajMendis: Dear All,

There'  patient  need  AB- blood, admitted  Ragama Hospital.

If '  one   donate blood Â",False,0,,2021-02-13 02:50:41,False,,1360421105303961605,,"<a href=""http://twitter.com/download/android"" rel=""nofollow"">Twitter for Android</a>",imNaviya,58,True,False,,
63,63,64,"RT @DulajMendis: Dear All,

There'  patient  need  AB- blood, admitted  Ragama Hospital.

If '  one   donate blood Â",False,0,,2021-02-13 02:46:37,False,,1360420079901450241,,"<a href=""http://twitter.com/download/iphone"" rel=""nofollow"">Twitter for iPhone</a>",Dhanuwick,58,True,False,,
64,64,65,"RT @DulajMendis: Dear All,

There'  patient  need  AB- blood, admitted  Ragama Hospital.

If '  one   donate blood Â",False,0,,2021-02-13 02:44:08,False,,1360419456070021121,,"<a href=""http://twitter.com/download/iphone"" rel=""nofollow"">Twitter for iPhone</a>",Iam_paala,58,True,False,,
65,65,66,"RT @DulajMendis: Dear All,

There'  patient  need  AB- blood, admitted  Ragama Hospital.

If '  one   donate blood Â",False,0,,2021-02-13 02:42:39,False,,1360419083791994880,,"<a href=""http://twitter.com/download/android"" rel=""nofollow"">Twitter for Android</a>",djharris32913,58,True,False,,
66,66,67,"RT @DulajMendis: Dear All,

There'  patient  need  AB- blood, admitted  Ragama Hospital.

If '  one   donate blood Â",False,0,,2021-02-13 02:38:18,False,,1360417990462775300,,"<a href=""http://twitter.com/download/iphone"" rel=""nofollow"">Twitter for iPhone</a>",Nimsidk,58,True,False,,
67,67,68,"RT @DulajMendis: Dear All,

There'  patient  need  AB- blood, admitted  Ragama Hospital.

If '  one   donate blood Â",False,0,,2021-02-13 02:38:03,False,,1360417926554157057,,"<a href=""http://twitter.com/download/android"" rel=""nofollow"">Twitter for Android</a>",Sansajran,58,True,False,,
68,68,69,"RT @DulajMendis: Dear All,

There'  patient  need  AB- blood, admitted  Ragama Hospital.

If '  one   donate blood Â",False,0,,2021-02-13 02:37:43,False,,1360417839790833664,,"<a href=""http://twitter.com/download/android"" rel=""nofollow"">Twitter for Android</a>",4shade17,58,True,False,,
69,69,70,"RT @DulajMendis: Dear All,

There'  patient  need  AB- blood, admitted  Ragama Hospital.

If '  one   donate blood Â",False,0,,2021-02-13 02:37:32,False,,1360417795704455170,,"<a href=""http://twitter.com/download/iphone"" rel=""nofollow"">Twitter for iPhone</a>",notkusal,58,True,False,,
70,70,71,"RT @DulajMendis: Dear All,

There'  patient  need  AB- blood, admitted  Ragama Hospital.

If '  one   donate blood Â",False,0,,2021-02-13 02:33:06,False,,1360416682078994432,,"<a href=""http://twitter.com/download/android"" rel=""nofollow"">Twitter for Android</a>",shanki_thewitch,58,True,False,,
71,71,72,"RT @DulajMendis: Dear All,

There'  patient  need  AB- blood, admitted  Ragama Hospital.

If '  one   donate blood Â",False,0,,2021-02-13 02:32:34,False,,1360416544560275461,,"<a href=""http://twitter.com/download/android"" rel=""nofollow"">Twitter for Android</a>",AsangiFdo,58,True,False,,
72,72,73,"RT @DulajMendis: Dear All,

There'  patient  need  AB- blood, admitted  Ragama Hospital.

If '  one   donate blood Â",False,0,,2021-02-13 02:31:26,False,,1360416262614994945,,"<a href=""http://twitter.com/download/iphone"" rel=""nofollow"">Twitter for iPhone</a>",Its_DHD,58,True,False,,
73,73,74,"RT @DulajMendis: Dear All,

There'  patient  need  AB- blood, admitted  Ragama Hospital.

If '  one   donate blood Â",False,0,,2021-02-13 02:31:21,False,,1360416238644547585,,"<a href=""http://twitter.com/download/android"" rel=""nofollow"">Twitter for Android</a>",Us3rchang3d,58,True,False,,
74,74,75,"Dear All,

There'  patient  need  AB- blood, admitted  Ragama Hospital.

If '  one   donateÂ https://.co/Cr8Sqw11DY",False,51,,2021-02-13 02:29:59,True,,1360415895948988419,,"<a href=""http://twitter.com/download/iphone"" rel=""nofollow"">Twitter for iPhone</a>",DulajMendis,58,False,False,,
75,75,76,Me  obsessed  Peter Kavinsky  back <f0><U+009F><U+0098><U+00AD> #help #toalltheboysalwaysandforever,False,2,,2021-02-12 18:09:56,False,,1360290052446691331,,"<a href=""http://twitter.com/download/iphone"" rel=""nofollow"">Twitter for iPhone</a>",Sha_ivi,0,False,False,,
76,76,77,RT @AmanaIflal: Does anyone know WHY IÂ  disabled  promoting posts  Facebook? IÂ  trying  figure    two wholeÂ,False,0,,2021-02-12 05:42:35,False,,1360101975908438017,,"<a href=""http://twitter.com/download/android"" rel=""nofollow"">Twitter for Android</a>",4shade17,1,True,False,,
77,77,78,Does anyone know WHY IÂ  disabled  promoting posts  Facebook? IÂ  trying  figure    Â https://.co/k3QC2BLy62,False,12,,2021-02-12 05:41:18,True,,1360101652221501442,,"<a href=""http://twitter.com/download/iphone"" rel=""nofollow"">Twitter for iPhone</a>",AmanaIflal,1,False,False,,
78,78,79,RT @achiralk: If  Interested DM   send  CV  . #jobs #rt #Help #UIUX https://.co/WdLUiWmGac,False,0,,2021-02-11 17:52:11,False,,1359923199476076551,,"<a href=""http://twitter.com/download/iphone"" rel=""nofollow"">Twitter for iPhone</a>",imjanukadul,13,True,False,,
79,79,80,RT @achiralk: If  Interested DM   send  CV  . #jobs #rt #Help #UIUX https://.co/WdLUiWmGac,False,0,,2021-02-11 16:55:41,False,,1359908982597451783,,"<a href=""http://twitter.com/download/android"" rel=""nofollow"">Twitter for Android</a>",Nadeez__,13,True,False,,
80,80,81,RT @achiralk: If  Interested DM   send  CV  . #jobs #rt #Help #UIUX https://.co/WdLUiWmGac,False,0,,2021-02-11 16:55:21,False,,1359908896459038722,,"<a href=""http://twitter.com/download/android"" rel=""nofollow"">Twitter for Android</a>",uruzikal,13,True,False,,
81,81,82,Please #Help everyone   looking  opportunities  get connected  someone   help  land  job https://.co/YHwYJlCOwx,False,5,,2021-02-11 15:33:23,False,,1359888270075727884,,"<a href=""https://mobile.twitter.com"" rel=""nofollow"">Twitter Web App</a>",ItsYakin,0,False,False,,
82,82,83,"deactivated  Instagram account around last September     deleted <f0><U+009F><U+0098><U+00AB>

damn I   really good posts<f0><U+009F><U+0098><U+0094>
#help",False,5,,2021-02-11 14:53:24,False,,1359878207743250434,,"<a href=""https://mobile.twitter.com"" rel=""nofollow"">Twitter Web App</a>",JHirushi,0,False,False,,
83,83,84,RT @achiralk: If  Interested DM   send  CV  . #jobs #rt #Help #UIUX https://.co/WdLUiWmGac,False,0,,2021-02-11 09:47:06,False,,1359801124203597824,,"<a href=""http://twitter.com/download/iphone"" rel=""nofollow"">Twitter for iPhone</a>",Iam_paala,13,True,False,,
84,84,85,RT @achiralk: If  Interested DM   send  CV  . #jobs #rt #Help #UIUX https://.co/WdLUiWmGac,False,0,,2021-02-11 09:32:37,False,,1359797477512151042,,"<a href=""http://twitter.com/download/iphone"" rel=""nofollow"">Twitter for iPhone</a>",hemal_,13,True,False,,
85,85,86,"Following  activity ODIC  currently conducting  door--door survey  Addiction throughout  village. 
WiÂ https://.co/AMf0Hq03Je",False,3,SharanaOfficial,2021-02-11 09:31:37,True,1.3597971337217595e+18,1359797225895809024,250496755.0,"<a href=""https://mobile.twitter.com"" rel=""nofollow"">Twitter Web App</a>",SharanaOfficial,0,False,False,,
86,86,87,RT @achiralk: If  Interested DM   send  CV  . #jobs #rt #Help #UIUX https://.co/WdLUiWmGac,False,0,,2021-02-11 08:36:38,False,,1359783390103261185,,"<a href=""http://twitter.com/download/android"" rel=""nofollow"">Twitter for Android</a>",EnThunga,13,True,False,,
87,87,88,RT @achiralk: If  Interested DM   send  CV  . #jobs #rt #Help #UIUX https://.co/WdLUiWmGac,False,0,,2021-02-11 08:19:23,False,,1359779047845163008,,"<a href=""http://twitter.com/download/android"" rel=""nofollow"">Twitter for Android</a>",moogater,13,True,False,,
88,88,89,RT @achiralk: If  Interested DM   send  CV  . #jobs #rt #Help #UIUX https://.co/WdLUiWmGac,False,0,,2021-02-11 08:05:34,False,,1359775572449054724,,"<a href=""http://twitter.com/download/android"" rel=""nofollow"">Twitter for Android</a>",MiyuruhansiS,13,True,False,,
89,89,90,RT @achiralk: If  Interested DM   send  CV  . #jobs #rt #Help #UIUX https://.co/WdLUiWmGac,False,0,,2021-02-11 07:58:49,False,,1359773872006914051,,"<a href=""https://mobile.twitter.com"" rel=""nofollow"">Twitter Web App</a>",kazZtr_,13,True,False,,
90,90,91,RT @achiralk: If  Interested DM   send  CV  . #jobs #rt #Help #UIUX https://.co/WdLUiWmGac,False,0,,2021-02-11 07:41:06,False,,1359769416725008384,,"<a href=""http://twitter.com/download/iphone"" rel=""nofollow"">Twitter for iPhone</a>",H_gayashan,13,True,False,,
91,91,92,RT @achiralk: If  Interested DM   send  CV  . #jobs #rt #Help #UIUX https://.co/WdLUiWmGac,False,0,,2021-02-11 07:14:27,False,,1359762709290446849,,"<a href=""https://mobile.twitter.com"" rel=""nofollow"">Twitter Web App</a>",erangatennakoon,13,True,False,,
92,92,93,RT @achiralk: If  Interested DM   send  CV  . #jobs #rt #Help #UIUX https://.co/WdLUiWmGac,False,0,,2021-02-11 07:06:03,False,,1359760594052681731,,"<a href=""http://twitter.com/download/android"" rel=""nofollow"">Twitter for Android</a>",Dr_Alien_,13,True,False,,
93,93,94,If  Interested DM   send  CV  . #jobs #rt #Help #UIUX https://.co/WdLUiWmGac,False,12,,2021-02-11 06:57:35,False,,1359758464717705221,,"<a href=""https://mobile.twitter.com"" rel=""nofollow"">Twitter Web App</a>",achiralk,13,False,False,,
94,94,95,"3M Lanka permanently closed  per  Google maps. Close  business hours ,  I' late  call  see. AnyonÂ https://.co/7QgWzjSFOA",False,2,,2021-02-10 12:14:57,True,,1359475944122064898,,"<a href=""https://mobile.twitter.com"" rel=""nofollow"">Twitter Web App</a>",erangatennakoon,0,False,False,,
95,95,96,"RT @iamthachar:  HP laptop service centre employee available  chennai ??

#Help",False,0,,2021-02-10 10:53:09,False,,1359455356557033475,,"<a href=""http://twitter.com/download/android"" rel=""nofollow"">Twitter for Android</a>",Rajuraj39370592,3,True,False,,
96,96,97,RT @iamrajesh_sct: Suggest Me Best Bike With 250cc For Doing MotoVlogs...#Help,False,0,,2021-02-10 10:29:26,False,,1359449390088286208,,"<a href=""http://twitter.com/download/android"" rel=""nofollow"">Twitter for Android</a>",Ajith68817067,56,True,False,,
97,97,98,"RT @iamthachar:  HP laptop service centre employee available  chennai ??

#Help",False,0,,2021-02-10 09:26:50,False,,1359433635644907521,,"<a href=""http://twitter.com/download/android"" rel=""nofollow"">Twitter for Android</a>",Karvaad_,3,True,False,,
98,98,99,"RT @iamthachar:  HP laptop service centre employee available  chennai ??

#Help",False,0,,2021-02-10 09:09:28,False,,1359429265960361987,,"<a href=""http://twitter.com/download/iphone"" rel=""nofollow"">Twitter for iPhone</a>",nilaavan,3,True,False,,
99,99,100," HP laptop service centre employee available  chennai ??

#Help",False,1,,2021-02-10 09:05:40,False,,1359428309860241417,,"<a href=""https://mobile.twitter.com"" rel=""nofollow"">Twitter Web App</a>",iamthachar,3,False,False,,
100,100,101,"@rtiindia 
@CNBCTV18News 
@LabourMinistry
@nsitharaman
@FinMinIndia
@Labourlawindia

This act  implemented  Â https://.co/7HaILaXsjt",False,0,rtiindia,2021-02-10 06:42:29,True,,1359392275890020360,15622291.0,"<a href=""http://twitter.com/download/android"" rel=""nofollow"">Twitter for Android</a>",iam_Gopal18,0,False,False,,
101,101,102,RT @ShashindraK: One   super talented &amp; good friend  looking   marketing//branding job. He  considerable experience  brandinÂ,False,0,,2021-02-10 02:36:22,False,,1359330339236110340,,"<a href=""http://twitter.com/download/android"" rel=""nofollow"">Twitter for Android</a>",DinukaNirmal,4,True,False,,
102,102,103,RT @ShashindraK: One   super talented &amp; good friend  looking   marketing//branding job. He  considerable experience  brandinÂ,False,0,,2021-02-10 02:29:59,False,,1359328731018317824,,"<a href=""http://twitter.com/download/android"" rel=""nofollow"">Twitter for Android</a>",ShashindraK,4,True,False,,
103,103,104,"TRUST: ALL  THE CHILDREN 
Due  COVID -19, sponsors  unable  gave funds   needs.More   hundredÂ https://.co/6U7Yip3znc",False,0,,2021-02-09 16:29:59,True,,1359177735453642761,,"<a href=""http://twitter.com/download/android"" rel=""nofollow"">Twitter for Android</a>",VickyNik007,0,False,False,,
104,104,105,RT @iamrajesh_sct: Suggest Me Best Bike With 250cc For Doing MotoVlogs...#Help,False,0,,2021-02-09 14:53:37,False,,1359153487678947337,,"<a href=""http://twitter.com/download/android"" rel=""nofollow"">Twitter for Android</a>",ThalaVe62581713,56,True,False,,
105,105,106,RT @iamrajesh_sct: Suggest Me Best Bike With 250cc For Doing MotoVlogs...#Help,False,0,,2021-02-09 13:32:22,False,,1359133038458728450,,"<a href=""http://twitter.com/download/android"" rel=""nofollow"">Twitter for Android</a>",Abdr2498,56,True,False,,
106,106,107,RT @iamrajesh_sct: Suggest Me Best Bike With 250cc For Doing MotoVlogs...#Help,False,0,,2021-02-09 13:21:43,False,,1359130357480652806,,"<a href=""http://twitter.com/download/android"" rel=""nofollow"">Twitter for Android</a>",VBK_Off,56,True,False,,
107,107,108,RT @iamrajesh_sct: Suggest Me Best Bike With 250cc For Doing MotoVlogs...#Help,False,0,,2021-02-09 13:12:29,False,,1359128034838630402,,"<a href=""http://twitter.com/download/android"" rel=""nofollow"">Twitter for Android</a>",Sakthi89482948,56,True,False,,
108,108,109,RT @iamrajesh_sct: Suggest Me Best Bike With 250cc For Doing MotoVlogs...#Help,False,0,,2021-02-09 13:09:58,False,,1359127400823443456,,"<a href=""http://twitter.com/download/android"" rel=""nofollow"">Twitter for Android</a>",suresh_subru,56,True,False,,
109,109,110,RT @iamrajesh_sct: Suggest Me Best Bike With 250cc For Doing MotoVlogs...#Help,False,0,,2021-02-09 13:01:17,False,,1359125216010465284,,"<a href=""http://twitter.com/download/android"" rel=""nofollow"">Twitter for Android</a>",shahil_thecrazy,56,True,False,,
110,110,111,RT @iamrajesh_sct: Suggest Me Best Bike With 250cc For Doing MotoVlogs...#Help,False,0,,2021-02-09 12:58:35,False,,1359124538324262916,,"<a href=""http://twitter.com/download/android"" rel=""nofollow"">Twitter for Android</a>",Santhos63014861,56,True,False,,
111,111,112,RT @iamrajesh_sct: Suggest Me Best Bike With 250cc For Doing MotoVlogs...#Help,False,0,,2021-02-09 12:35:58,False,,1359118844707635203,,"<a href=""http://twitter.com/download/iphone"" rel=""nofollow"">Twitter for iPhone</a>",itzAjithA,56,True,False,,
112,112,113,RT @iamrajesh_sct: Suggest Me Best Bike With 250cc For Doing MotoVlogs...#Help,False,0,,2021-02-09 12:26:29,False,,1359116456307302400,,"<a href=""http://twitter.com/download/android"" rel=""nofollow"">Twitter for Android</a>",Ak86135656,56,True,False,,
113,113,114,RT @iamrajesh_sct: Suggest Me Best Bike With 250cc For Doing MotoVlogs...#Help,False,0,,2021-02-09 12:18:10,False,,1359114364352012288,,"<a href=""http://twitter.com/download/android"" rel=""nofollow"">Twitter for Android</a>",2104Chitthesh,56,True,False,,
114,114,115,RT @iamrajesh_sct: Suggest Me Best Bike With 250cc For Doing MotoVlogs...#Help,False,0,,2021-02-09 12:10:30,False,,1359112436335345665,,"<a href=""http://twitter.com/download/android"" rel=""nofollow"">Twitter for Android</a>",The_AK_Devotee,56,True,False,,
115,115,116,RT @iamrajesh_sct: Suggest Me Best Bike With 250cc For Doing MotoVlogs...#Help,False,0,,2021-02-09 12:07:41,False,,1359111728877826062,,"<a href=""http://twitter.com/download/android"" rel=""nofollow"">Twitter for Android</a>",Mohanra74629087,56,True,False,,
116,116,117,RT @iamrajesh_sct: Suggest Me Best Bike With 250cc For Doing MotoVlogs...#Help,False,0,,2021-02-09 12:04:20,False,,1359110886057594883,,"<a href=""http://twitter.com/download/android"" rel=""nofollow"">Twitter for Android</a>",AntonySebastin0,56,True,False,,
117,117,118,RT @iamrajesh_sct: Suggest Me Best Bike With 250cc For Doing MotoVlogs...#Help,False,0,,2021-02-09 12:03:46,False,,1359110740855037956,,"<a href=""http://twitter.com/download/android"" rel=""nofollow"">Twitter for Android</a>",smartharish2,56,True,False,,
118,118,119,RT @iamrajesh_sct: Suggest Me Best Bike With 250cc For Doing MotoVlogs...#Help,False,0,,2021-02-09 12:00:33,False,,1359109933451464707,,"<a href=""http://twitter.com/download/android"" rel=""nofollow"">Twitter for Android</a>",guhanmass35,56,True,False,,
119,119,120,RT @iamrajesh_sct: Suggest Me Best Bike With 250cc For Doing MotoVlogs...#Help,False,0,,2021-02-09 11:51:39,False,,1359107691608633344,,"<a href=""http://twitter.com/download/android"" rel=""nofollow"">Twitter for Android</a>",Varun30698908,56,True,False,,
120,120,121,RT @iamrajesh_sct: Suggest Me Best Bike With 250cc For Doing MotoVlogs...#Help,False,0,,2021-02-09 11:46:33,False,,1359106410206830603,,"<a href=""http://twitter.com/download/android"" rel=""nofollow"">Twitter for Android</a>",KD56680783,56,True,False,,
121,121,122,RT @iamrajesh_sct: Suggest Me Best Bike With 250cc For Doing MotoVlogs...#Help,False,0,,2021-02-09 11:25:43,False,,1359101164474617858,,"<a href=""http://twitter.com/download/android"" rel=""nofollow"">Twitter for Android</a>",VailmaiRamesh,56,True,False,,
122,122,123,RT @iamrajesh_sct: Suggest Me Best Bike With 250cc For Doing MotoVlogs...#Help,False,0,,2021-02-09 11:12:36,False,,1359097864438177792,,"<a href=""http://twitter.com/download/android"" rel=""nofollow"">Twitter for Android</a>",vinodhp6,56,True,False,,
123,123,124,RT @iamrajesh_sct: Suggest Me Best Bike With 250cc For Doing MotoVlogs...#Help,False,0,,2021-02-09 10:12:44,False,,1359082797915250693,,"<a href=""http://twitter.com/download/android"" rel=""nofollow"">Twitter for Android</a>",thalave84846214,56,True,False,,
124,124,125,RT @iamrajesh_sct: Suggest Me Best Bike With 250cc For Doing MotoVlogs...#Help,False,0,,2021-02-09 10:11:22,False,,1359082456305946635,,"<a href=""http://twitter.com/download/android"" rel=""nofollow"">Twitter for Android</a>",AJITHIYANKARTH7,56,True,False,,
125,125,126,If anyone   gazette  schools reopening  western province? #Help #RT,False,4,,2021-02-09 09:54:15,False,,1359078148344664068,,"<a href=""http://twitter.com/download/iphone"" rel=""nofollow"">Twitter for iPhone</a>",erangatennakoon,2,False,False,,
126,126,127,RT @iamrajesh_sct: Suggest Me Best Bike With 250cc For Doing MotoVlogs...#Help,False,0,,2021-02-09 09:31:50,False,,1359072505818796033,,"<a href=""http://twitter.com/download/android"" rel=""nofollow"">Twitter for Android</a>",EsakksV,56,True,False,,
127,127,128,RT @iamrajesh_sct: Suggest Me Best Bike With 250cc For Doing MotoVlogs...#Help,False,0,,2021-02-09 09:17:31,False,,1359068903893200900,,"<a href=""http://twitter.com/download/android"" rel=""nofollow"">Twitter for Android</a>",Balatamilan008,56,True,False,,
128,128,129,RT @iamrajesh_sct: Suggest Me Best Bike With 250cc For Doing MotoVlogs...#Help,False,0,,2021-02-09 09:15:31,False,,1359068398408245251,,"<a href=""http://twitter.com/download/android"" rel=""nofollow"">Twitter for Android</a>",Sanjay55483505,56,True,False,,
129,129,130,RT @iamrajesh_sct: Suggest Me Best Bike With 250cc For Doing MotoVlogs...#Help,False,0,,2021-02-09 09:13:26,False,,1359067875856642051,,"<a href=""http://twitter.com/download/android"" rel=""nofollow"">Twitter for Android</a>",ThalaAdictt,56,True,False,,
130,130,131,RT @iamrajesh_sct: Suggest Me Best Bike With 250cc For Doing MotoVlogs...#Help,False,0,,2021-02-09 09:03:36,False,,1359065399552217092,,"<a href=""http://twitter.com/download/android"" rel=""nofollow"">Twitter for Android</a>",Mohamed76405216,56,True,False,,
131,131,132,RT @jamusgit: What would  choose  buy  often? Please #RT #food #help,False,0,,2021-02-09 08:58:39,False,,1359064154108162048,,"<a href=""http://twitter.com/download/android"" rel=""nofollow"">Twitter for Android</a>",4shade17,5,True,False,,
132,132,133,RT @jamusgit: What would  choose  buy  often? Please #RT #food #help,False,0,,2021-02-09 08:57:30,False,,1359063864826990593,,"<a href=""https://mobile.twitter.com"" rel=""nofollow"">Twitter Web App</a>",jamusgit,5,True,False,,
133,133,134,RT @iamrajesh_sct: Suggest Me Best Bike With 250cc For Doing MotoVlogs...#Help,False,0,,2021-02-09 08:57:15,False,,1359063803237859329,,"<a href=""http://twitter.com/download/android"" rel=""nofollow"">Twitter for Android</a>",ARUNTHALA007,56,True,False,,
134,134,135,RT @iamrajesh_sct: Suggest Me Best Bike With 250cc For Doing MotoVlogs...#Help,False,0,,2021-02-09 08:53:35,False,,1359062878582579200,,"<a href=""http://twitter.com/download/android"" rel=""nofollow"">Twitter for Android</a>",Itz_Kettavan97,56,True,False,,
135,135,136,RT @iamrajesh_sct: Suggest Me Best Bike With 250cc For Doing MotoVlogs...#Help,False,0,,2021-02-09 08:47:45,False,,1359061413684121601,,"<a href=""http://twitter.com/download/android"" rel=""nofollow"">Twitter for Android</a>",Thala_Vino005,56,True,False,,
136,136,137,RT @iamrajesh_sct: Suggest Me Best Bike With 250cc For Doing MotoVlogs...#Help,False,0,,2021-02-09 08:22:03,False,,1359054946306428931,,"<a href=""http://twitter.com/download/android"" rel=""nofollow"">Twitter for Android</a>",Nizy2506,56,True,False,,
137,137,138,RT @iamrajesh_sct: Suggest Me Best Bike With 250cc For Doing MotoVlogs...#Help,False,0,,2021-02-09 08:11:53,False,,1359052385675452422,,"<a href=""http://twitter.com/download/android"" rel=""nofollow"">Twitter for Android</a>",Jai53653560,56,True,False,,
138,138,139,RT @iamrajesh_sct: Suggest Me Best Bike With 250cc For Doing MotoVlogs...#Help,False,0,,2021-02-09 08:05:52,False,,1359050870541881345,,"<a href=""http://twitter.com/download/android"" rel=""nofollow"">Twitter for Android</a>",Midhunr21385664,56,True,False,,
139,139,140,RT @iamrajesh_sct: Suggest Me Best Bike With 250cc For Doing MotoVlogs...#Help,False,0,,2021-02-09 07:47:32,False,,1359046258401239041,,"<a href=""http://twitter.com/download/android"" rel=""nofollow"">Twitter for Android</a>",ThalaAsar,56,True,False,,
140,140,141,RT @iamrajesh_sct: Suggest Me Best Bike With 250cc For Doing MotoVlogs...#Help,False,0,,2021-02-09 07:44:31,False,,1359045499584532480,,"<a href=""https://mobile.twitter.com"" rel=""nofollow"">Twitter Web App</a>",Abishek28834487,56,True,False,,
141,141,142,RT @iamrajesh_sct: Suggest Me Best Bike With 250cc For Doing MotoVlogs...#Help,False,0,,2021-02-09 07:44:01,False,,1359045371326918657,,"<a href=""http://twitter.com/download/android"" rel=""nofollow"">Twitter for Android</a>",VeshShar,56,True,False,,
142,142,143,RT @iamrajesh_sct: Suggest Me Best Bike With 250cc For Doing MotoVlogs...#Help,False,0,,2021-02-09 07:42:23,False,,1359044961291837440,,"<a href=""https://mobile.twitter.com"" rel=""nofollow"">Twitter Web App</a>",thala_san7,56,True,False,,
143,143,144,RT @iamrajesh_sct: Suggest Me Best Bike With 250cc For Doing MotoVlogs...#Help,False,0,,2021-02-09 07:38:11,False,,1359043903454810114,,"<a href=""http://twitter.com/download/android"" rel=""nofollow"">Twitter for Android</a>",Samuel88280265,56,True,False,,
144,144,145,RT @iamrajesh_sct: Suggest Me Best Bike With 250cc For Doing MotoVlogs...#Help,False,0,,2021-02-09 07:37:20,False,,1359043691030093825,,"<a href=""http://twitter.com/download/android"" rel=""nofollow"">Twitter for Android</a>",naughtynrtoff,56,True,False,,
145,145,146,RT @iamrajesh_sct: Suggest Me Best Bike With 250cc For Doing MotoVlogs...#Help,False,0,,2021-02-09 07:33:25,False,,1359042705519738881,,"<a href=""http://twitter.com/download/iphone"" rel=""nofollow"">Twitter for iPhone</a>",jahir77827151,56,True,False,,
146,146,147,RT @iamrajesh_sct: Suggest Me Best Bike With 250cc For Doing MotoVlogs...#Help,False,0,,2021-02-09 07:33:03,False,,1359042614721302533,,"<a href=""http://twitter.com/download/android"" rel=""nofollow"">Twitter for Android</a>",imShibusm,56,True,False,,
147,147,148,RT @iamrajesh_sct: Suggest Me Best Bike With 250cc For Doing MotoVlogs...#Help,False,0,,2021-02-09 07:30:49,False,,1359042053171077121,,"<a href=""http://twitter.com/download/android"" rel=""nofollow"">Twitter for Android</a>",Parthib49190403,56,True,False,,
148,148,149,RT @iamrajesh_sct: Suggest Me Best Bike With 250cc For Doing MotoVlogs...#Help,False,0,,2021-02-09 07:27:46,False,,1359041284392976384,,"<a href=""http://twitter.com/download/android"" rel=""nofollow"">Twitter for Android</a>",saravan40319657,56,True,False,,
149,149,150,RT @iamrajesh_sct: Suggest Me Best Bike With 250cc For Doing MotoVlogs...#Help,False,0,,2021-02-09 07:22:08,False,,1359039867674480643,,"<a href=""http://twitter.com/download/android"" rel=""nofollow"">Twitter for Android</a>",AJITHFANSANDHRA,56,True,False,,
150,150,151,RT @iamrajesh_sct: Suggest Me Best Bike With 250cc For Doing MotoVlogs...#Help,False,0,,2021-02-09 07:21:04,False,,1359039597573853185,,"<a href=""http://twitter.com/download/android"" rel=""nofollow"">Twitter for Android</a>",_BoVe_Sara_,56,True,False,,
151,151,152,RT @iamrajesh_sct: Suggest Me Best Bike With 250cc For Doing MotoVlogs...#Help,False,0,,2021-02-09 07:20:46,False,,1359039522621644802,,"<a href=""http://twitter.com/download/android"" rel=""nofollow"">Twitter for Android</a>",gana_vel,56,True,False,,
152,152,153,RT @iamrajesh_sct: Suggest Me Best Bike With 250cc For Doing MotoVlogs...#Help,False,0,,2021-02-09 07:20:25,False,,1359039435656994816,,"<a href=""http://twitter.com/download/android"" rel=""nofollow"">Twitter for Android</a>",Dk66406229,56,True,False,,
153,153,154,RT @iamrajesh_sct: Suggest Me Best Bike With 250cc For Doing MotoVlogs...#Help,False,0,,2021-02-09 07:16:32,False,,1359038458073739264,,"<a href=""http://twitter.com/download/android"" rel=""nofollow"">Twitter for Android</a>",Ajithku41359643,56,True,False,,
154,154,155,RT @iamrajesh_sct: Suggest Me Best Bike With 250cc For Doing MotoVlogs...#Help,False,0,,2021-02-09 07:15:07,False,,1359038101620838401,,"<a href=""http://twitter.com/download/android"" rel=""nofollow"">Twitter for Android</a>",PulsarHaneefa,56,True,False,,
155,155,156,RT @iamrajesh_sct: Suggest Me Best Bike With 250cc For Doing MotoVlogs...#Help,False,0,,2021-02-09 07:14:59,False,,1359038067550482435,,"<a href=""http://twitter.com/download/android"" rel=""nofollow"">Twitter for Android</a>",thalafanzjohor,56,True,False,,
156,156,157,RT @iamrajesh_sct: Suggest Me Best Bike With 250cc For Doing MotoVlogs...#Help,False,0,,2021-02-09 07:13:16,False,,1359037634476056585,,"<a href=""http://twitter.com/download/android"" rel=""nofollow"">Twitter for Android</a>",padmanabhandon,56,True,False,,
157,157,158,Suggest Me Best Bike With 250cc For Doing MotoVlogs...#Help,False,377,,2021-02-09 07:12:47,False,,1359037514565054465,,"<a href=""http://twitter.com/download/android"" rel=""nofollow"">Twitter for Android</a>",iamrajesh_sct,56,False,False,,
158,158,159,RT @jamusgit: What would  choose  buy  often? Please #RT #food #help,False,0,,2021-02-09 04:03:08,False,,1358989784463462404,,"<a href=""https://mobile.twitter.com"" rel=""nofollow"">Twitter Web App</a>",LadyZahara,5,True,False,,
159,159,160,RT @jamusgit: What would  choose  buy  often? Please #RT #food #help,False,0,,2021-02-09 02:51:41,False,,1358971805264797697,,"<a href=""https://mobile.twitter.com"" rel=""nofollow"">Twitter Web App</a>",Golden_Makane,5,True,False,,
160,160,161,RT @jamusgit: What would  choose  buy  often? Please #RT #food #help,False,0,,2021-02-09 02:50:53,False,,1358971601862053892,,"<a href=""http://twitter.com/download/android"" rel=""nofollow"">Twitter for Android</a>",purple_heart_tw,5,True,False,,
161,161,162,What would  choose  buy  often? Please #RT #food #help,False,9,,2021-02-08 20:46:24,False,,1358879880734117888,,"<a href=""https://mobile.twitter.com"" rel=""nofollow"">Twitter Web App</a>",jamusgit,5,False,False,,
162,162,163,"RT @frnaffas: It   said  various hadeeth  Prophet (sal),   one  says 'Ya Hayyu Ya Qayyum', HIS DUA IS ACCEPTED !

httpÂ",False,0,,2021-02-08 19:49:25,False,,1358865538366271491,,"<a href=""http://twitter.com/download/iphone"" rel=""nofollow"">Twitter for iPhone</a>",khatimayasir123,1,True,False,,
163,163,164,"Forgive #everyone  sleep   #clean heart <f0><U+009F><U+00A7><U+0098>

I  #   #help  <f0><U+009F><U+008F><U+008B><U+FE0F>

#everynight <f0><U+009F><U+0097><U+0091><U+FE0F>Â https://.co/mcbCiW6KnM",False,0,,2021-02-08 18:11:37,True,,1358840926630723588,,"<a href=""http://instagram.com"" rel=""nofollow"">Instagram</a>",iamvicky_mano,0,False,False,76.9667,11.0
164,164,165,"RT @PraveenNadeera: Help   friend   need!
#Hypertension #KidneyDisease #help

current situation <f0><U+009F><U+0091><U+0087>
https://.co/LclBB1m6at https://Â",False,0,,2021-02-08 02:35:04,False,,1358605237540429824,,"<a href=""http://twitter.com/download/iphone"" rel=""nofollow"">Twitter for iPhone</a>",iam_poor9,9,True,False,,
165,165,166,"RT @PraveenNadeera: Help   friend   need!
#Hypertension #KidneyDisease #help

current situation <f0><U+009F><U+0091><U+0087>
https://.co/LclBB1m6at https://Â",False,0,,2021-02-08 01:29:36,False,,1358588760066125825,,"<a href=""http://twitter.com/download/android"" rel=""nofollow"">Twitter for Android</a>",JanithShey,9,True,False,,
166,166,167,"RT @PraveenNadeera: Help   friend   need!
#Hypertension #KidneyDisease #help

current situation <f0><U+009F><U+0091><U+0087>
https://.co/LclBB1m6at https://Â",False,0,,2021-02-07 19:39:58,False,,1358500770811838465,,"<a href=""http://twitter.com/download/iphone"" rel=""nofollow"">Twitter for iPhone</a>",unknown_lankan,9,True,False,,
167,167,168,"RT @PraveenNadeera: Help   friend   need!
#Hypertension #KidneyDisease #help

current situation <f0><U+009F><U+0091><U+0087>
https://.co/LclBB1m6at https://Â",False,0,,2021-02-07 19:27:47,False,,1358497707703164929,,"<a href=""https://mobile.twitter.com"" rel=""nofollow"">Twitter Web App</a>",Dr_Alien_,9,True,False,,
168,168,169,"RT @PraveenNadeera: Help   friend   need!
#Hypertension #KidneyDisease #help

current situation <f0><U+009F><U+0091><U+0087>
https://.co/LclBB1m6at https://Â",False,0,,2021-02-07 18:20:37,False,,1358480804729352193,,"<a href=""http://twitter.com/download/android"" rel=""nofollow"">Twitter for Android</a>",sachinsupunthak,9,True,False,,
169,169,170,"RT @PraveenNadeera: Help   friend   need!
#Hypertension #KidneyDisease #help

current situation <f0><U+009F><U+0091><U+0087>
https://.co/LclBB1m6at https://Â",False,0,,2021-02-07 17:43:53,False,,1358471560479219713,,"<a href=""http://twitter.com/download/iphone"" rel=""nofollow"">Twitter for iPhone</a>",pulaAbey,9,True,False,,
170,170,171,"RT @PraveenNadeera: Help   friend   need!
#Hypertension #KidneyDisease #help

current situation <f0><U+009F><U+0091><U+0087>
https://.co/LclBB1m6at https://Â",False,0,,2021-02-07 17:23:33,False,,1358466442736201728,,"<a href=""http://twitter.com/download/android"" rel=""nofollow"">Twitter for Android</a>",Ranindu_,9,True,False,,
171,171,172,"RT @PraveenNadeera: Help   friend   need!
#Hypertension #KidneyDisease #help

current situation <f0><U+009F><U+0091><U+0087>
https://.co/LclBB1m6at https://Â",False,0,,2021-02-07 17:23:31,False,,1358466432762216450,,"<a href=""http://twitter.com/download/android"" rel=""nofollow"">Twitter for Android</a>",Spacewalkerlive,9,True,False,,
172,172,173,"RT @PraveenNadeera: Help   friend   need!
#Hypertension #KidneyDisease #help

current situation <f0><U+009F><U+0091><U+0087>
https://.co/LclBB1m6at https://Â",False,0,,2021-02-07 17:23:24,False,,1358466406044495873,,"<a href=""http://twitter.com/download/iphone"" rel=""nofollow"">Twitter for iPhone</a>",chamath_er,9,True,False,,
173,173,174,"Help   friend   need!
#Hypertension #KidneyDisease #help

current situation <f0><U+009F><U+0091><U+0087>
https://.co/LclBB1m6at https://.co/E7UUrw3Mbx",False,12,,2021-02-07 17:21:54,False,,1358466028389376002,,"<a href=""http://twitter.com/download/iphone"" rel=""nofollow"">Twitter for iPhone</a>",PraveenNadeera,9,False,False,,
174,174,175,"RT @notpoos: Anyone working  #99x  #LSEG? 

Looking   internship   sibling <f0><U+009F><U+0091><U+0080>

#Help #RT",False,0,,2021-02-07 13:42:09,False,,1358410725710995457,,"<a href=""http://twitter.com/download/android"" rel=""nofollow"">Twitter for Android</a>",anuramano,14,True,False,,
175,175,176,"RT @notpoos: Anyone working  #99x  #LSEG? 

Looking   internship   sibling <f0><U+009F><U+0091><U+0080>

#Help #RT",False,0,,2021-02-07 13:09:18,False,,1358402458876145664,,"<a href=""http://twitter.com/download/android"" rel=""nofollow"">Twitter for Android</a>",Srinath_SM1,14,True,False,,
