,,,text,favorited,favoriteCount,replyToSN,created,truncated,replyToSID,id,replyToUID,statusSource,screenName,retweetCount,isRetweet,retweeted,longitude,latitude
0,0,1,"RT @Colombo_Ladyy: Anyone   idea  MSc.  IT offered  UoC?? 
#help #lka #rt",False,0,,2021-01-16 08:19:13,False,,1350356921207803904,,"<a href=""http://twitter.com/download/android"" rel=""nofollow"">Twitter for Android</a>",__Methmal,2,True,False,,
1,1,2,"RT @Colombo_Ladyy: Anyone   idea  MSc.  IT offered  UoC?? 
#help #lka #rt",False,0,,2021-01-16 08:18:05,False,,1350356637664518146,,"<a href=""http://twitter.com/download/android"" rel=""nofollow"">Twitter for Android</a>",GayumiKW,2,True,False,,
2,2,3,"Anyone   idea  MSc.  IT offered  UoC?? 
#help #lka #rt",False,2,,2021-01-16 08:17:16,False,,1350356432319782912,,"<a href=""http://twitter.com/download/android"" rel=""nofollow"">Twitter for Android</a>",Colombo_Ladyy,2,False,False,,
3,3,4,RT @tikirimaarie: Is   company willing  host 5 zoom meetings   sponsorship? <f0><U+009F><U+0091><U+0080> #Help #RT,False,0,,2021-01-16 06:40:44,False,,1350332137858207747,,"<a href=""http://twitter.com/download/android"" rel=""nofollow"">Twitter for Android</a>",moogater,8,True,False,,
4,4,5,RT @tikirimaarie: Is   company willing  host 5 zoom meetings   sponsorship? <f0><U+009F><U+0091><U+0080> #Help #RT,False,0,,2021-01-16 06:15:59,False,,1350325910772215810,,"<a href=""http://twitter.com/download/android"" rel=""nofollow"">Twitter for Android</a>",piumi_silva,8,True,False,,
5,5,6,RT @tikirimaarie: Is   company willing  host 5 zoom meetings   sponsorship? <f0><U+009F><U+0091><U+0080> #Help #RT,False,0,,2021-01-16 05:07:27,False,,1350308664519716864,,"<a href=""http://twitter.com/#!/download/ipad"" rel=""nofollow"">Twitter for iPad</a>",RuchiraHerath,8,True,False,,
6,6,7,RT @tikirimaarie: Is   company willing  host 5 zoom meetings   sponsorship? <f0><U+009F><U+0091><U+0080> #Help #RT,False,0,,2021-01-16 04:26:01,False,,1350298234284089350,,"<a href=""http://twitter.com/download/android"" rel=""nofollow"">Twitter for Android</a>",lakizuru,8,True,False,,
7,7,8,RT @tikirimaarie: Is   company willing  host 5 zoom meetings   sponsorship? <f0><U+009F><U+0091><U+0080> #Help #RT,False,0,,2021-01-16 04:23:59,False,,1350297726072754176,,"<a href=""http://twitter.com/download/android"" rel=""nofollow"">Twitter for Android</a>",amayaa01,8,True,False,,
8,8,9,RT @tikirimaarie: Is   company willing  host 5 zoom meetings   sponsorship? <f0><U+009F><U+0091><U+0080> #Help #RT,False,0,,2021-01-16 04:17:28,False,,1350296085705621506,,"<a href=""http://twitter.com/download/android"" rel=""nofollow"">Twitter for Android</a>",maggiegirl29,8,True,False,,
9,9,10,RT @tikirimaarie: Is   company willing  host 5 zoom meetings   sponsorship? <f0><U+009F><U+0091><U+0080> #Help #RT,False,0,,2021-01-16 04:01:32,False,,1350292073824583683,,"<a href=""https://mobile.twitter.com"" rel=""nofollow"">Twitter Web App</a>",GeethmaC,8,True,False,,
10,10,11,RT @tikirimaarie: Is   company willing  host 5 zoom meetings   sponsorship? <f0><U+009F><U+0091><U+0080> #Help #RT,False,0,,2021-01-16 03:52:53,False,,1350289897693741057,,"<a href=""http://twitter.com/download/android"" rel=""nofollow"">Twitter for Android</a>",GayumiKW,8,True,False,,
11,11,12,Is   company willing  host 5 zoom meetings   sponsorship? <f0><U+009F><U+0091><U+0080> #Help #RT,False,19,,2021-01-16 03:50:53,False,,1350289393202806786,,"<a href=""http://twitter.com/download/android"" rel=""nofollow"">Twitter for Android</a>",tikirimaarie,8,False,False,,
12,12,13,RT @kazZtr_: anybody Played Crew2? How  ? worth buying?  also   sale  $8 #gaming #steam #help https://.co/97zdbee9yp,False,0,,2021-01-15 17:39:05,False,,1350135431048822784,,"<a href=""http://twitter.com/download/android"" rel=""nofollow"">Twitter for Android</a>",EnThunga,2,True,False,,
13,13,14,"@AppleSupport builds rejected yesterday due  App Store Connect issue,   need  resubmit? #Help",False,0,AppleSupport,2021-01-15 17:20:16,False,,1350130693729300480,3309375033.0,"<a href=""http://twitter.com/download/iphone"" rel=""nofollow"">Twitter for iPhone</a>",erangatennakoon,0,False,False,,
14,14,15,"#Help #Urgent #RT 

Please contact @Amaliniii  anyone  help https://.co/xajlNdVrH9",False,1,,2021-01-15 07:58:52,False,,1349989413367865350,,"<a href=""http://twitter.com/download/android"" rel=""nofollow"">Twitter for Android</a>",Krys_Reid,0,False,False,,
15,15,16,"Suggest   good place   rice <f0><U+009F><U+008D><U+009A>  curry <f0><U+009F><U+008D><U+009B>   #Matugama

#help #matugama #lunch",False,10,,2021-01-15 06:56:01,False,,1349973598824329218,,"<a href=""http://twitter.com/download/iphone"" rel=""nofollow"">Twitter for iPhone</a>",realChamith,1,False,False,,
16,16,17,RT @kazZtr_: anybody Played Crew2? How  ? worth buying?  also   sale  $8 #gaming #steam #help https://.co/97zdbee9yp,False,0,,2021-01-15 03:44:11,False,,1349925322389643265,,"<a href=""https://strongholdhub.net"" rel=""nofollow"">Twitter Bot #1</a>",GamingRTweeters,2,True,False,,
17,17,18,anybody Played Crew2? How  ? worth buying?  also   sale  $8 #gaming #steam #help https://.co/97zdbee9yp,False,2,,2021-01-15 03:42:23,False,,1349924868330962945,,"<a href=""https://mobile.twitter.com"" rel=""nofollow"">Twitter Web App</a>",kazZtr_,2,False,False,,
18,18,19,#rt #help Edm vibes https://.co/S7MuNVUV2v,False,0,,2021-01-14 13:23:44,False,,1349708779567292417,,"<a href=""http://twitter.com/download/iphone"" rel=""nofollow"">Twitter for iPhone</a>",arixxsaviour,0,False,False,,
19,19,20,Any well known charity  Sri Lanka... please suggest authentic ones... #charity #srilanka #help #needy #poor #EducationForAll #foodforall,False,1,,2021-01-13 16:46:40,False,,1349397462453153792,,"<a href=""http://twitter.com/download/iphone"" rel=""nofollow"">Twitter for iPhone</a>",JawadhSalih,0,False,False,,
20,20,21,"RT @__Queen_G__: Sent money   PhonePe   dads number  '  phonepe.
But   gpay. 
My money  debited.
But  'Â",False,0,,2021-01-13 11:37:33,False,,1349319669799215108,,"<a href=""https://mobile.twitter.com"" rel=""nofollow"">Twitter Web App</a>",Pantherpid166,1,True,False,,
21,21,22,"Sent money   PhonePe   dads number  '  phonepe.
But   gpay. 
My money  debited.
But hÂ https://.co/GStI7wBzBG",False,0,,2021-01-13 11:35:39,True,,1349319191396945920,,"<a href=""http://twitter.com/download/android"" rel=""nofollow"">Twitter for Android</a>",__Queen_G__,1,False,False,,
22,22,23,"Can someone recommend   good dentist (   wisdom tooth scenario ) 
And someone update  usually  much Â https://.co/XR9iOOopUe",False,14,,2021-01-12 17:07:46,True,,1349040384714838019,,"<a href=""http://twitter.com/download/iphone"" rel=""nofollow"">Twitter for iPhone</a>",Ammatasirii,0,False,False,,
23,23,24,#help Need assistance  creating  quick event intro video. Any app  software  could help  . #videoeditor #videoediting,False,1,,2021-01-12 10:39:28,False,,1348942666168373248,,"<a href=""http://twitter.com/download/android"" rel=""nofollow"">Twitter for Android</a>",pjwalebaabu,0,False,False,,
24,24,25,"RT @_NayanatharaJ: #books #Literature #women #lka #help #SriLanka #Tamillanguage

https://.co/meM6bxEYO7
This group   idea  translaÂ",False,0,,2021-01-11 16:39:43,False,,1348670939915931663,,"<a href=""http://twitter.com/download/android"" rel=""nofollow"">Twitter for Android</a>",Iam_N_Sandaru,4,True,False,,
25,25,26,"RT @_NayanatharaJ: #books #Literature #women #lka #help #SriLanka #Tamillanguage

https://.co/meM6bxEYO7
This group   idea  translaÂ",False,0,,2021-01-11 16:37:29,False,,1348670375517802501,,"<a href=""http://twitter.com/download/android"" rel=""nofollow"">Twitter for Android</a>",dilipcoool_dc,4,True,False,,
26,26,27,"@atytse Dear Sir,  reason  #mi10t WiFi  drop  soon   phone locks? No option  keep  awake either. #help #mi10t #Xiaomi",False,0,atytse,2021-01-11 12:34:21,False,,1348609191099854849,30597970.0,"<a href=""http://twitter.com/download/android"" rel=""nofollow"">Twitter for Android</a>",Shamil_Ali,0,False,False,,
27,27,28,"RT @_NayanatharaJ: #books #Literature #women #lka #help #SriLanka #Tamillanguage

https://.co/meM6bxEYO7
This group   idea  translaÂ",False,0,,2021-01-11 11:28:28,False,,1348592609208324096,,"<a href=""http://twitter.com/download/android"" rel=""nofollow"">Twitter for Android</a>",iampiyumi_,4,True,False,,
28,28,29,"#books #Literature #women #lka #help #SriLanka #Tamillanguage

https://.co/meM6bxEYO7
This group   idea  trÂ https://.co/udZ2hlCGJ8",False,13,,2021-01-11 08:43:44,True,,1348551153139650561,,"<a href=""http://twitter.com/download/android"" rel=""nofollow"">Twitter for Android</a>",_NayanatharaJ,4,False,False,,
29,29,30,"Can  individually apply  BCS ?

#help",False,13,,2021-01-11 07:53:55,False,,1348538615740055555,,"<a href=""http://twitter.com/download/android"" rel=""nofollow"">Twitter for Android</a>",DreadfulExmile,0,False,False,,
30,30,31,"#Help need one ticket  13th mrg 5AM show  chennai
 Thalapathyians help panunga pls

#masterticketsÂ https://.co/nUMTitixlL",False,0,,2021-01-10 15:46:03,True,,1348295043967143937,,"<a href=""http://twitter.com/download/android"" rel=""nofollow"">Twitter for Android</a>",baskar295,0,False,False,,
31,31,32,"RT @ZamanX90: I upgraded  sim   4G sim today  received  4G free quota  use. How  I make sure,  mobile data  use 4G onlÂ",False,0,,2021-01-09 14:19:22,False,,1347910842910703620,,,education_24x7,1,True,False,,
32,32,33,"RT @thegallerybitch: A little help guys 
#RT #HELP https://.co/1NRmT6fYwx",False,0,,2021-01-09 06:12:59,False,,1347788441585647619,,"<a href=""http://twitter.com/download/android"" rel=""nofollow"">Twitter for Android</a>",lakizuru,50,True,False,,
33,33,34,"RT @ItzDs: Is   good gastroenterologist  salem?
#Help
#Retweet",False,0,,2021-01-09 05:48:40,False,,1347782319566856194,,"<a href=""http://twitter.com/download/android"" rel=""nofollow"">Twitter for Android</a>",thenameisvelu,3,True,False,,
34,34,35,"RT @ItzDs: Is   good gastroenterologist  salem?
#Help
#Retweet",False,0,,2021-01-09 05:38:24,False,,1347779735745482752,,"<a href=""http://twitter.com/download/android"" rel=""nofollow"">Twitter for Android</a>",weknowth827,3,True,False,,
35,35,36,"RT @ItzDs: Is   good gastroenterologist  salem?
#Help
#Retweet",False,0,,2021-01-09 05:36:49,False,,1347779337248935937,,"<a href=""http://twitter.com/download/android"" rel=""nofollow"">Twitter for Android</a>",Mona_Twits,3,True,False,,
36,36,37,"Is   good gastroenterologist  salem?
#Help
#Retweet",False,0,,2021-01-09 05:32:49,False,,1347778332264316928,,"<a href=""http://twitter.com/download/android"" rel=""nofollow"">Twitter for Android</a>",ItzDs,3,False,False,,
37,37,38,"RT @thegallerybitch: A little help guys 
#RT #HELP https://.co/1NRmT6fYwx",False,0,,2021-01-09 04:53:51,False,,1347768526040285186,,"<a href=""http://twitter.com/download/android"" rel=""nofollow"">Twitter for Android</a>",praveelive,50,True,False,,
38,38,39,"RT @thegallerybitch: A little help guys 
#RT #HELP https://.co/1NRmT6fYwx",False,0,,2021-01-09 04:53:11,False,,1347768358956126210,,"<a href=""http://twitter.com/download/android"" rel=""nofollow"">Twitter for Android</a>",anushaka_____,50,True,False,,
39,39,40,"@UIDAI @Aadhaar_Care 
My wife address change '  updated yet  mine resident   address   uÂ https://.co/cTZ6MITANF",False,0,UIDAI,2021-01-09 03:20:53,True,,1347745128870420480,1596415166.0,"<a href=""http://twitter.com/download/android"" rel=""nofollow"">Twitter for Android</a>",GOPALAKRISHN111,0,False,False,,
40,40,41,"RT @thegallerybitch: A little help guys 
#RT #HELP https://.co/1NRmT6fYwx",False,0,,2021-01-09 03:11:25,False,,1347742748015783939,,"<a href=""http://twitter.com/download/iphone"" rel=""nofollow"">Twitter for iPhone</a>",fazil03,50,True,False,,
41,41,42,"RT @thegallerybitch: A little help guys 
#RT #HELP https://.co/1NRmT6fYwx",False,0,,2021-01-09 02:33:22,False,,1347733172763586562,,"<a href=""http://twitter.com/download/android"" rel=""nofollow"">Twitter for Android</a>",sunethdeegayu07,50,True,False,,
42,42,43,"RT @thegallerybitch: A little help guys 
#RT #HELP https://.co/1NRmT6fYwx",False,0,,2021-01-09 02:31:19,False,,1347732657174499330,,"<a href=""http://twitter.com/download/android"" rel=""nofollow"">Twitter for Android</a>",xxx_yzA,50,True,False,,
43,43,44,"RT @thegallerybitch: A little help guys 
#RT #HELP https://.co/1NRmT6fYwx",False,0,,2021-01-09 00:46:11,False,,1347706199374925824,,"<a href=""http://twitter.com/download/android"" rel=""nofollow"">Twitter for Android</a>",bebaalka,50,True,False,,
44,44,45,"RT @thegallerybitch: A little help guys 
#RT #HELP https://.co/1NRmT6fYwx",False,0,,2021-01-08 18:11:48,False,,1347606949781594114,,"<a href=""https://mobile.twitter.com"" rel=""nofollow"">Twitter Web App</a>",upakaara,50,True,False,,
