,,,text,favorited,favoriteCount,replyToSN,created,truncated,replyToSID,id,replyToUID,statusSource,screenName,retweetCount,isRetweet,retweeted,longitude,latitude
0,0,1,"RT @Colombo_Ladyy: Anyone   idea  MSc.  IT offered  UoC?? 
#help #lka #rt",False,0,,2021-01-16 17:39:19,False,,1350497878461046784,,"<a href=""http://twitter.com/download/android"" rel=""nofollow"">Twitter for Android</a>",brollieonmyhead,14,True,False,,
1,1,2,"RT @Colombo_Ladyy: Anyone   idea  MSc.  IT offered  UoC?? 
#help #lka #rt",False,0,,2021-01-16 15:10:01,False,,1350460305587859456,,"<a href=""http://twitter.com/download/android"" rel=""nofollow"">Twitter for Android</a>",h_intricate,14,True,False,,
2,2,3,"RT @Colombo_Ladyy: Anyone   idea  MSc.  IT offered  UoC?? 
#help #lka #rt",False,0,,2021-01-16 11:45:21,False,,1350408797336920067,,"<a href=""https://mobile.twitter.com"" rel=""nofollow"">Twitter Web App</a>",ShareefShakira,14,True,False,,
3,3,4,#help I got  msgs I ' fill  loan  demat account I get  call yesterday   demat account  Â https://.co/R21R4h0TK6,False,0,,2021-01-16 11:00:48,True,,1350397584888590336,,"<a href=""http://twitter.com/download/android"" rel=""nofollow"">Twitter for Android</a>",Veera217,0,False,False,,
4,4,5,"RT @Colombo_Ladyy: Anyone   idea  MSc.  IT offered  UoC?? 
#help #lka #rt",False,0,,2021-01-16 10:08:39,False,,1350384463209922561,,"<a href=""http://twitter.com/download/android"" rel=""nofollow"">Twitter for Android</a>",Vimukthi_93,14,True,False,,
5,5,6,"RT @Colombo_Ladyy: Anyone   idea  MSc.  IT offered  UoC?? 
#help #lka #rt",False,0,,2021-01-16 09:50:03,False,,1350379782639292417,,"<a href=""http://twitter.com/download/android"" rel=""nofollow"">Twitter for Android</a>",PinkySandaruwni,14,True,False,,
6,6,7,"RT @Colombo_Ladyy: Anyone   idea  MSc.  IT offered  UoC?? 
#help #lka #rt",False,0,,2021-01-16 09:42:52,False,,1350377973526851589,,"<a href=""http://twitter.com/download/android"" rel=""nofollow"">Twitter for Android</a>",lakizuru,14,True,False,,
7,7,8,"RT @Colombo_Ladyy: Anyone   idea  MSc.  IT offered  UoC?? 
#help #lka #rt",False,0,,2021-01-16 09:29:42,False,,1350374660248989696,,"<a href=""http://twitter.com/download/android"" rel=""nofollow"">Twitter for Android</a>",MinupamaK,14,True,False,,
8,8,9,"RT @Colombo_Ladyy: Anyone   idea  MSc.  IT offered  UoC?? 
#help #lka #rt",False,0,,2021-01-16 08:43:01,False,,1350362913110802433,,"<a href=""https://mobile.twitter.com"" rel=""nofollow"">Twitter Web App</a>",_ouTLiER__,14,True,False,,
9,9,10,"RT @Colombo_Ladyy: Anyone   idea  MSc.  IT offered  UoC?? 
#help #lka #rt",False,0,,2021-01-16 08:34:31,False,,1350360771977474048,,"<a href=""http://twitter.com/download/android"" rel=""nofollow"">Twitter for Android</a>",ThiloniWickram2,14,True,False,,
10,10,11,"RT @Colombo_Ladyy: Anyone   idea  MSc.  IT offered  UoC?? 
#help #lka #rt",False,0,,2021-01-16 08:25:02,False,,1350358385846231043,,"<a href=""http://twitter.com/download/android"" rel=""nofollow"">Twitter for Android</a>",Its_me_Navo,14,True,False,,
11,11,12,RT @tikirimaarie: Is   company willing  host 5 zoom meetings   sponsorship? <f0><U+009F><U+0091><U+0080> #Help #RT,False,0,,2021-01-16 08:23:05,False,,1350357898048598016,,"<a href=""http://twitter.com/download/android"" rel=""nofollow"">Twitter for Android</a>",Its_me_Navo,9,True,False,,
12,12,13,"RT @Colombo_Ladyy: Anyone   idea  MSc.  IT offered  UoC?? 
#help #lka #rt",False,0,,2021-01-16 08:22:43,False,,1350357802636570627,,"<a href=""http://twitter.com/download/android"" rel=""nofollow"">Twitter for Android</a>",igurupanmalli,14,True,False,,
13,13,14,"RT @Colombo_Ladyy: Anyone   idea  MSc.  IT offered  UoC?? 
#help #lka #rt",False,0,,2021-01-16 08:19:13,False,,1350356921207803904,,"<a href=""http://twitter.com/download/android"" rel=""nofollow"">Twitter for Android</a>",__Methmal,14,True,False,,
14,14,15,"RT @Colombo_Ladyy: Anyone   idea  MSc.  IT offered  UoC?? 
#help #lka #rt",False,0,,2021-01-16 08:18:05,False,,1350356637664518146,,"<a href=""http://twitter.com/download/android"" rel=""nofollow"">Twitter for Android</a>",GayumiKW,14,True,False,,
15,15,16,"Anyone   idea  MSc.  IT offered  UoC?? 
#help #lka #rt",False,29,,2021-01-16 08:17:16,False,,1350356432319782912,,"<a href=""http://twitter.com/download/android"" rel=""nofollow"">Twitter for Android</a>",Colombo_Ladyy,14,False,False,,
16,16,17,RT @tikirimaarie: Is   company willing  host 5 zoom meetings   sponsorship? <f0><U+009F><U+0091><U+0080> #Help #RT,False,0,,2021-01-16 06:40:44,False,,1350332137858207747,,"<a href=""http://twitter.com/download/android"" rel=""nofollow"">Twitter for Android</a>",moogater,9,True,False,,
17,17,18,RT @tikirimaarie: Is   company willing  host 5 zoom meetings   sponsorship? <f0><U+009F><U+0091><U+0080> #Help #RT,False,0,,2021-01-16 06:15:59,False,,1350325910772215810,,"<a href=""http://twitter.com/download/android"" rel=""nofollow"">Twitter for Android</a>",piumi_silva,9,True,False,,
18,18,19,RT @tikirimaarie: Is   company willing  host 5 zoom meetings   sponsorship? <f0><U+009F><U+0091><U+0080> #Help #RT,False,0,,2021-01-16 05:07:27,False,,1350308664519716864,,"<a href=""http://twitter.com/#!/download/ipad"" rel=""nofollow"">Twitter for iPad</a>",RuchiraHerath,9,True,False,,
19,19,20,RT @tikirimaarie: Is   company willing  host 5 zoom meetings   sponsorship? <f0><U+009F><U+0091><U+0080> #Help #RT,False,0,,2021-01-16 04:26:01,False,,1350298234284089350,,"<a href=""http://twitter.com/download/android"" rel=""nofollow"">Twitter for Android</a>",lakizuru,9,True,False,,
20,20,21,RT @tikirimaarie: Is   company willing  host 5 zoom meetings   sponsorship? <f0><U+009F><U+0091><U+0080> #Help #RT,False,0,,2021-01-16 04:23:59,False,,1350297726072754176,,"<a href=""http://twitter.com/download/android"" rel=""nofollow"">Twitter for Android</a>",amayaa01,9,True,False,,
21,21,22,RT @tikirimaarie: Is   company willing  host 5 zoom meetings   sponsorship? <f0><U+009F><U+0091><U+0080> #Help #RT,False,0,,2021-01-16 04:17:28,False,,1350296085705621506,,"<a href=""http://twitter.com/download/android"" rel=""nofollow"">Twitter for Android</a>",maggiegirl29,9,True,False,,
22,22,23,RT @tikirimaarie: Is   company willing  host 5 zoom meetings   sponsorship? <f0><U+009F><U+0091><U+0080> #Help #RT,False,0,,2021-01-16 04:01:32,False,,1350292073824583683,,"<a href=""https://mobile.twitter.com"" rel=""nofollow"">Twitter Web App</a>",GeethmaC,9,True,False,,
23,23,24,RT @tikirimaarie: Is   company willing  host 5 zoom meetings   sponsorship? <f0><U+009F><U+0091><U+0080> #Help #RT,False,0,,2021-01-16 03:52:53,False,,1350289897693741057,,"<a href=""http://twitter.com/download/android"" rel=""nofollow"">Twitter for Android</a>",GayumiKW,9,True,False,,
24,24,25,Is   company willing  host 5 zoom meetings   sponsorship? <f0><U+009F><U+0091><U+0080> #Help #RT,False,25,,2021-01-16 03:50:53,False,,1350289393202806786,,"<a href=""http://twitter.com/download/android"" rel=""nofollow"">Twitter for Android</a>",tikirimaarie,9,False,False,,
25,25,26,RT @kazZtr_: anybody Played Crew2? How  ? worth buying?  also   sale  $8 #gaming #steam #help https://.co/97zdbee9yp,False,0,,2021-01-15 17:39:05,False,,1350135431048822784,,"<a href=""http://twitter.com/download/android"" rel=""nofollow"">Twitter for Android</a>",EnThunga,2,True,False,,
26,26,27,"@AppleSupport builds rejected yesterday due  App Store Connect issue,   need  resubmit? #Help",False,0,AppleSupport,2021-01-15 17:20:16,False,,1350130693729300480,3309375033.0,"<a href=""http://twitter.com/download/iphone"" rel=""nofollow"">Twitter for iPhone</a>",erangatennakoon,0,False,False,,
27,27,28,"#Help #Urgent #RT 

Please contact @Amaliniii  anyone  help https://.co/xajlNdVrH9",False,1,,2021-01-15 07:58:52,False,,1349989413367865350,,"<a href=""http://twitter.com/download/android"" rel=""nofollow"">Twitter for Android</a>",Krys_Reid,0,False,False,,
28,28,29,"Suggest   good place   rice <f0><U+009F><U+008D><U+009A>  curry <f0><U+009F><U+008D><U+009B>   #Matugama

#help #matugama #lunch",False,10,,2021-01-15 06:56:01,False,,1349973598824329218,,"<a href=""http://twitter.com/download/iphone"" rel=""nofollow"">Twitter for iPhone</a>",realChamith,1,False,False,,
29,29,30,RT @kazZtr_: anybody Played Crew2? How  ? worth buying?  also   sale  $8 #gaming #steam #help https://.co/97zdbee9yp,False,0,,2021-01-15 03:44:11,False,,1349925322389643265,,"<a href=""https://strongholdhub.net"" rel=""nofollow"">Twitter Bot #1</a>",GamingRTweeters,2,True,False,,
30,30,31,anybody Played Crew2? How  ? worth buying?  also   sale  $8 #gaming #steam #help https://.co/97zdbee9yp,False,2,,2021-01-15 03:42:23,False,,1349924868330962945,,"<a href=""https://mobile.twitter.com"" rel=""nofollow"">Twitter Web App</a>",kazZtr_,2,False,False,,
31,31,32,#rt #help Edm vibes https://.co/S7MuNVUV2v,False,0,,2021-01-14 13:23:44,False,,1349708779567292417,,"<a href=""http://twitter.com/download/iphone"" rel=""nofollow"">Twitter for iPhone</a>",arixxsaviour,0,False,False,,
32,32,33,Any well known charity  Sri Lanka... please suggest authentic ones... #charity #srilanka #help #needy #poor #EducationForAll #foodforall,False,1,,2021-01-13 16:46:40,False,,1349397462453153792,,"<a href=""http://twitter.com/download/iphone"" rel=""nofollow"">Twitter for iPhone</a>",JawadhSalih,0,False,False,,
33,33,34,"RT @__Queen_G__: Sent money   PhonePe   dads number  '  phonepe.
But   gpay. 
My money  debited.
But  'Â",False,0,,2021-01-13 11:37:33,False,,1349319669799215108,,"<a href=""https://mobile.twitter.com"" rel=""nofollow"">Twitter Web App</a>",Pantherpid166,1,True,False,,
34,34,35,"Sent money   PhonePe   dads number  '  phonepe.
But   gpay. 
My money  debited.
But hÂ https://.co/GStI7wBzBG",False,0,,2021-01-13 11:35:39,True,,1349319191396945920,,"<a href=""http://twitter.com/download/android"" rel=""nofollow"">Twitter for Android</a>",__Queen_G__,1,False,False,,
35,35,36,"Can someone recommend   good dentist (   wisdom tooth scenario ) 
And someone update  usually  much Â https://.co/XR9iOOopUe",False,14,,2021-01-12 17:07:46,True,,1349040384714838019,,"<a href=""http://twitter.com/download/iphone"" rel=""nofollow"">Twitter for iPhone</a>",Ammatasirii,0,False,False,,
36,36,37,#help Need assistance  creating  quick event intro video. Any app  software  could help  . #videoeditor #videoediting,False,1,,2021-01-12 10:39:28,False,,1348942666168373248,,"<a href=""http://twitter.com/download/android"" rel=""nofollow"">Twitter for Android</a>",pjwalebaabu,0,False,False,,
37,37,38,"RT @_NayanatharaJ: #books #Literature #women #lka #help #SriLanka #Tamillanguage

https://.co/meM6bxEYO7
This group   idea  translaÂ",False,0,,2021-01-11 16:39:43,False,,1348670939915931663,,"<a href=""http://twitter.com/download/android"" rel=""nofollow"">Twitter for Android</a>",Iam_N_Sandaru,4,True,False,,
38,38,39,"RT @_NayanatharaJ: #books #Literature #women #lka #help #SriLanka #Tamillanguage

https://.co/meM6bxEYO7
This group   idea  translaÂ",False,0,,2021-01-11 16:37:29,False,,1348670375517802501,,"<a href=""http://twitter.com/download/android"" rel=""nofollow"">Twitter for Android</a>",dilipcoool_dc,4,True,False,,
39,39,40,"@atytse Dear Sir,  reason  #mi10t WiFi  drop  soon   phone locks? No option  keep  awake either. #help #mi10t #Xiaomi",False,0,atytse,2021-01-11 12:34:21,False,,1348609191099854849,30597970.0,"<a href=""http://twitter.com/download/android"" rel=""nofollow"">Twitter for Android</a>",Shamil_Ali,0,False,False,,
40,40,41,"RT @_NayanatharaJ: #books #Literature #women #lka #help #SriLanka #Tamillanguage

https://.co/meM6bxEYO7
This group   idea  translaÂ",False,0,,2021-01-11 11:28:28,False,,1348592609208324096,,"<a href=""http://twitter.com/download/android"" rel=""nofollow"">Twitter for Android</a>",iampiyumi_,4,True,False,,
41,41,42,"#books #Literature #women #lka #help #SriLanka #Tamillanguage

https://.co/meM6bxEYO7
This group   idea  trÂ https://.co/udZ2hlCGJ8",False,13,,2021-01-11 08:43:44,True,,1348551153139650561,,"<a href=""http://twitter.com/download/android"" rel=""nofollow"">Twitter for Android</a>",_NayanatharaJ,4,False,False,,
42,42,43,"Can  individually apply  BCS ?

#help",False,13,,2021-01-11 07:53:55,False,,1348538615740055555,,"<a href=""http://twitter.com/download/android"" rel=""nofollow"">Twitter for Android</a>",DreadfulExmile,0,False,False,,
43,43,44,"#Help need one ticket  13th mrg 5AM show  chennai
 Thalapathyians help panunga pls

#masterticketsÂ https://.co/nUMTitixlL",False,0,,2021-01-10 15:46:03,True,,1348295043967143937,,"<a href=""http://twitter.com/download/android"" rel=""nofollow"">Twitter for Android</a>",baskar295,0,False,False,,
44,44,45,"RT @ZamanX90: I upgraded  sim   4G sim today  received  4G free quota  use. How  I make sure,  mobile data  use 4G onlÂ",False,0,,2021-01-09 14:19:22,False,,1347910842910703620,,,education_24x7,1,True,False,,
45,45,46,"RT @thegallerybitch: A little help guys 
#RT #HELP https://.co/1NRmT6fYwx",False,0,,2021-01-09 06:12:59,False,,1347788441585647619,,"<a href=""http://twitter.com/download/android"" rel=""nofollow"">Twitter for Android</a>",lakizuru,50,True,False,,
46,46,47,"RT @ItzDs: Is   good gastroenterologist  salem?
#Help
#Retweet",False,0,,2021-01-09 05:48:40,False,,1347782319566856194,,"<a href=""http://twitter.com/download/android"" rel=""nofollow"">Twitter for Android</a>",thenameisvelu,3,True,False,,
47,47,48,"RT @ItzDs: Is   good gastroenterologist  salem?
#Help
#Retweet",False,0,,2021-01-09 05:38:24,False,,1347779735745482752,,"<a href=""http://twitter.com/download/android"" rel=""nofollow"">Twitter for Android</a>",weknowth827,3,True,False,,
48,48,49,"RT @ItzDs: Is   good gastroenterologist  salem?
#Help
#Retweet",False,0,,2021-01-09 05:36:49,False,,1347779337248935937,,"<a href=""http://twitter.com/download/android"" rel=""nofollow"">Twitter for Android</a>",Mona_Twits,3,True,False,,
49,49,50,"Is   good gastroenterologist  salem?
#Help
#Retweet",False,0,,2021-01-09 05:32:49,False,,1347778332264316928,,"<a href=""http://twitter.com/download/android"" rel=""nofollow"">Twitter for Android</a>",ItzDs,3,False,False,,
50,50,51,"RT @thegallerybitch: A little help guys 
#RT #HELP https://.co/1NRmT6fYwx",False,0,,2021-01-09 04:53:51,False,,1347768526040285186,,"<a href=""http://twitter.com/download/android"" rel=""nofollow"">Twitter for Android</a>",praveelive,50,True,False,,
51,51,52,"RT @thegallerybitch: A little help guys 
#RT #HELP https://.co/1NRmT6fYwx",False,0,,2021-01-09 04:53:11,False,,1347768358956126210,,"<a href=""http://twitter.com/download/android"" rel=""nofollow"">Twitter for Android</a>",anushaka_____,50,True,False,,
52,52,53,"@UIDAI @Aadhaar_Care 
My wife address change '  updated yet  mine resident   address   uÂ https://.co/cTZ6MITANF",False,0,UIDAI,2021-01-09 03:20:53,True,,1347745128870420480,1596415166.0,"<a href=""http://twitter.com/download/android"" rel=""nofollow"">Twitter for Android</a>",GOPALAKRISHN111,0,False,False,,
