,,,text,favorited,favoriteCount,replyToSN,created,truncated,replyToSID,id,replyToUID,statusSource,screenName,retweetCount,isRetweet,retweeted,longitude,latitude
0,0,1,"Anyone  using ""computer glasses"" (  anti glare coating/tinted etc)? Are  really useful  peopleÂ https://.co/vhYRiZXkL8",False,11,,2021-01-01 07:29:10,True,,1344908511474454531,,"<a href=""http://twitter.com/download/android"" rel=""nofollow"">Twitter for Android</a>",gopiharan,2,False,False,,
1,1,2,"Urgently need ÂO +Â blood
No  units : 8
Patient Name: Thangavel 
Hospital: KG hospital, Coimbatore 
Contact persoÂ https://.co/PgrgyBrE9D",False,14,,2021-01-01 04:36:50,True,,1344865138306781184,,"<a href=""http://twitter.com/download/android"" rel=""nofollow"">Twitter for Android</a>",Sunandhaspeaks,25,False,False,,
2,2,3,"Anyone  working  Central Bank, head office? #Help #RT",False,7,,2020-12-31 19:11:08,False,,1344722778914779141,,"<a href=""http://twitter.com/#!/download/ipad"" rel=""nofollow"">Twitter for iPad</a>",erangatennakoon,2,False,False,,
3,3,4,May God help  strengthen  bond  family  friends  New Year. Sending  well wishes  praying foÂ https://.co/AkFpjTWVav,False,2,,2020-12-31 14:43:59,True,,1344655545907572736,,"<a href=""http://twitter.com/download/iphone"" rel=""nofollow"">Twitter for iPhone</a>",FeedingCeylon,0,False,False,,
4,4,5,"AB Negative request

<U+2763><U+FE0F>Chennai request<U+2763><U+FE0F>

Name: Alamelu
Blood group: AB - (negative)
Units: 2
Purpose:utereus removÂ https://.co/FwnDOqRykF",False,1,,2020-12-31 08:16:06,True,,1344557934831755265,,"<a href=""http://twitter.com/download/android"" rel=""nofollow"">Twitter for Android</a>",D4Vsupport,0,False,False,,
5,5,6,"Guys  Max  good ethnic wears? If yes,   Max showroom  I visit  Cochin   ethnic wear Â https://.co/jvhyGYY0DV",False,7,,2020-12-31 06:04:40,True,,1344524858009341956,,"<a href=""http://twitter.com/download/android"" rel=""nofollow"">Twitter for Android</a>",bindiyannsmitha,0,False,False,,
6,6,7,"#Help
What   automation testing tools  trend .?",False,1,,2020-12-30 08:44:27,False,,1344202678012788736,,"<a href=""http://twitter.com/download/android"" rel=""nofollow"">Twitter for Android</a>",__Queen_G__,0,False,False,,
7,7,8,RT @bellprinters: A #box #design  ' #need   #Simply open  #Close   one way. Rigid #box  #solutions   Bell  #Help Â,False,0,,2020-12-30 06:29:53,False,,1344168812560535552,,"<a href=""http://twitter.com/download/android"" rel=""nofollow"">Twitter for Android</a>",sundar2005,1,True,False,,
8,8,9,A #box #design  ' #need   #Simply open  #Close   one way. Rigid #box  #solutions   Bell Â https://.co/m94e4ImDuY,False,2,,2020-12-30 05:27:09,True,,1344153028832608258,,"<a href=""https://mobile.twitter.com"" rel=""nofollow"">Twitter Web App</a>",bellprinters,1,False,False,,
9,9,10,"RT @dhanaraj78: Watching Now<f0><U+009F><U+0093><U+00B2> #Help, I Shrunk My ParentsÂ (2018)<f0><U+009F><U+008E><U+00AC> 
| Action | comedy |  Adventure |
[ENGLISH film Tami dubbed ]

#HelpIShrunÂ",False,0,,2020-12-30 02:50:34,False,,1344113622998347777,,"<a href=""http://twitter.com/download/android"" rel=""nofollow"">Twitter for Android</a>",CINEMANEWS_24,1,True,False,,
10,10,11,"Watching Now<f0><U+009F><U+0093><U+00B2> #Help, I Shrunk My ParentsÂ (2018)<f0><U+009F><U+008E><U+00AC> 
| Action | comedy |  Adventure |
[ENGLISH film Tami dubbed ]Â https://.co/nOvvByn6sG",False,1,,2020-12-30 02:27:27,True,,1344107804764692480,,"<a href=""http://twitter.com/download/android"" rel=""nofollow"">Twitter for Android</a>",dhanaraj78,1,False,False,,
11,11,12,"Need suggestions  MacBook Pro Hub, pls share link    using one    experience  .  #help",False,38,,2020-12-29 10:49:23,False,,1343871733980405761,,"<a href=""https://about.twitter.com/products/tweetdeck"" rel=""nofollow"">TweetDeck</a>",nirmaltv,0,False,False,,
12,12,13,"RT @1432Dhina: @Pravinkks @MumbaiPolice Shared many evidence documents  mail sir
#help@savethem.com",False,0,,2020-12-29 08:24:36,False,,1343835295733702657,,"<a href=""http://twitter.com/download/android"" rel=""nofollow"">Twitter for Android</a>",GestheSantosh,2,True,False,,
13,13,14,"RT @1432Dhina: @Pravinkks @MumbaiPolice Shared many evidence documents  mail sir
#help@savethem.com",False,0,,2020-12-29 07:20:07,False,,1343819067900260352,,"<a href=""http://twitter.com/download/android"" rel=""nofollow"">Twitter for Android</a>",671b11c8e77a491,2,True,False,,
14,14,15,"@Pravinkks @MumbaiPolice Shared many evidence documents  mail sir
#help@savethem.com",False,3,Pravinkks,2020-12-29 07:02:42,False,1.3438090206545674e+18,1343814684877590538,1.0966343334633636e+18,"<a href=""http://twitter.com/download/android"" rel=""nofollow"">Twitter for Android</a>",1432Dhina,2,False,False,,
15,15,16,"RT @SriLankaTweet: Support #AnimalSOSSriLanka <f0><U+009F><U+0099><U+008F>
Alleviating  suffering  stray animals  Sri Lanka  providing life-saving veterinaryÂ",False,0,,2020-12-29 05:56:03,False,,1343797913529401346,,"<a href=""http://twitter.com/download/android"" rel=""nofollow"">Twitter for Android</a>",KazGirl20,40,True,False,,
16,16,17,"RT @edwinarockia: Anyone   connections  Mudumalai <U+0BAE><U+0BC1><U+0BA4><U+0BC1><U+0BAE><U+0BB2><U+0BC8>

#help",False,0,,2020-12-29 05:53:32,False,,1343797277920411648,,"<a href=""http://twitter.com/download/android"" rel=""nofollow"">Twitter for Android</a>",KasinathanA1,2,True,False,,
17,17,18,"RT @edwinarockia: Anyone   connections  Mudumalai <U+0BAE><U+0BC1><U+0BA4><U+0BC1><U+0BAE><U+0BB2><U+0BC8>

#help",False,0,,2020-12-29 05:12:40,False,,1343786993709289474,,"<a href=""http://twitter.com/download/android"" rel=""nofollow"">Twitter for Android</a>",Dravidamkaapome,2,True,False,,
18,18,19,"Anyone   connections  Mudumalai <U+0BAE><U+0BC1><U+0BA4><U+0BC1><U+0BAE><U+0BB2><U+0BC8>

#help",False,11,,2020-12-29 05:09:12,False,,1343786123839983618,,"<a href=""http://twitter.com/download/android"" rel=""nofollow"">Twitter for Android</a>",edwinarockia,2,False,False,,
19,19,20,"RT @SriLankaTweet: Support #AnimalSOSSriLanka <f0><U+009F><U+0099><U+008F>
Alleviating  suffering  stray animals  Sri Lanka  providing life-saving veterinaryÂ",False,0,,2020-12-29 04:43:04,False,,1343779546525384707,,"<a href=""http://twitter.com/download/android"" rel=""nofollow"">Twitter for Android</a>",Shafiya_Nawzer,40,True,False,,
20,20,21,"RT @SriLankaTweet: Support #AnimalSOSSriLanka <f0><U+009F><U+0099><U+008F>
Alleviating  suffering  stray animals  Sri Lanka  providing life-saving veterinaryÂ",False,0,,2020-12-29 04:07:45,False,,1343770659122384896,,"<a href=""http://twitter.com/download/android"" rel=""nofollow"">Twitter for Android</a>",changminmyheart,40,True,False,,
21,21,22,"RT @SriLankaTweet: Support #AnimalSOSSriLanka <f0><U+009F><U+0099><U+008F>
Alleviating  suffering  stray animals  Sri Lanka  providing life-saving veterinaryÂ",False,0,,2020-12-29 03:26:44,False,,1343760335811952640,,"<a href=""http://twitter.com/download/android"" rel=""nofollow"">Twitter for Android</a>",Minshath11,40,True,False,,
22,22,23,"RT @SriLankaTweet: Support #AnimalSOSSriLanka <f0><U+009F><U+0099><U+008F>
Alleviating  suffering  stray animals  Sri Lanka  providing life-saving veterinaryÂ",False,0,,2020-12-29 03:06:26,False,,1343755226831065089,,"<a href=""https://mobile.twitter.com"" rel=""nofollow"">Twitter Web App</a>",carlsl,40,True,False,,
23,23,24,"RT @SriLankaTweet: Support #AnimalSOSSriLanka <f0><U+009F><U+0099><U+008F>
Alleviating  suffering  stray animals  Sri Lanka  providing life-saving veterinaryÂ",False,0,,2020-12-29 02:27:48,False,,1343745504694259712,,"<a href=""http://twitter.com/download/android"" rel=""nofollow"">Twitter for Android</a>",Chani_k16,40,True,False,,
24,24,25,"RT @SriLankaTweet: Support #AnimalSOSSriLanka <f0><U+009F><U+0099><U+008F>
Alleviating  suffering  stray animals  Sri Lanka  providing life-saving veterinaryÂ",False,0,,2020-12-29 02:26:01,False,,1343745053664034817,,"<a href=""http://twitter.com/download/android"" rel=""nofollow"">Twitter for Android</a>",misspaaa,40,True,False,,
25,25,26,"RT @SriLankaTweet: Support #AnimalSOSSriLanka <f0><U+009F><U+0099><U+008F>
Alleviating  suffering  stray animals  Sri Lanka  providing life-saving veterinaryÂ",False,0,,2020-12-29 02:00:20,False,,1343738591793463296,,"<a href=""http://twitter.com/download/android"" rel=""nofollow"">Twitter for Android</a>",BathiyaWeerase4,40,True,False,,
26,26,27,"RT @SriLankaTweet: Support #AnimalSOSSriLanka <f0><U+009F><U+0099><U+008F>
Alleviating  suffering  stray animals  Sri Lanka  providing life-saving veterinaryÂ",False,0,,2020-12-29 01:12:38,False,,1343726586864967681,,"<a href=""http://twitter.com/download/iphone"" rel=""nofollow"">Twitter for iPhone</a>",Sesiri,40,True,False,,
27,27,28,"RT @SriLankaTweet: Support #AnimalSOSSriLanka <f0><U+009F><U+0099><U+008F>
Alleviating  suffering  stray animals  Sri Lanka  providing life-saving veterinaryÂ",False,0,,2020-12-28 22:15:13,False,,1343681937706078208,,"<a href=""http://twitter.com/download/android"" rel=""nofollow"">Twitter for Android</a>",PrincezSanju,40,True,False,,
28,28,29,"RT @SriLankaTweet: Support #AnimalSOSSriLanka <f0><U+009F><U+0099><U+008F>
Alleviating  suffering  stray animals  Sri Lanka  providing life-saving veterinaryÂ",False,0,,2020-12-28 20:25:57,False,,1343654443494027266,,"<a href=""https://mobile.twitter.com"" rel=""nofollow"">Twitter Web App</a>",UnderYourTree,40,True,False,,
29,29,30,"RT @SriLankaTweet: Support #AnimalSOSSriLanka <f0><U+009F><U+0099><U+008F>
Alleviating  suffering  stray animals  Sri Lanka  providing life-saving veterinaryÂ",False,0,,2020-12-28 19:53:16,False,,1343646215590739968,,"<a href=""http://twitter.com/download/android"" rel=""nofollow"">Twitter for Android</a>",priyqnka,40,True,False,,
30,30,31,"RT @SriLankaTweet: Support #AnimalSOSSriLanka <f0><U+009F><U+0099><U+008F>
Alleviating  suffering  stray animals  Sri Lanka  providing life-saving veterinaryÂ",False,0,,2020-12-28 19:42:11,False,,1343643428253405184,,"<a href=""http://twitter.com/download/iphone"" rel=""nofollow"">Twitter for iPhone</a>",iJanoAb,40,True,False,,
31,31,32,"RT @SriLankaTweet: Support #AnimalSOSSriLanka <f0><U+009F><U+0099><U+008F>
Alleviating  suffering  stray animals  Sri Lanka  providing life-saving veterinaryÂ",False,0,,2020-12-28 19:30:19,False,,1343640439857942528,,"<a href=""http://twitter.com/download/android"" rel=""nofollow"">Twitter for Android</a>",aravindhsachin1,40,True,False,,
32,32,33,"RT @SriLankaTweet: Support #AnimalSOSSriLanka <f0><U+009F><U+0099><U+008F>
Alleviating  suffering  stray animals  Sri Lanka  providing life-saving veterinaryÂ",False,0,,2020-12-28 19:18:52,False,,1343637558970953732,,"<a href=""http://twitter.com/download/iphone"" rel=""nofollow"">Twitter for iPhone</a>",Saransanriyaaza,40,True,False,,
33,33,34,"RT @SriLankaTweet: Support #AnimalSOSSriLanka <f0><U+009F><U+0099><U+008F>
Alleviating  suffering  stray animals  Sri Lanka  providing life-saving veterinaryÂ",False,0,,2020-12-28 18:34:28,False,,1343626387438120960,,"<a href=""http://twitter.com/download/iphone"" rel=""nofollow"">Twitter for iPhone</a>",Pimpilikki,40,True,False,,
34,34,35,"RT @SriLankaTweet: Support #AnimalSOSSriLanka <f0><U+009F><U+0099><U+008F>
Alleviating  suffering  stray animals  Sri Lanka  providing life-saving veterinaryÂ",False,0,,2020-12-28 18:21:38,False,,1343623154606821377,,"<a href=""http://twitter.com/download/android"" rel=""nofollow"">Twitter for Android</a>",21stRainbow,40,True,False,,
35,35,36,"RT @SriLankaTweet: Support #AnimalSOSSriLanka <f0><U+009F><U+0099><U+008F>
Alleviating  suffering  stray animals  Sri Lanka  providing life-saving veterinaryÂ",False,0,,2020-12-28 18:05:34,False,,1343619112417816576,,"<a href=""http://twitter.com/download/iphone"" rel=""nofollow"">Twitter for iPhone</a>",LisaHun26847161,40,True,False,,
36,36,37,"RT @SriLankaTweet: Support #AnimalSOSSriLanka <f0><U+009F><U+0099><U+008F>
Alleviating  suffering  stray animals  Sri Lanka  providing life-saving veterinaryÂ",False,0,,2020-12-28 17:55:14,False,,1343616513488482304,,"<a href=""http://twitter.com/download/android"" rel=""nofollow"">Twitter for Android</a>",CharukaLive2,40,True,False,,
37,37,38,"RT @SriLankaTweet: Support #AnimalSOSSriLanka <f0><U+009F><U+0099><U+008F>
Alleviating  suffering  stray animals  Sri Lanka  providing life-saving veterinaryÂ",False,0,,2020-12-28 17:48:17,False,,1343614762853126144,,"<a href=""http://twitter.com/download/iphone"" rel=""nofollow"">Twitter for iPhone</a>",lolwhatislife_,40,True,False,,
38,38,39,"RT @SriLankaTweet: Support #AnimalSOSSriLanka <f0><U+009F><U+0099><U+008F>
Alleviating  suffering  stray animals  Sri Lanka  providing life-saving veterinaryÂ",False,0,,2020-12-28 17:45:31,False,,1343614066301022208,,"<a href=""http://twitter.com/download/android"" rel=""nofollow"">Twitter for Android</a>",DateSrilanka,40,True,False,,
39,39,40,"RT @SriLankaTweet: Support #AnimalSOSSriLanka <f0><U+009F><U+0099><U+008F>
Alleviating  suffering  stray animals  Sri Lanka  providing life-saving veterinaryÂ",False,0,,2020-12-28 17:40:56,False,,1343612915077632000,,"<a href=""http://twitter.com/download/android"" rel=""nofollow"">Twitter for Android</a>",Shadhan17689641,40,True,False,,
40,40,41,@Nelsondilpkumar Ji.. Can u please tell   get  shirt.. wanna gift  friend   ardent fan  vijayÂ https://.co/1K7isqy9HX,False,0,Nelsondilpkumar,2020-12-28 17:27:55,True,,1343609637661130752,1413112380.0,"<a href=""https://mobile.twitter.com"" rel=""nofollow"">Twitter Web App</a>",Yazhinisiddhu,0,False,False,,
41,41,42,"RT @SriLankaTweet: Support #AnimalSOSSriLanka <f0><U+009F><U+0099><U+008F>
Alleviating  suffering  stray animals  Sri Lanka  providing life-saving veterinaryÂ",False,0,,2020-12-28 17:17:25,False,,1343606996122050561,,"<a href=""http://twitter.com/download/android"" rel=""nofollow"">Twitter for Android</a>",adam_funama,40,True,False,,
42,42,43,"RT @SriLankaTweet: Support #AnimalSOSSriLanka <f0><U+009F><U+0099><U+008F>
Alleviating  suffering  stray animals  Sri Lanka  providing life-saving veterinaryÂ",False,0,,2020-12-28 17:01:13,False,,1343602918545645570,,"<a href=""http://twitter.com/download/android"" rel=""nofollow"">Twitter for Android</a>",CarolineSalfati,40,True,False,,
43,43,44,"RT @SriLankaTweet: Support #AnimalSOSSriLanka <f0><U+009F><U+0099><U+008F>
Alleviating  suffering  stray animals  Sri Lanka  providing life-saving veterinaryÂ",False,0,,2020-12-28 16:56:58,False,,1343601850558394374,,"<a href=""https://bysocialdesign.co.uk"" rel=""nofollow"">Retweet bot bsd</a>",SocialDesignCr1,40,True,False,,
44,44,45,"RT @SriLankaTweet: Support #AnimalSOSSriLanka <f0><U+009F><U+0099><U+008F>
Alleviating  suffering  stray animals  Sri Lanka  providing life-saving veterinaryÂ",False,0,,2020-12-28 16:56:58,False,,1343601848700215297,,"<a href=""http://twitter.com/download/iphone"" rel=""nofollow"">Twitter for iPhone</a>",IzzyGuzz,40,True,False,,
45,45,46,"RT @SriLankaTweet: Support #AnimalSOSSriLanka <f0><U+009F><U+0099><U+008F>
Alleviating  suffering  stray animals  Sri Lanka  providing life-saving veterinaryÂ",False,0,,2020-12-28 16:56:24,False,,1343601705376616448,,"<a href=""http://twitter.com/download/android"" rel=""nofollow"">Twitter for Android</a>",Prabhakahand,40,True,False,,
46,46,47,"RT @SriLankaTweet: Support #AnimalSOSSriLanka <f0><U+009F><U+0099><U+008F>
Alleviating  suffering  stray animals  Sri Lanka  providing life-saving veterinaryÂ",False,0,,2020-12-28 16:56:07,False,,1343601635709362177,,"<a href=""http://twitter.com/download/iphone"" rel=""nofollow"">Twitter for iPhone</a>",jessibabixoxo,40,True,False,,
47,47,48,"RT @SriLankaTweet: Support #AnimalSOSSriLanka <f0><U+009F><U+0099><U+008F>
Alleviating  suffering  stray animals  Sri Lanka  providing life-saving veterinaryÂ",False,0,,2020-12-28 16:52:10,False,,1343600641046802436,,"<a href=""http://twitter.com/download/android"" rel=""nofollow"">Twitter for Android</a>",DinaraJayakody,40,True,False,,
48,48,49,"RT @SriLankaTweet: Support #AnimalSOSSriLanka <f0><U+009F><U+0099><U+008F>
Alleviating  suffering  stray animals  Sri Lanka  providing life-saving veterinaryÂ",False,0,,2020-12-28 16:51:04,False,,1343600366038872068,,"<a href=""http://twitter.com/download/android"" rel=""nofollow"">Twitter for Android</a>",aururenn,40,True,False,,
49,49,50,"RT @SriLankaTweet: Support #AnimalSOSSriLanka <f0><U+009F><U+0099><U+008F>
Alleviating  suffering  stray animals  Sri Lanka  providing life-saving veterinaryÂ",False,0,,2020-12-28 16:48:37,False,,1343599748335497218,,"<a href=""http://twitter.com/download/iphone"" rel=""nofollow"">Twitter for iPhone</a>",Nuvolina22,40,True,False,,
50,50,51,"RT @SriLankaTweet: Support #AnimalSOSSriLanka <f0><U+009F><U+0099><U+008F>
Alleviating  suffering  stray animals  Sri Lanka  providing life-saving veterinaryÂ",False,0,,2020-12-28 16:47:59,False,,1343599588834340871,,"<a href=""http://twitter.com/download/android"" rel=""nofollow"">Twitter for Android</a>",Suvinya3,40,True,False,,
51,51,52,"RT @SriLankaTweet: Support #AnimalSOSSriLanka <f0><U+009F><U+0099><U+008F>
Alleviating  suffering  stray animals  Sri Lanka  providing life-saving veterinaryÂ",False,0,,2020-12-28 16:45:29,False,,1343598958749216787,,"<a href=""http://twitter.com/download/android"" rel=""nofollow"">Twitter for Android</a>",Vimukthi_93,40,True,False,,
52,52,53,"RT @SriLankaTweet: Support #AnimalSOSSriLanka <f0><U+009F><U+0099><U+008F>
Alleviating  suffering  stray animals  Sri Lanka  providing life-saving veterinaryÂ",False,0,,2020-12-28 16:40:55,False,,1343597810055307265,,"<a href=""http://twitter.com/download/iphone"" rel=""nofollow"">Twitter for iPhone</a>",SHWijesuriya,40,True,False,,
53,53,54,"RT @SriLankaTweet: Support #AnimalSOSSriLanka <f0><U+009F><U+0099><U+008F>
Alleviating  suffering  stray animals  Sri Lanka  providing life-saving veterinaryÂ",False,0,,2020-12-28 16:40:29,False,,1343597701078773771,,"<a href=""http://twitter.com/download/android"" rel=""nofollow"">Twitter for Android</a>",Estelle_Vasude1,40,True,False,,
54,54,55,"RT @SriLankaTweet: Support #AnimalSOSSriLanka <f0><U+009F><U+0099><U+008F>
Alleviating  suffering  stray animals  Sri Lanka  providing life-saving veterinaryÂ",False,0,,2020-12-28 16:38:30,False,,1343597200610226190,,"<a href=""http://twitter.com/download/android"" rel=""nofollow"">Twitter for Android</a>",VindyaKulasing2,40,True,False,,
55,55,56,"RT @SriLankaTweet: Support #AnimalSOSSriLanka <f0><U+009F><U+0099><U+008F>
Alleviating  suffering  stray animals  Sri Lanka  providing life-saving veterinaryÂ",False,0,,2020-12-28 16:36:59,False,,1343596819968749582,,"<a href=""http://twitter.com/download/android"" rel=""nofollow"">Twitter for Android</a>",praveenabeysin2,40,True,False,,
56,56,57,"Support #AnimalSOSSriLanka <f0><U+009F><U+0099><U+008F>
Alleviating  suffering  stray animals  Sri Lanka  providing life-saving veterÂ https://.co/19UOfL9FRZ",False,102,,2020-12-28 16:34:51,True,,1343596281843777540,,"<a href=""https://mobile.twitter.com"" rel=""nofollow"">Twitter Web App</a>",SriLankaTweet,40,False,False,,
57,57,58,"@Keells_SL   pannipitiya branch,  employees  sharing face shields. Why? #lka #help",False,0,Keells_SL,2020-12-28 13:49:28,False,,1343554662654300160,376106730.0,"<a href=""http://twitter.com/download/android"" rel=""nofollow"">Twitter for Android</a>",whiskeyblender,0,False,False,,
58,58,59,"RT @erangatennakoon: Tweeps, I need  help. Want  find  wall stickers. 

This  actually  decorate little one' table. I ' wanÂ",False,0,,2020-12-28 12:20:27,False,,1343532261715529728,,"<a href=""http://twitter.com/download/android"" rel=""nofollow"">Twitter for Android</a>",sakudbest,9,True,False,,
59,59,60,"RT @erangatennakoon: Tweeps, I need  help. Want  find  wall stickers. 

This  actually  decorate little one' table. I ' wanÂ",False,0,,2020-12-28 09:40:26,False,,1343491993272418304,,"<a href=""http://twitter.com/download/android"" rel=""nofollow"">Twitter for Android</a>",Dr_Alien_,9,True,False,,
60,60,61,"RT @erangatennakoon: Tweeps, I need  help. Want  find  wall stickers. 

This  actually  decorate little one' table. I ' wanÂ",False,0,,2020-12-28 08:13:49,False,,1343470195554172928,,"<a href=""http://twitter.com/download/android"" rel=""nofollow"">Twitter for Android</a>",v_lakshitha,9,True,False,,
61,61,62,"RT @erangatennakoon: Tweeps, I need  help. Want  find  wall stickers. 

This  actually  decorate little one' table. I ' wanÂ",False,0,,2020-12-28 07:11:54,False,,1343454611118596096,,"<a href=""http://twitter.com/download/iphone"" rel=""nofollow"">Twitter for iPhone</a>",DulajMendis,9,True,False,,
62,62,63,"RT @erangatennakoon: Tweeps, I need  help. Want  find  wall stickers. 

This  actually  decorate little one' table. I ' wanÂ",False,0,,2020-12-28 07:07:26,False,,1343453487426805760,,"<a href=""http://twitter.com/download/android"" rel=""nofollow"">Twitter for Android</a>",Vimukthi_93,9,True,False,,
63,63,64,"RT @erangatennakoon: Tweeps, I need  help. Want  find  wall stickers. 

This  actually  decorate little one' table. I ' wanÂ",False,0,,2020-12-28 07:06:21,False,,1343453214771793920,,"<a href=""http://twitter.com/#!/download/ipad"" rel=""nofollow"">Twitter for iPad</a>",RuchiraHerath,9,True,False,,
64,64,65,"RT @erangatennakoon: Tweeps, I need  help. Want  find  wall stickers. 

This  actually  decorate little one' table. I ' wanÂ",False,0,,2020-12-28 06:55:40,False,,1343450526860525568,,"<a href=""http://twitter.com/download/iphone"" rel=""nofollow"">Twitter for iPhone</a>",ajayadharshaka,9,True,False,,
65,65,66,"RT @erangatennakoon: Tweeps, I need  help. Want  find  wall stickers. 

This  actually  decorate little one' table. I ' wanÂ",False,0,,2020-12-28 06:51:51,False,,1343449567254102016,,"<a href=""http://twitter.com/download/android"" rel=""nofollow"">Twitter for Android</a>",djharris32913,9,True,False,,
66,66,67,"Tweeps, I need  help. Want  find  wall stickers. 

This  actually  decorate little one' table. I 'Â https://.co/2qB2Q8HvCB",False,18,,2020-12-28 06:50:33,True,,1343449239427272706,,"<a href=""https://about.twitter.com/products/tweetdeck"" rel=""nofollow"">TweetDeck</a>",erangatennakoon,9,False,False,,
67,67,68,"@LearnApp_co
 Your marketing mails '   ""unsubscribe"" option!!
#help",False,0,LearnApp_co,2020-12-26 17:27:27,False,,1342884743772209153,9.50024009260806e+17,"<a href=""https://mobile.twitter.com"" rel=""nofollow"">Twitter Web App</a>",shyamjose,0,False,False,,
68,68,69,"RT @D4Vsupport: <U+2763><U+FE0F>AB- Blood Request<U+2763><U+FE0F>

Chengalpattu_Request
26-12-2020

Krishnan
Units:4
Reason : Low hemoglobin
Hospital address:
ChengaÂ",False,0,,2020-12-26 14:31:35,False,,1342840487804190720,,"<a href=""http://twitter.com/download/android"" rel=""nofollow"">Twitter for Android</a>",Sanjayramling,1,True,False,,
69,69,70,"<U+2763><U+FE0F>AB- Blood Request<U+2763><U+FE0F>

Chengalpattu_Request
26-12-2020

Krishnan
Units:4
Reason : Low hemoglobin
Hospital addressÂ https://.co/LQ8y6zh1Y0",False,2,,2020-12-26 14:28:34,True,,1342839727347548160,,"<a href=""http://twitter.com/download/android"" rel=""nofollow"">Twitter for Android</a>",D4Vsupport,1,False,False,,
70,70,71,RT @nishshabdawilli: Thinking  buying  reading glass ( whatever   called) cuz I  staring  screens  prolonged times. HasÂ,False,0,,2020-12-26 13:46:48,False,,1342829218367819776,,"<a href=""http://twitter.com/download/iphone"" rel=""nofollow"">Twitter for iPhone</a>",DulajMendis,1,True,False,,
71,71,72,Thinking  buying  reading glass ( whatever   called) cuz I  staring  screens  prolonged times. HÂ https://.co/Ss5J1MoWUp,False,9,,2020-12-26 13:44:00,True,,1342828513536032768,,"<a href=""https://mobile.twitter.com"" rel=""nofollow"">Twitter Web App</a>",nishshabdawilli,1,False,False,,
72,72,73,RT @whiskeyblender: Direct  somewhere I  buy cool notebooks  pens? #lka #help,False,0,,2020-12-26 07:23:32,False,,1342732765716905984,,"<a href=""http://twitter.com/download/android"" rel=""nofollow"">Twitter for Android</a>",nishshabdawilli,3,True,False,,
73,73,74,RT @whiskeyblender: Direct  somewhere I  buy cool notebooks  pens? #lka #help,False,0,,2020-12-26 07:22:35,False,,1342732527170068480,,"<a href=""http://twitter.com/download/android"" rel=""nofollow"">Twitter for Android</a>",azidoazide_azid,3,True,False,,
74,74,75,RT @whiskeyblender: Direct  somewhere I  buy cool notebooks  pens? #lka #help,False,0,,2020-12-26 07:16:48,False,,1342731069007622150,,"<a href=""http://twitter.com/download/android"" rel=""nofollow"">Twitter for Android</a>",thegallerybitch,3,True,False,,
75,75,76,Direct  somewhere I  buy cool notebooks  pens? #lka #help,False,5,,2020-12-26 07:14:03,False,,1342730378348380160,,"<a href=""http://twitter.com/download/android"" rel=""nofollow"">Twitter for Android</a>",whiskeyblender,3,False,False,,
76,76,77,Does Sri Lanka   chiropractors? Can  cure back pains? #lka #help @DocaAyya,False,1,,2020-12-25 12:14:26,False,,1342443585459937284,,"<a href=""https://about.twitter.com/products/tweetdeck"" rel=""nofollow"">TweetDeck</a>",TechyTee,0,False,False,,
