,,,text,favorited,favoriteCount,replyToSN,created,truncated,replyToSID,id,replyToUID,statusSource,screenName,retweetCount,isRetweet,retweeted,longitude,latitude
0,0,1,"https://.co/sNmXghDGQI
click    link  please watch ...
@7.00Pm today Premiering...
Calm Flute MusicÂ https://.co/EYFHA3D3CF",False,0,,2021-01-13 01:52:03,True,,1349172326651158534,,"<a href=""http://twitter.com/download/android"" rel=""nofollow"">Twitter for Android</a>",TamilandaInfo,0,False,False,,
1,1,2,"https://.co/rMfY9Dyq74
Click   link  please watch ...
Relaxing Calm Music...
Today premiering ...
TÂ https://.co/Ub5MlgwuFX",False,0,,2021-01-09 08:24:41,True,,1347821582513696769,,"<a href=""http://twitter.com/download/android"" rel=""nofollow"">Twitter for Android</a>",TamilandaInfo,0,False,False,,
2,2,3,"RT @iypetomson: Sunrise River Reflections.
#sunrise #reflections #nature #NaturePhotography #tropical #CALM #goodvibes https://.co/I2Li55HÂ",False,0,,2021-01-08 22:30:45,False,,1347672117245071362,,"<a href=""http://twitter.com/download/android"" rel=""nofollow"">Twitter for Android</a>",KaliTravel,1,True,False,,
3,3,4,"https://.co/QYcTF1OFME
Click   link  please watch ...
Calm Relaxing Music...
@7.00Pm today premiering.Â https://.co/GloB90NRmI",False,0,,2021-01-07 15:19:11,True,,1347201120364421121,,"<a href=""http://twitter.com/download/android"" rel=""nofollow"">Twitter for Android</a>",TamilandaInfo,0,False,False,,
4,4,5,"Sunrise River Reflections.
#sunrise #reflections #nature #NaturePhotography #tropical #CALM #goodvibes https://.co/I2Li55H114",False,9,,2021-01-07 02:01:21,False,,1347000337685573635,,"<a href=""https://mobile.twitter.com"" rel=""nofollow"">Twitter Web App</a>",iypetomson,1,False,False,,
