,,,text,favorited,favoriteCount,replyToSN,created,truncated,replyToSID,id,replyToUID,statusSource,screenName,retweetCount,isRetweet,retweeted,longitude,latitude
0,0,1,"Life  nature. <f0><U+009F><U+008C><U+008D> 

#nature #naturelovers #naturalbeauty #naturephotography #calm #earth #life #mountainphotography https://.co/8mJfPpQBq7",False,1,,2021-01-15 15:53:33,False,,1350108870123937793,,"<a href=""http://instagram.com"" rel=""nofollow"">Instagram</a>",KaveenNarangod3,0,False,False,,
1,1,2,"https://.co/sNmXghDGQI
click    link  please watch ...
@7.00Pm today Premiering...
Calm Flute MusicÂ https://.co/EYFHA3D3CF",False,0,,2021-01-13 01:52:03,True,,1349172326651158534,,"<a href=""http://twitter.com/download/android"" rel=""nofollow"">Twitter for Android</a>",TamilandaInfo,0,False,False,,
2,2,3,"https://.co/rMfY9Dyq74
Click   link  please watch ...
Relaxing Calm Music...
Today premiering ...
TÂ https://.co/Ub5MlgwuFX",False,0,,2021-01-09 08:24:41,True,,1347821582513696769,,"<a href=""http://twitter.com/download/android"" rel=""nofollow"">Twitter for Android</a>",TamilandaInfo,0,False,False,,
3,3,4,"RT @iypetomson: Sunrise River Reflections.
#sunrise #reflections #nature #NaturePhotography #tropical #CALM #goodvibes https://.co/I2Li55HÂ",False,0,,2021-01-08 22:30:45,False,,1347672117245071362,,"<a href=""http://twitter.com/download/android"" rel=""nofollow"">Twitter for Android</a>",KaliTravel,1,True,False,,
