,,,text,favorited,favoriteCount,replyToSN,created,truncated,replyToSID,id,replyToUID,statusSource,screenName,retweetCount,isRetweet,retweeted,longitude,latitude
0,0,1,"RT @_Mr_Beardo: Good Morning Beautiful People <f0><U+009F><U+0098><U+008A> <U+2764><U+FE0F> <U+2764><U+FE0F> <f0><U+009F><U+0092><U+0096> <f0><U+009F><U+008C><U+009E>

#GoodMorning #SaturdayVibes #beautiful #beauty #NaturePhotography #nature #VideoÂ",False,0,,2021-02-27 02:48:44,False,,1365494044835475456,,"<a href=""http://twitter.com/download/android"" rel=""nofollow"">Twitter for Android</a>",AshishDMathew,1,True,False,,
1,1,2,"Good Morning Beautiful People <f0><U+009F><U+0098><U+008A> <U+2764><U+FE0F> <U+2764><U+FE0F> <f0><U+009F><U+0092><U+0096> <f0><U+009F><U+008C><U+009E>

#GoodMorning #SaturdayVibes #beautiful #beauty #NaturePhotographyÂ https://.co/s0ZEPK1dCV",False,3,,2021-02-27 02:48:02,True,,1365493869505253376,,"<a href=""http://twitter.com/download/android"" rel=""nofollow"">Twitter for Android</a>",_Mr_Beardo,1,False,False,,
2,2,3,"Sunrise  River Reflections
#sunrise #river #reflections #nature #naturelovers #naturephotography #kerala #indiaÂ https://.co/Uq6cQwGeP9",False,1,,2021-02-27 00:22:10,True,,1365457161229246465,,"<a href=""https://mobile.twitter.com"" rel=""nofollow"">Twitter Web App</a>",iypetomson,0,False,False,,
3,3,4,"Backwater Scenery
#backwaters #scenery #nature #naturelove #naturelovers #naturephotography #kerala #india #indianÂ https://.co/QstkNw6ouo",False,2,,2021-02-24 05:33:07,True,,1364448249436770308,,"<a href=""https://mobile.twitter.com"" rel=""nofollow"">Twitter Web App</a>",iypetomson,0,False,False,,
