,,,text,favorited,favoriteCount,replyToSN,created,truncated,replyToSID,id,replyToUID,statusSource,screenName,retweetCount,isRetweet,retweeted,longitude,latitude
0,0,1,"https://.co/E0FAiXTTlT
Click    link  please watch ...
Calm Relaxing Music...
Thanks  watching kÂ https://.co/CuhOqKn24k",False,0,,2021-01-24 02:23:51,True,,1353166593224634368,,"<a href=""http://twitter.com/download/android"" rel=""nofollow"">Twitter for Android</a>",TamilandaInfo,0,False,False,,
1,1,2,"https://.co/E2hlqpvLXr
Click   link  please watch ...
Deep Sleep Music...
@7.00Am today premiering...Â https://.co/twnmyC2yCb",False,0,,2021-01-22 01:18:45,True,,1352425434521034752,,"<a href=""http://twitter.com/download/android"" rel=""nofollow"">Twitter for Android</a>",TamilandaInfo,0,False,False,,
2,2,3,A perfect beginning   day  68 mins  #calm. Thanks  @Abhyaasa.,False,0,,2021-01-19 05:19:11,False,,1351398777966325761,,"<a href=""http://twitter.com/download/android"" rel=""nofollow"">Twitter for Android</a>",sudheepKM,0,False,False,,
3,3,4,@root66   real deal. Gentlemen  #Cricket   good leadership  decision making  controlling  gamÂ https://.co/HNjY5iGNWG,False,0,root66,2021-01-18 05:31:07,True,,1351039396359917568,273557471.0,"<a href=""https://mobile.twitter.com"" rel=""nofollow"">Twitter Web App</a>",HashanSirisena,0,False,False,,
