,,,text,favorited,favoriteCount,replyToSN,created,truncated,replyToSID,id,replyToUID,statusSource,screenName,retweetCount,isRetweet,retweeted,longitude,latitude
0,0,1,@root66   real deal. Gentlemen  #Cricket   good leadership  decision making  controlling  gamÂ https://.co/HNjY5iGNWG,False,0,root66,2021-01-18 05:31:07,True,,1351039396359917568,273557471.0,"<a href=""https://mobile.twitter.com"" rel=""nofollow"">Twitter Web App</a>",HashanSirisena,0,False,False,,
1,1,2,"RT @TamilandaInfo: https://.co/zaMV9Fhek9
Click   link  please watch ...
Relaxing Kithar Music...
@7.00Am today Premiering...Â",False,0,,2021-01-16 15:06:11,False,,1350459340856176640,,"<a href=""https://mobile.twitter.com"" rel=""nofollow"">Twitter Web App</a>",dmgolubovsky,1,True,False,,
2,2,3,"https://.co/zaMV9Fhek9
Click   link  please watch ...
Relaxing Kithar Music...
@7.00Am today PremierinÂ https://.co/V3LjNaVMED",False,2,,2021-01-16 01:20:39,True,,1350251587852095488,,"<a href=""http://twitter.com/download/android"" rel=""nofollow"">Twitter for Android</a>",TamilandaInfo,1,False,False,,
3,3,4,"Life  nature. <f0><U+009F><U+008C><U+008D> 

#nature #naturelovers #naturalbeauty #naturephotography #calm #earth #life #mountainphotography https://.co/8mJfPpQBq7",False,1,,2021-01-15 15:53:33,False,,1350108870123937793,,"<a href=""http://instagram.com"" rel=""nofollow"">Instagram</a>",KaveenNarangod3,0,False,False,,
4,4,5,"https://.co/sNmXghDGQI
click    link  please watch ...
@7.00Pm today Premiering...
Calm Flute MusicÂ https://.co/EYFHA3D3CF",False,0,,2021-01-13 01:52:03,True,,1349172326651158534,,"<a href=""http://twitter.com/download/android"" rel=""nofollow"">Twitter for Android</a>",TamilandaInfo,0,False,False,,
