,,,text,favorited,favoriteCount,replyToSN,created,truncated,replyToSID,id,replyToUID,statusSource,screenName,retweetCount,isRetweet,retweeted,longitude,latitude
0,0,1,"Style   way  say    without   speak
Classy &amp; Trendy casual wear outfits
We  customize Â https://.co/wrmwbMMdFi",False,0,,2021-02-09 05:26:06,True,,1359010664627380226,,"<a href=""http://twitter.com/download/android"" rel=""nofollow"">Twitter for Android</a>",001_gma,0,False,False,,
1,1,2,"RT @frnaffas: It   said  various hadeeth  Prophet (sal),   one  says 'Ya Hayyu Ya Qayyum', HIS DUA IS ACCEPTED !

httpÂ",False,0,,2021-02-08 19:49:25,False,,1358865538366271491,,"<a href=""http://twitter.com/download/iphone"" rel=""nofollow"">Twitter for iPhone</a>",khatimayasir123,1,True,False,,
