,,,text,favorited,favoriteCount,replyToSN,created,truncated,replyToSID,id,replyToUID,statusSource,screenName,retweetCount,isRetweet,retweeted,longitude,latitude
0,0,1,"RT @infodprtsl: <f0><U+009F><U+0091><U+0089><f0><U+009F><U+0091><U+0089>Following Areas   released  isolation
#Srilankan #Srilanka #lka #Lanka #Ceylon #DGI #Government #Information #DÂ",False,0,,2021-01-12 21:33:46,False,,1349107326599397377,,,SLNewsRTBot,7,True,False,,
1,1,2,"corona vaccaination must give   leaders  save  country ,  never lose  leader  corona  future 
afÂ https://.co/eUVPEHDyYk",False,1,,2021-01-12 07:19:29,True,,1348892340212023299,,"<a href=""https://mobile.twitter.com"" rel=""nofollow"">Twitter Web App</a>",Senthil165,0,False,False,,
2,2,3,"At least 31 MPs   asked  self quarantine following cases started  detect among legislators.

#srilankaÂ https://.co/IyvOfPINcM",False,0,,2021-01-12 05:21:19,True,,1348862600231100416,,"<a href=""http://twitter.com/download/iphone"" rel=""nofollow"">Twitter for iPhone</a>",Naveeth14,0,False,False,,
3,3,4,"What type  pooja? Which diety?

How   vaccination work better  MY GODS   ?

#Vaccine #coronaÂ https://.co/TweaMWVFUW",False,1,,2021-01-12 02:41:47,True,,1348822451866673154,,"<a href=""http://twitter.com/download/android"" rel=""nofollow"">Twitter for Android</a>",gopi_samsan,0,False,False,,
4,4,5,"RT @infodprtsl: <f0><U+009F><U+0091><U+0089><f0><U+009F><U+0091><U+0089>Following Areas   released  isolation
#Srilankan #Srilanka #lka #Lanka #Ceylon #DGI #Government #Information #DÂ",False,0,,2021-01-11 19:13:46,False,,1348709705590325249,,,SLNewsRTBot,7,True,False,,
5,5,6,"<f0><U+009D><U+0094><U+00BD><f0><U+009D><U+0095><U+00A3><f0><U+009D><U+0095><U+009A><f0><U+009D><U+0095><U+0096><f0><U+009D><U+0095><U+009F><f0><U+009D><U+0095><U+0095><f0><U+009D><U+0095><U+00A4><f0><U+009D><U+0095><U+0099><f0><U+009D><U+0095><U+009A><f0><U+009D><U+0095><U+00A1>
#friendshipgoals #Corona
.
.
. https://.co/spC60yYk3z",False,3,,2021-01-11 16:08:08,False,,1348662991340806147,,"<a href=""http://twitter.com/download/android"" rel=""nofollow"">Twitter for Android</a>",de_vil_que_en,0,False,False,,
6,6,7,"India Conducts Second Dry Run Of Covid Vaccination Program.

https://.co/UiggtfQdhi

#IndiaFightsCorona #IndiaÂ https://.co/8EZ2HoEVcN",False,0,,2021-01-11 14:41:22,True,,1348641154980487173,,"<a href=""https://mobile.twitter.com"" rel=""nofollow"">Twitter Web App</a>",pasdailyupdate,0,False,False,,
7,7,8,"Here'  overall #Coronavirus stats  #TamilNadu   Jan 11th!  

#COVID #COVID19India #CoronaVirus #CoronaÂ https://.co/e4Fp2X8nGU",False,0,,2021-01-11 14:09:19,True,,1348633088889298950,,"<a href=""http://twitter.com/download/android"" rel=""nofollow"">Twitter for Android</a>",ganesh_vtv,0,False,False,,
8,8,9,"Build  Dream Job !! JK OVERSEAS ..The best recruitment team SPEED UP YOUR TIME TO HIRE..

Contact <f0><U+009F><U+00A4><U+00B3> 9059533Â https://.co/V7k9eOIi2D",False,0,,2021-01-11 12:56:33,True,,1348614775454851075,,"<a href=""http://twitter.com/download/android"" rel=""nofollow"">Twitter for Android</a>",Jkoverseas2_0,0,False,False,,
9,9,10,"RT @annaijewellers: A necklace  epitomizes beauty, grace  elegance, made  bespoke moments.

Tuticorin : +91 461 4003900
KovilpattÂ",False,0,,2021-01-11 12:20:25,False,,1348605683101536256,,"<a href=""http://ikovilpatti.blogspot.com"" rel=""nofollow"">Kovilpatti Bot </a>",kovilpatti_bot,1,True,False,,
10,10,11,"A necklace  epitomizes beauty, grace  elegance, made  bespoke moments.

Tuticorin : +91 461 4003900
KovilÂ https://.co/4HhPPr2uEj",False,0,,2021-01-11 12:14:41,True,,1348604240558583811,,"<a href=""https://mobile.twitter.com"" rel=""nofollow"">Twitter Web App</a>",annaijewellers,1,False,False,,
11,11,12,RT @Regent_Global: Researchers   University  Vermont  Cedars-Sinai  developed  AI model   predict  probabilityÂ,False,0,,2021-01-11 12:11:04,False,,1348603332022177792,,,the404code,3,True,False,,
12,12,13,RT @Regent_Global: Researchers   University  Vermont  Cedars-Sinai  developed  AI model   predict  probabilityÂ,False,0,,2021-01-11 11:43:56,False,,1348596502357291009,,"<a href=""https://www.calcaware.com/"" rel=""nofollow"">Calcaware</a>",Calcaware,3,True,False,,
13,13,14,RT @Regent_Global: Researchers   University  Vermont  Cedars-Sinai  developed  AI model   predict  probabilityÂ,False,0,,2021-01-11 11:43:55,False,,1348596497126879234,,,botanalytica,3,True,False,,
14,14,15,Researchers   University  Vermont  Cedars-Sinai  developed  AI model   predict  probabiÂ https://.co/WeztmmgXIG,False,2,,2021-01-11 11:43:18,True,,1348596344936673280,,"<a href=""https://mobile.twitter.com"" rel=""nofollow"">Twitter Web App</a>",Regent_Global,3,False,False,,
15,15,16,Why  hell #Covid19 continuously disturbing  regular work  parliament official'  members   minisÂ https://.co/Kpwcqxvt8u,False,1,,2021-01-11 06:45:16,True,,1348521340081344514,,"<a href=""http://twitter.com/download/android"" rel=""nofollow"">Twitter for Android</a>",RaamFca,0,False,False,,
16,16,17,"RT @newsdotlk: 2021.01.10 
Media release
03 deaths  Corona infected   recorded.
#Srilankan #Srilanka #lka #Lanka #Ceylon #DGI #GoÂ",False,0,,2021-01-11 06:31:02,False,,1348517758405787650,,,UCRGalle,2,True,False,,
17,17,18,"RT @newsdotlk: 2021.01.10 
Media release
03 deaths  Corona infected   recorded.
#Srilankan #Srilanka #lka #Lanka #Ceylon #DGI #GoÂ",False,0,,2021-01-11 05:49:52,False,,1348507398512599046,,,SLNewsRTBot,2,True,False,,
18,18,19,"Thank  corona <f0><U+009F><U+00A6><U+00A0>
#Corona #lk",False,1,,2021-01-11 05:46:57,False,,1348506664752742404,,"<a href=""http://twitter.com/download/iphone"" rel=""nofollow"">Twitter for iPhone</a>",itZmeRakitha,0,False,False,,
19,19,20,"2021.01.10 
Media release
03 deaths  Corona infected   recorded.
#Srilankan #Srilanka #lka #Lanka #CeylonÂ https://.co/9d8STgDUQq",False,3,,2021-01-11 05:43:07,True,,1348505699320414213,,"<a href=""https://mobile.twitter.com"" rel=""nofollow"">Twitter Web App</a>",newsdotlk,2,False,False,,
20,20,21,"#Breaking #News

Minister #Vasudeva #Nanayakkara  tested positive  #COVID19
Minister Vasudeva Nanayakkara Â https://.co/PCVcMRzDdj",False,6,,2021-01-11 04:59:31,True,,1348494725787963394,,"<a href=""http://twitter.com/download/iphone"" rel=""nofollow"">Twitter for iPhone</a>",Naveeth14,1,False,False,,
21,21,22,"RT @infodprtsl: <f0><U+009F><U+0091><U+0089><f0><U+009F><U+0091><U+0089>Following Areas   released  isolation
#Srilankan #Srilanka #lka #Lanka #Ceylon #DGI #Government #Information #DÂ",False,0,,2021-01-11 00:36:12,False,,1348428460625051650,,,SLNewsRTBot,7,True,False,,
22,22,23,"#Isolation #Lifted<U+2705>

Isolation imposed  #Grandpass, #Panchikawatte, #Maligawatta,  #Dematagoda   #lifted fÂ https://.co/vHwYW0MwWI",False,1,,2021-01-10 11:53:42,True,,1348236571971969026,,"<a href=""http://twitter.com/download/iphone"" rel=""nofollow"">Twitter for iPhone</a>",Naveeth14,0,False,False,,
23,23,24,"#Isolation #Update<f0><U+009F><U+009B><U+0091>

Following areas  #Borella #isolated  #immediate, according  Army Commander Shavendra SÂ https://.co/BIXXVkVUxJ",False,0,,2021-01-10 11:44:11,True,,1348234177200590849,,"<a href=""http://twitter.com/download/iphone"" rel=""nofollow"">Twitter for iPhone</a>",Naveeth14,0,False,False,,
24,24,25,"RT @Ram_Srinivas_: Whether  Education Department   Dealing  SASTRA University! <f0><U+009F><U+0091><U+0080>
#Corona #DepartmentofHigherEducation @EduMinOÂ",False,0,,2021-01-10 06:27:34,False,,1348154498758266882,,"<a href=""https://mobile.twitter.com"" rel=""nofollow"">Twitter Web App</a>",BandaAnjan,14,True,False,,
25,25,26,"Hakeem tested positive 

#SriLanka #lka #corona #coronavirus #covid19 #COVID19SL #outbreak
#RauffHakeem #COVID19Â https://.co/y0CCQqaGCe",False,0,,2021-01-10 04:21:41,True,,1348122817548587009,,"<a href=""https://about.twitter.com/products/tweetdeck"" rel=""nofollow"">TweetDeck</a>",SriLankaMirror,0,False,False,,
26,26,27,"RT @Ram_Srinivas_: Whether  Education Department   Dealing  SASTRA University! <f0><U+009F><U+0091><U+0080>
#Corona #DepartmentofHigherEducation @EduMinOÂ",False,0,,2021-01-09 18:07:22,False,,1347968220880257024,,"<a href=""http://twitter.com/download/android"" rel=""nofollow"">Twitter for Android</a>",KishorGanesh5,14,True,False,,
27,27,28,"#Vaccination drive  kick   16th January, 2021   forthcoming festivals including Lohri, Makar SankranÂ https://.co/zp9fcb4NfQ",False,0,gschandresh,2021-01-09 11:05:17,True,1.3478599512810783e+18,1347861999103799296,138276358.0,"<a href=""http://twitter.com/download/android"" rel=""nofollow"">Twitter for Android</a>",gschandresh,0,False,False,,
28,28,29,"RT @infodprtsl: <f0><U+009F><U+0091><U+0089><f0><U+009F><U+0091><U+0089>Following Areas   released  isolation
#Srilankan #Srilanka #lka #Lanka #Ceylon #DGI #Government #Information #DÂ",False,0,,2021-01-09 10:09:32,False,,1347847969803034626,,,SLNewsRTBot,7,True,False,,
29,29,30,"New areas isolated 

#SriLanka #lka #corona #coronavirus #covid19 #COVID19SL
#isolated #Outbreak #Pannala #MummaanaÂ https://.co/rNuQNTwlkT",False,0,,2021-01-09 09:11:05,True,,1347833258919120897,,"<a href=""https://about.twitter.com/products/tweetdeck"" rel=""nofollow"">TweetDeck</a>",SriLankaMirror,0,False,False,,
30,30,31,"#Isolation #Update*<f0><U+009F><U+009B><U+0091>

The #Mummana  #Wetthewa Grama Seva Divisions  #Giriulla  selected areas  #Koskote Â https://.co/IpNfygCVaS",False,0,,2021-01-09 08:39:57,True,,1347825425851052032,,"<a href=""http://twitter.com/download/iphone"" rel=""nofollow"">Twitter for iPhone</a>",Naveeth14,0,False,False,,
31,31,32,"RT @SureshPoorvika: Distance makes us stronger. Practice, follow  abide  #socialdistancing   part  #flattenthecurve. 

#PoorvÂ",False,0,,2021-01-09 05:25:13,False,,1347776421175857152,,"<a href=""http://twitter.com/download/android"" rel=""nofollow"">Twitter for Android</a>",Ashraf22454362,21,True,False,,
32,32,33,"RT @Ram_Srinivas_: Whether  Education Department   Dealing  SASTRA University! <f0><U+009F><U+0091><U+0080>
#Corona #DepartmentofHigherEducation @EduMinOÂ",False,0,,2021-01-09 04:59:26,False,,1347769929236299785,,"<a href=""http://twitter.com/download/android"" rel=""nofollow"">Twitter for Android</a>",Rajtaru80487652,14,True,False,,
33,33,34,"RT @Ram_Srinivas_: Whether  Education Department   Dealing  SASTRA University! <f0><U+009F><U+0091><U+0080>
#Corona #DepartmentofHigherEducation @EduMinOÂ",False,0,,2021-01-08 18:08:57,False,,1347606233235083265,,"<a href=""http://twitter.com/download/android"" rel=""nofollow"">Twitter for Android</a>",HariPrasathHP10,14,True,False,,
34,34,35,"RT @Ram_Srinivas_: Whether  Education Department   Dealing  SASTRA University! <f0><U+009F><U+0091><U+0080>
#Corona #DepartmentofHigherEducation @EduMinOÂ",False,0,,2021-01-08 16:46:51,False,,1347585570185252865,,"<a href=""http://twitter.com/download/android"" rel=""nofollow"">Twitter for Android</a>",Guru99989463,14,True,False,,
35,35,36,"RT @Ram_Srinivas_: Whether  Education Department   Dealing  SASTRA University! <f0><U+009F><U+0091><U+0080>
#Corona #DepartmentofHigherEducation @EduMinOÂ",False,0,,2021-01-08 16:36:44,False,,1347583024590802945,,"<a href=""http://twitter.com/download/android"" rel=""nofollow"">Twitter for Android</a>",MK32621377,14,True,False,,
36,36,37,"RT @Ram_Srinivas_: Whether  Education Department   Dealing  SASTRA University! <f0><U+009F><U+0091><U+0080>
#Corona #DepartmentofHigherEducation @EduMinOÂ",False,0,,2021-01-08 16:25:28,False,,1347580188985462787,,"<a href=""https://mobile.twitter.com"" rel=""nofollow"">Twitter Web App</a>",Mukunth01668260,14,True,False,,
37,37,38,"RT @Ram_Srinivas_: Whether  Education Department   Dealing  SASTRA University! <f0><U+009F><U+0091><U+0080>
#Corona #DepartmentofHigherEducation @EduMinOÂ",False,0,,2021-01-08 16:04:11,False,,1347574831919755269,,"<a href=""http://twitter.com/download/android"" rel=""nofollow"">Twitter for Android</a>",SanthoshRamak10,14,True,False,,
38,38,39,"RT @Ram_Srinivas_: Whether  Education Department   Dealing  SASTRA University! <f0><U+009F><U+0091><U+0080>
#Corona #DepartmentofHigherEducation @EduMinOÂ",False,0,,2021-01-08 15:57:03,False,,1347573038330482689,,"<a href=""http://twitter.com/download/android"" rel=""nofollow"">Twitter for Android</a>",rohith_789,14,True,False,,
39,39,40,"RT @Ram_Srinivas_: Whether  Education Department   Dealing  SASTRA University! <f0><U+009F><U+0091><U+0080>
#Corona #DepartmentofHigherEducation @EduMinOÂ",False,0,,2021-01-08 15:56:23,False,,1347572871543934977,,"<a href=""http://twitter.com/download/android"" rel=""nofollow"">Twitter for Android</a>",Roman97571629,14,True,False,,
40,40,41,"RT @Ram_Srinivas_: Whether  Education Department   Dealing  SASTRA University! <f0><U+009F><U+0091><U+0080>
#Corona #DepartmentofHigherEducation @EduMinOÂ",False,0,,2021-01-08 15:52:02,False,,1347571776365096960,,"<a href=""http://twitter.com/download/android"" rel=""nofollow"">Twitter for Android</a>",tnawsej,14,True,False,,
41,41,42,"#SriLanka sticks  #cremate #COVID19 #Muslim victims
#Government decision based  #CCPDL report also recommendedÂ https://.co/HWxVTntftM",False,1,,2021-01-08 15:20:00,True,,1347563712627044354,,"<a href=""https://mobile.twitter.com"" rel=""nofollow"">Twitter Web App</a>",Mohammed_Aashsd,0,False,False,,
42,42,43,"RT @Ram_Srinivas_: Whether  Education Department   Dealing  SASTRA University! <f0><U+009F><U+0091><U+0080>
#Corona #DepartmentofHigherEducation @EduMinOÂ",False,0,,2021-01-08 15:11:55,False,,1347561680704663552,,"<a href=""http://twitter.com/download/android"" rel=""nofollow"">Twitter for Android</a>",sowmya67056868,14,True,False,,
43,43,44,"RT @Ram_Srinivas_: Whether  Education Department   Dealing  SASTRA University! <f0><U+009F><U+0091><U+0080>
#Corona #DepartmentofHigherEducation @EduMinOÂ",False,0,,2021-01-08 15:07:51,False,,1347560657734889472,,"<a href=""http://twitter.com/download/android"" rel=""nofollow"">Twitter for Android</a>",NarayananUvan,14,True,False,,
44,44,45,"RT @Ram_Srinivas_: Whether  Education Department   Dealing  SASTRA University! <f0><U+009F><U+0091><U+0080>
#Corona #DepartmentofHigherEducation @EduMinOÂ",False,0,,2021-01-08 15:06:34,False,,1347560331850125312,,"<a href=""https://mobile.twitter.com"" rel=""nofollow"">Twitter Web App</a>",Astudent202101,14,True,False,,
45,45,46,"Whether  Education Department   Dealing  SASTRA University! <f0><U+009F><U+0091><U+0080>
#Corona #DepartmentofHigherEducationÂ https://.co/EsqTZfErGN",False,18,,2021-01-08 15:05:36,True,,1347560091570950144,,"<a href=""http://twitter.com/download/android"" rel=""nofollow"">Twitter for Android</a>",Ram_Srinivas_,14,False,False,,
46,46,47,"RT @SriLankaMirror: Dayasiri tests COVID-19 positive 

#lka #SriLanka #covid19 #Covid_19 #COVID19LK #Dayasiri #Tested #positive
#srilanka #Â",False,0,,2021-01-08 14:39:18,False,,1347553471206219781,,,news24x75,1,True,False,,
47,47,48,"RT @sundar_pl: Thoughts  100% occupancy  theatres? 

#MasterFilm #EeswaranPongal #lockdown #Corona #vaccine #Theatres",False,0,,2021-01-08 13:29:59,False,,1347536025502048257,,"<a href=""https://mobile.twitter.com"" rel=""nofollow"">Twitter Web App</a>",Rocky__420,1,True,False,,
48,48,49,"COVID 19 Total Cases In Top 10 Countries | December 2020 Update<U+2623><U+FE0F>
<U+25B6><U+FE0F>https://.co/jgrT8qgarE
#COVID19SL #USA #IndiaÂ https://.co/eKs2DaN7Xx",False,5,,2021-01-08 12:55:10,True,,1347527263600992256,,"<a href=""https://mobile.twitter.com"" rel=""nofollow"">Twitter Web App</a>",MeDHoUsE_HMR,0,False,False,,
49,49,50,"Covid-19 vaccine trail run begins  Coimbatore 

Coimbatore government hospital Dean Kalidas informed  3316 vaÂ https://.co/ryPA6ZpkhN",False,0,,2021-01-08 09:28:31,True,,1347475260455612416,,"<a href=""http://twitter.com/download/android"" rel=""nofollow"">Twitter for Android</a>",CovaiPost,0,False,False,,
50,50,51,"Covid-19 vaccine trail run begins  Coimbatore 

Coimbatore government hospital Dean Kalidas informed  3316 vaÂ https://.co/fvSuKICrAH",False,0,,2021-01-08 08:38:06,True,,1347462570353905666,,"<a href=""http://twitter.com/download/android"" rel=""nofollow"">Twitter for Android</a>",CovaiPost,0,False,False,,
51,51,52,"RT @infodprtsl: <f0><U+009F><U+0091><U+0089><f0><U+009F><U+0091><U+0089>Following Areas   released  isolation
#Srilankan #Srilanka #lka #Lanka #Ceylon #DGI #Government #Information #DÂ",False,0,,2021-01-08 06:50:01,False,,1347435370464636928,,,SLNewsRTBot,7,True,False,,
52,52,53,"Dayasiri tests COVID-19 positive 

#lka #SriLanka #covid19 #Covid_19 #COVID19LK #Dayasiri #Tested #positiveÂ https://.co/1wmNrzhywn",False,0,,2021-01-08 06:08:56,True,,1347425034063659010,,"<a href=""https://about.twitter.com/products/tweetdeck"" rel=""nofollow"">TweetDeck</a>",SriLankaMirror,1,False,False,,
53,53,54,GUIDELINES RELEASED FOR MANAGING TOURISTS  Ministry  Health. But still  safe   cannot enjoy  holidÂ https://.co/jVJxIOfbTu,False,0,,2021-01-08 05:21:24,True,,1347413070679658496,,"<a href=""http://twitter.com/download/android"" rel=""nofollow"">Twitter for Android</a>",SafariToLanka,0,False,False,,
54,54,55,"#Dayasiri #Tested #Positive*<f0><U+009F><U+00A6><U+00A0>

#State #Minister Dayasiri Jayasekara   tested positive  Covid-19   cuÂ https://.co/UCFlFEyi2S",False,1,,2021-01-08 05:05:37,True,,1347409098724270082,,"<a href=""http://twitter.com/download/iphone"" rel=""nofollow"">Twitter for iPhone</a>",Naveeth14,0,False,False,,
55,55,56,"Awesome pixel perfect professional supplement labels. Order Now..!
#agro #label #product #productdesignÂ https://.co/St8Zw11t3p",False,0,,2021-01-07 19:05:03,True,,1347257961660493831,,"<a href=""https://mobile.twitter.com"" rel=""nofollow"">Twitter Web App</a>",kttchathuranga,0,False,False,,
56,56,57,"SP hands solatium  parents  woman armed reserve personnel  died  COVID-19

#Woman #Dead #CoronaVirusÂ https://.co/OJY91qEJU2",False,0,,2021-01-07 14:19:23,True,,1347186072032169984,,"<a href=""http://twitter.com/download/android"" rel=""nofollow"">Twitter for Android</a>",CovaiPost,0,False,False,,
57,57,58,"RT @akshyathala: https://.co/zUsG2aifmh

<f0><U+009F><U+0098><U+00B1><f0><U+009F><U+0098><U+00B1><f0><U+009F><U+0098><U+00B1> watch  video... 

#Valimai #wednesdaythought #<U+0BAA><U+0BC6><U+0BA3><U+0BCD><U+0B95><U+0BB3><U+0BBF><U+0BA9><U+0BCD>_<U+0B8E><U+0BA4><U+0BBF><U+0BB0><U+0BBF>_<U+0B85><U+0BA4><U+0BBF><U+0BAE><U+0BC1><U+0B95> #<U+0915><U+0930><U+0947><U+0902>_<U+092F><U+094B><U+0917><U+0926><U+093E><U+0928>_<U+0930><U+093E><U+092E><U+0932><U+0932><U+093E>_Â",False,0,,2021-01-07 10:10:28,False,,1347123428843606016,,"<a href=""https://mobile.twitter.com"" rel=""nofollow"">Twitter Web App</a>",PrabhaAjithFan,10,True,False,,
58,58,59,"RT @Mohammed_Aashsd: Protest  #Kilinochchi  forced #cremations  campaign across #North-#East continues.

#lka #CoronavirusStrainÂ",False,0,,2021-01-07 08:09:01,False,,1347092865042755585,,"<a href=""https://mobile.twitter.com"" rel=""nofollow"">Twitter Web App</a>",imansaleeem,1,True,False,,
59,59,60,"RT @infodprtsl: <f0><U+009F><U+0091><U+0089><f0><U+009F><U+0091><U+0089>Following Areas   released  isolation
#Srilankan #Srilanka #lka #Lanka #Ceylon #DGI #Government #Information #DÂ",False,0,,2021-01-07 04:32:38,False,,1347038408787550209,,,UCRGalle,7,True,False,,
60,60,61,"RT @infodprtsl: <f0><U+009F><U+0091><U+0089><f0><U+009F><U+0091><U+0089>Following Areas   released  isolation
#Srilankan #Srilanka #lka #Lanka #Ceylon #DGI #Government #Information #DÂ",False,0,,2021-01-07 03:44:31,False,,1347026302465953794,,,SLNewsRTBot,7,True,False,,
61,61,62,"<f0><U+009F><U+0091><U+0089><f0><U+009F><U+0091><U+0089>Following Areas   released  isolation
#Srilankan #Srilanka #lka #Lanka #Ceylon #DGI #GovernmentÂ https://.co/PpBC5e8cLw",False,3,,2021-01-07 03:42:49,True,,1347025875217346562,,"<a href=""https://mobile.twitter.com"" rel=""nofollow"">Twitter Web App</a>",infodprtsl,7,False,False,,
62,62,63,"RT @kuttypaiyan_ak: Bus Simulator ultimate | Headlight Gamer
Video link - https://.co/M48aSQ9Bf5 
Tamil songs available  bus<f0><U+009F><U+0098><U+008D><f0><U+009F><U+008E><U+00B6>
#FarmersWÂ",False,0,,2021-01-07 01:49:42,False,,1346997405116362752,,"<a href=""https://mobile.twitter.com"" rel=""nofollow"">Twitter Web App</a>",SoumenPatra1998,2,True,False,,
63,63,64,"RT @kuttypaiyan_ak: Bus Accident | Aji Game Zone
Video link - https://.co/Zq9e95lhEf
High graphic game<f0><U+009F><U+0098><U+008D>
#corona
#CoronaVaccine 
#coronavirÂ",False,0,,2021-01-07 01:49:06,False,,1346997254851158018,,"<a href=""https://mobile.twitter.com"" rel=""nofollow"">Twitter Web App</a>",SoumenPatra1998,2,True,False,,
64,64,65,"10  joined  Covid list   Nilgiris  Wednesday.

#CoronaVirus #Corona #TheCovaiPost #Nilgiris 

https://.co/Rr6aKEzFYU",False,0,,2021-01-06 15:19:22,False,,1346838777906352128,,"<a href=""http://twitter.com/download/android"" rel=""nofollow"">Twitter for Android</a>",CovaiPost,0,False,False,,
65,65,66,"RT @akshyathala: https://.co/zUsG2aifmh

<f0><U+009F><U+0098><U+00B1><f0><U+009F><U+0098><U+00B1><f0><U+009F><U+0098><U+00B1> watch  video... 

#Valimai #wednesdaythought #<U+0BAA><U+0BC6><U+0BA3><U+0BCD><U+0B95><U+0BB3><U+0BBF><U+0BA9><U+0BCD>_<U+0B8E><U+0BA4><U+0BBF><U+0BB0><U+0BBF>_<U+0B85><U+0BA4><U+0BBF><U+0BAE><U+0BC1><U+0B95> #<U+0915><U+0930><U+0947><U+0902>_<U+092F><U+094B><U+0917><U+0926><U+093E><U+0928>_<U+0930><U+093E><U+092E><U+0932><U+0932><U+093E>_Â",False,0,,2021-01-06 15:18:23,False,,1346838531486846977,,"<a href=""http://twitter.com/download/android"" rel=""nofollow"">Twitter for Android</a>",thalapavijay,10,True,False,,
66,66,67,"""India  ready  give Sri Lanka  COVID-19 vaccine"" ; Dr. Jaishankar https://.co/q4bBhF6h4p 
@GotabayaRÂ https://.co/JphJeEWVOh",False,3,,2021-01-06 15:01:58,True,,1346834400038641665,,"<a href=""https://mobile.twitter.com"" rel=""nofollow"">Twitter Web App</a>",CeylonToday,0,False,False,,
67,67,68,"RT @TFU_Kannan: #MasterPongal fans, #Eeswaran team &amp; TN theatres ecstatic  100% occupancy announcement  public &amp; healthcare workers wÂ",False,0,,2021-01-06 14:04:02,False,,1346819820658909186,,"<a href=""http://twitter.com/download/android"" rel=""nofollow"">Twitter for Android</a>",AjithSadha,13,True,False,,
68,68,69,"COVID positive escapee  arrested https://.co/ZegdqAldcA 

#COVID19SL #COVID19LK #CORONA #SriLanka #lka #COVID19 #Arrest",False,1,,2021-01-06 13:48:56,False,,1346816018266537984,,"<a href=""https://mobile.twitter.com"" rel=""nofollow"">Twitter Web App</a>",CeylonToday,0,False,False,,
69,69,70,"RT @SureshPoorvika: Distance makes us stronger. Practice, follow  abide  #socialdistancing   part  #flattenthecurve. 

#PoorvÂ",False,0,,2021-01-06 13:00:43,False,,1346803884757405696,,"<a href=""http://twitter.com/download/android"" rel=""nofollow"">Twitter for Android</a>",Gopalkr02754836,21,True,False,,
70,70,71,"This promo  purely  #corona <f0><U+009F><U+0098><U+0082>
#MasterPromo #MasterFilm @actorvijay",False,1,,2021-01-06 12:37:13,False,,1346797973955440645,,"<a href=""http://twitter.com/download/android"" rel=""nofollow"">Twitter for Android</a>",Kishore13466627,0,False,False,,
71,71,72,"May God Forbid.
Attached pic would   case,  paddling #Corona instead get  wt life  #medicine findÂ https://.co/B0VGcK3i80",False,0,,2021-01-06 11:15:27,True,,1346777396113006592,,"<a href=""https://mobile.twitter.com"" rel=""nofollow"">Twitter Web App</a>",MkncMb,0,False,False,,
72,72,73,"RT @akshyathala: https://.co/zUsG2aifmh

<f0><U+009F><U+0098><U+00B1><f0><U+009F><U+0098><U+00B1><f0><U+009F><U+0098><U+00B1> watch  video... 

#Valimai #wednesdaythought #<U+0BAA><U+0BC6><U+0BA3><U+0BCD><U+0B95><U+0BB3><U+0BBF><U+0BA9><U+0BCD>_<U+0B8E><U+0BA4><U+0BBF><U+0BB0><U+0BBF>_<U+0B85><U+0BA4><U+0BBF><U+0BAE><U+0BC1><U+0B95> #<U+0915><U+0930><U+0947><U+0902>_<U+092F><U+094B><U+0917><U+0926><U+093E><U+0928>_<U+0930><U+093E><U+092E><U+0932><U+0932><U+093E>_Â",False,0,,2021-01-06 11:06:17,False,,1346775089002364928,,"<a href=""https://mobile.twitter.com"" rel=""nofollow"">Twitter Web App</a>",ArJunMohanan13,10,True,False,,
73,73,74,"RT @akshyathala: https://.co/zUsG2aifmh

<f0><U+009F><U+0098><U+00B1><f0><U+009F><U+0098><U+00B1><f0><U+009F><U+0098><U+00B1> watch  video... 

#Valimai #wednesdaythought #<U+0BAA><U+0BC6><U+0BA3><U+0BCD><U+0B95><U+0BB3><U+0BBF><U+0BA9><U+0BCD>_<U+0B8E><U+0BA4><U+0BBF><U+0BB0><U+0BBF>_<U+0B85><U+0BA4><U+0BBF><U+0BAE><U+0BC1><U+0B95> #<U+0915><U+0930><U+0947><U+0902>_<U+092F><U+094B><U+0917><U+0926><U+093E><U+0928>_<U+0930><U+093E><U+092E><U+0932><U+0932><U+093E>_Â",False,0,,2021-01-06 11:04:46,False,,1346774704657317889,,"<a href=""https://mobile.twitter.com"" rel=""nofollow"">Twitter Web App</a>",KingMaker_offc,10,True,False,,
74,74,75,"RT @akshyathala: https://.co/zUsG2aifmh

<f0><U+009F><U+0098><U+00B1><f0><U+009F><U+0098><U+00B1><f0><U+009F><U+0098><U+00B1> watch  video... 

#Valimai #wednesdaythought #<U+0BAA><U+0BC6><U+0BA3><U+0BCD><U+0B95><U+0BB3><U+0BBF><U+0BA9><U+0BCD>_<U+0B8E><U+0BA4><U+0BBF><U+0BB0><U+0BBF>_<U+0B85><U+0BA4><U+0BBF><U+0BAE><U+0BC1><U+0B95> #<U+0915><U+0930><U+0947><U+0902>_<U+092F><U+094B><U+0917><U+0926><U+093E><U+0928>_<U+0930><U+093E><U+092E><U+0932><U+0932><U+093E>_Â",False,0,,2021-01-06 10:51:42,False,,1346771418302865410,,"<a href=""https://mobile.twitter.com"" rel=""nofollow"">Twitter Web App</a>",thalaajith__6,10,True,False,,
75,75,76,"RT @akshyathala: https://.co/zUsG2aifmh

<f0><U+009F><U+0098><U+00B1><f0><U+009F><U+0098><U+00B1><f0><U+009F><U+0098><U+00B1> watch  video... 

#Valimai #wednesdaythought #<U+0BAA><U+0BC6><U+0BA3><U+0BCD><U+0B95><U+0BB3><U+0BBF><U+0BA9><U+0BCD>_<U+0B8E><U+0BA4><U+0BBF><U+0BB0><U+0BBF>_<U+0B85><U+0BA4><U+0BBF><U+0BAE><U+0BC1><U+0B95> #<U+0915><U+0930><U+0947><U+0902>_<U+092F><U+094B><U+0917><U+0926><U+093E><U+0928>_<U+0930><U+093E><U+092E><U+0932><U+0932><U+093E>_Â",False,0,,2021-01-06 10:48:36,False,,1346770636899815426,,"<a href=""https://mobile.twitter.com"" rel=""nofollow"">Twitter Web App</a>",legendkiller__6,10,True,False,,
76,76,77,"RT @akshyathala: https://.co/zUsG2aifmh

<f0><U+009F><U+0098><U+00B1><f0><U+009F><U+0098><U+00B1><f0><U+009F><U+0098><U+00B1> watch  video... 

#Valimai #wednesdaythought #<U+0BAA><U+0BC6><U+0BA3><U+0BCD><U+0B95><U+0BB3><U+0BBF><U+0BA9><U+0BCD>_<U+0B8E><U+0BA4><U+0BBF><U+0BB0><U+0BBF>_<U+0B85><U+0BA4><U+0BBF><U+0BAE><U+0BC1><U+0B95> #<U+0915><U+0930><U+0947><U+0902>_<U+092F><U+094B><U+0917><U+0926><U+093E><U+0928>_<U+0930><U+093E><U+092E><U+0932><U+0932><U+093E>_Â",False,0,,2021-01-06 10:45:46,False,,1346769924962848768,,"<a href=""https://mobile.twitter.com"" rel=""nofollow"">Twitter Web App</a>",glen_maxi__6,10,True,False,,
77,77,78,"RT @akshyathala: https://.co/zUsG2aifmh

<f0><U+009F><U+0098><U+00B1><f0><U+009F><U+0098><U+00B1><f0><U+009F><U+0098><U+00B1> watch  video... 

#Valimai #wednesdaythought #<U+0BAA><U+0BC6><U+0BA3><U+0BCD><U+0B95><U+0BB3><U+0BBF><U+0BA9><U+0BCD>_<U+0B8E><U+0BA4><U+0BBF><U+0BB0><U+0BBF>_<U+0B85><U+0BA4><U+0BBF><U+0BAE><U+0BC1><U+0B95> #<U+0915><U+0930><U+0947><U+0902>_<U+092F><U+094B><U+0917><U+0926><U+093E><U+0928>_<U+0930><U+093E><U+092E><U+0932><U+0932><U+093E>_Â",False,0,,2021-01-06 10:42:20,False,,1346769062181781509,,"<a href=""https://mobile.twitter.com"" rel=""nofollow"">Twitter Web App</a>",mammukka__6,10,True,False,,
78,78,79,"RT @akshyathala: https://.co/zUsG2aifmh

<f0><U+009F><U+0098><U+00B1><f0><U+009F><U+0098><U+00B1><f0><U+009F><U+0098><U+00B1> watch  video... 

#Valimai #wednesdaythought #<U+0BAA><U+0BC6><U+0BA3><U+0BCD><U+0B95><U+0BB3><U+0BBF><U+0BA9><U+0BCD>_<U+0B8E><U+0BA4><U+0BBF><U+0BB0><U+0BBF>_<U+0B85><U+0BA4><U+0BBF><U+0BAE><U+0BC1><U+0B95> #<U+0915><U+0930><U+0947><U+0902>_<U+092F><U+094B><U+0917><U+0926><U+093E><U+0928>_<U+0930><U+093E><U+092E><U+0932><U+0932><U+093E>_Â",False,0,,2021-01-06 10:38:39,False,,1346768133718216704,,"<a href=""https://mobile.twitter.com"" rel=""nofollow"">Twitter Web App</a>",ben10__6,10,True,False,,
79,79,80,"RT @akshyathala: https://.co/zUsG2aifmh

<f0><U+009F><U+0098><U+00B1><f0><U+009F><U+0098><U+00B1><f0><U+009F><U+0098><U+00B1> watch  video... 

#Valimai #wednesdaythought #<U+0BAA><U+0BC6><U+0BA3><U+0BCD><U+0B95><U+0BB3><U+0BBF><U+0BA9><U+0BCD>_<U+0B8E><U+0BA4><U+0BBF><U+0BB0><U+0BBF>_<U+0B85><U+0BA4><U+0BBF><U+0BAE><U+0BC1><U+0B95> #<U+0915><U+0930><U+0947><U+0902>_<U+092F><U+094B><U+0917><U+0926><U+093E><U+0928>_<U+0930><U+093E><U+092E><U+0932><U+0932><U+093E>_Â",False,0,,2021-01-06 10:31:34,False,,1346766350966947840,,"<a href=""http://twitter.com/download/android"" rel=""nofollow"">Twitter for Android</a>",akshyathala,10,True,False,,
80,80,81,"https://.co/zUsG2aifmh

<f0><U+009F><U+0098><U+00B1><f0><U+009F><U+0098><U+00B1><f0><U+009F><U+0098><U+00B1> watch  video... 

#Valimai #wednesdaythought #<U+0BAA><U+0BC6><U+0BA3><U+0BCD><U+0B95><U+0BB3><U+0BBF><U+0BA9><U+0BCD>_<U+0B8E><U+0BA4><U+0BBF><U+0BB0><U+0BBF>_<U+0B85><U+0BA4><U+0BBF><U+0BAE><U+0BC1><U+0B95>Â https://.co/B2ywkeH6Qt",False,0,,2021-01-06 10:30:55,True,,1346766186818588673,,"<a href=""http://twitter.com/download/android"" rel=""nofollow"">Twitter for Android</a>",akshyathala,10,False,False,,
81,81,82,"RT @SBMFCofficial: #BREAKING: #India  start #Corona vaccination  Jan 13th

Waiting  see #Marakkar On big screen<f0><U+009F><U+0094><U+00A5><f0><U+009F><U+0091><U+008C> https://.co/FfÂ",False,0,,2021-01-06 09:23:22,False,,1346749187187064832,,"<a href=""https://mobile.twitter.com"" rel=""nofollow"">Twitter Web App</a>",2Primus,14,True,False,,
82,82,83,"RT @SBMFCofficial: #BREAKING: #India  start #Corona vaccination  Jan 13th

Waiting  see #Marakkar On big screen<f0><U+009F><U+0094><U+00A5><f0><U+009F><U+0091><U+008C> https://.co/FfÂ",False,0,,2021-01-06 09:13:22,False,,1346746670000660480,,"<a href=""http://twitter.com/download/android"" rel=""nofollow"">Twitter for Android</a>",Harikri55910727,14,True,False,,
83,83,84,"RT @newsdotlk: Following areas   newly isolated   isolation   removed today (06)
#Srilankan #Srilanka #lka #Lanka #CeylonÂ",False,0,,2021-01-06 09:03:38,False,,1346744224142618624,,"<a href=""http://twitter.com/download/android"" rel=""nofollow"">Twitter for Android</a>",LankaVoice,3,True,False,,
84,84,85,"RT @newsdotlk: Following areas   newly isolated   isolation   removed today (06)
#Srilankan #Srilanka #lka #Lanka #CeylonÂ",False,0,,2021-01-06 07:31:03,False,,1346720924079443968,,,UCRGalle,3,True,False,,
85,85,86,"RT @newsdotlk: Following areas   newly isolated   isolation   removed today (06)
#Srilankan #Srilanka #lka #Lanka #CeylonÂ",False,0,,2021-01-06 06:55:38,False,,1346712008880754688,,,SLNewsRTBot,3,True,False,,
86,86,87,"Following areas   newly isolated   isolation   removed today (06)
#Srilankan #Srilanka #lkaÂ https://.co/lFgkniRf6f",False,4,,2021-01-06 06:47:13,True,,1346709893592584192,,"<a href=""https://mobile.twitter.com"" rel=""nofollow"">Twitter Web App</a>",newsdotlk,3,False,False,,
87,87,88,"Vaccine expected  April, frontline workers   prioritised : Lalith Weeratunga https://.co/N6lTcE1ZlP 
#lkÂ https://.co/ZpiVghAThN",False,1,,2021-01-06 06:14:29,True,,1346701653748154368,,"<a href=""https://mobile.twitter.com"" rel=""nofollow"">Twitter Web App</a>",CeylonToday,0,False,False,,
88,88,89,"RT @SuryahSG: I stand  solidarity  Doctors, Health Workers &amp;  frontline #CoronaWarriors ! I  see Doctors  huge stress. LÂ",False,0,,2021-01-06 03:48:37,False,,1346664945283317760,,"<a href=""https://mobile.twitter.com"" rel=""nofollow"">Twitter Web App</a>",prakashj1978,82,True,False,,
89,89,90,#BREAKING: #India  start #Corona vaccination  Jan 13th..,False,0,,2021-01-06 03:07:53,False,,1346654694349803525,,"<a href=""http://twitter.com/download/android"" rel=""nofollow"">Twitter for Android</a>",ganesh_vtv,0,False,False,,
90,90,91,"RT @SSTweeps: #Corona vaccination  start  Jan 13th   #India...

#BREAKING",False,0,,2021-01-06 02:52:56,False,,1346650932231081986,,"<a href=""http://twitter.com/download/android"" rel=""nofollow"">Twitter for Android</a>",danielvijay14,51,True,False,,
91,91,92,"RT @SBMFCofficial: #BREAKING: #India  start #Corona vaccination  Jan 13th

Waiting  see #Marakkar On big screen<f0><U+009F><U+0094><U+00A5><f0><U+009F><U+0091><U+008C> https://.co/FfÂ",False,0,,2021-01-06 02:26:09,False,,1346644191196176384,,"<a href=""http://twitter.com/download/android"" rel=""nofollow"">Twitter for Android</a>",Robin08191278,14,True,False,,
92,92,93,"RT @SuryahSG: I stand  solidarity  Doctors, Health Workers &amp;  frontline #CoronaWarriors ! I  see Doctors  huge stress. LÂ",False,0,,2021-01-05 18:40:27,False,,1346526996730245120,,"<a href=""http://twitter.com/download/android"" rel=""nofollow"">Twitter for Android</a>",That_Is_Sai,82,True,False,,
93,93,94,"RT @SBMFCofficial: #BREAKING: #India  start #Corona vaccination  Jan 13th

Waiting  see #Marakkar On big screen<f0><U+009F><U+0094><U+00A5><f0><U+009F><U+0091><U+008C> https://.co/FfÂ",False,0,,2021-01-05 18:32:44,False,,1346525054629277698,,"<a href=""http://twitter.com/download/android"" rel=""nofollow"">Twitter for Android</a>",Abel_lalettan,14,True,False,,
94,94,95,"RT @TFU_Kannan: #MasterPongal fans, #Eeswaran team &amp; TN theatres ecstatic  100% occupancy announcement  public &amp; healthcare workers wÂ",False,0,,2021-01-05 17:49:36,False,,1346514199258664960,,"<a href=""http://twitter.com/download/android"" rel=""nofollow"">Twitter for Android</a>",Damodar86413766,13,True,False,,
95,95,96,"RT @TFU_Kannan: #MasterPongal fans, #Eeswaran team &amp; TN theatres ecstatic  100% occupancy announcement  public &amp; healthcare workers wÂ",False,0,,2021-01-05 17:47:34,False,,1346513686249160704,,"<a href=""http://twitter.com/download/android"" rel=""nofollow"">Twitter for Android</a>",swapnarao983,13,True,False,,
96,96,97,"RT @SuryahSG: I stand  solidarity  Doctors, Health Workers &amp;  frontline #CoronaWarriors ! I  see Doctors  huge stress. LÂ",False,0,,2021-01-05 17:37:32,False,,1346511159709450241,,"<a href=""http://twitter.com/download/android"" rel=""nofollow"">Twitter for Android</a>",SubhaVijay2007,82,True,False,,
97,97,98,"RT @SuryahSG: I stand  solidarity  Doctors, Health Workers &amp;  frontline #CoronaWarriors ! I  see Doctors  huge stress. LÂ",False,0,,2021-01-05 17:25:56,False,,1346508242424217602,,"<a href=""http://twitter.com/download/android"" rel=""nofollow"">Twitter for Android</a>",JyothiVignesh,82,True,False,,
98,98,99,"RT @SuryahSG: I stand  solidarity  Doctors, Health Workers &amp;  frontline #CoronaWarriors ! I  see Doctors  huge stress. LÂ",False,0,,2021-01-05 17:08:06,False,,1346503753524936705,,"<a href=""http://twitter.com/download/android"" rel=""nofollow"">Twitter for Android</a>",iamudhai24,82,True,False,,
99,99,100,"RT @SuryahSG: I stand  solidarity  Doctors, Health Workers &amp;  frontline #CoronaWarriors ! I  see Doctors  huge stress. LÂ",False,0,,2021-01-05 17:00:36,False,,1346501865165389825,,"<a href=""http://twitter.com/download/android"" rel=""nofollow"">Twitter for Android</a>",srinath_pv,82,True,False,,
100,100,101,"RT @SuryahSG: I stand  solidarity  Doctors, Health Workers &amp;  frontline #CoronaWarriors ! I  see Doctors  huge stress. LÂ",False,0,,2021-01-05 16:56:53,False,,1346500931974692866,,"<a href=""http://twitter.com/download/android"" rel=""nofollow"">Twitter for Android</a>",Jai53653560,82,True,False,,
101,101,102,"RT @SBMFCofficial: #BREAKING: #India  start #Corona vaccination  Jan 13th

Waiting  see #Marakkar On big screen<f0><U+009F><U+0094><U+00A5><f0><U+009F><U+0091><U+008C> https://.co/FfÂ",False,0,,2021-01-05 16:56:15,False,,1346500772284956672,,"<a href=""http://twitter.com/download/iphone"" rel=""nofollow"">Twitter for iPhone</a>",_rahulhere,14,True,False,,
102,102,103,"RT @SuryahSG: I stand  solidarity  Doctors, Health Workers &amp;  frontline #CoronaWarriors ! I  see Doctors  huge stress. LÂ",False,0,,2021-01-05 16:51:43,False,,1346499630272548865,,"<a href=""http://twitter.com/download/android"" rel=""nofollow"">Twitter for Android</a>",panaiyolai101,82,True,False,,
103,103,104,"RT @SBMFCofficial: #BREAKING: #India  start #Corona vaccination  Jan 13th

Waiting  see #Marakkar On big screen<f0><U+009F><U+0094><U+00A5><f0><U+009F><U+0091><U+008C> https://.co/FfÂ",False,0,,2021-01-05 16:50:56,False,,1346499433593147392,,"<a href=""http://twitter.com/download/android"" rel=""nofollow"">Twitter for Android</a>",hrytweeps,14,True,False,,
104,104,105,"RT @SuryahSG: I stand  solidarity  Doctors, Health Workers &amp;  frontline #CoronaWarriors ! I  see Doctors  huge stress. LÂ",False,0,,2021-01-05 16:50:48,False,,1346499401653489665,,"<a href=""https://mobile.twitter.com"" rel=""nofollow"">Twitter Web App</a>",logeshnagajyoth,82,True,False,,
105,105,106,"RT @SBMFCofficial: #BREAKING: #India  start #Corona vaccination  Jan 13th

Waiting  see #Marakkar On big screen<f0><U+009F><U+0094><U+00A5><f0><U+009F><U+0091><U+008C> https://.co/FfÂ",False,0,,2021-01-05 16:49:57,False,,1346499187177705472,,"<a href=""http://twitter.com/download/android"" rel=""nofollow"">Twitter for Android</a>",sangeethslal1,14,True,False,,
106,106,107,"#Covid19 #Update<f0><U+009F><U+00A6><U+00A0>
2021-01-05

2 #deaths, 479 new cases  445 recovered  far #today

<U+25AA><U+FE0F>Total #Cases - 45,726
<U+25AA><U+FE0F>Â https://.co/ev5XVIqUaA",False,2,,2021-01-05 16:47:51,True,,1346498659232460801,,"<a href=""http://twitter.com/download/iphone"" rel=""nofollow"">Twitter for iPhone</a>",Naveeth14,0,False,False,,
107,107,108,"RT @TFU_Kannan: #MasterPongal fans, #Eeswaran team &amp; TN theatres ecstatic  100% occupancy announcement  public &amp; healthcare workers wÂ",False,0,,2021-01-05 16:44:25,False,,1346497794790412289,,"<a href=""http://twitter.com/download/android"" rel=""nofollow"">Twitter for Android</a>",skrafim,13,True,False,,
108,108,109,"RT @SuryahSG: I stand  solidarity  Doctors, Health Workers &amp;  frontline #CoronaWarriors ! I  see Doctors  huge stress. LÂ",False,0,,2021-01-05 16:39:08,False,,1346496464248139777,,"<a href=""http://twitter.com/download/android"" rel=""nofollow"">Twitter for Android</a>",pattasDiwali,82,True,False,,
109,109,110,"https://.co/QMUo1fDlQZ

Covid vaccine Procedure , Efficiency  Testing I Is Safe? RAVIKUMAR I SR I TAMILÂ https://.co/FjCsflcTfb",False,0,,2021-01-05 16:23:21,True,,1346492494490476544,,"<a href=""http://twitter.com/download/android"" rel=""nofollow"">Twitter for Android</a>",sahanaind,0,False,False,,
110,110,111,"RT @SuryahSG: I stand  solidarity  Doctors, Health Workers &amp;  frontline #CoronaWarriors ! I  see Doctors  huge stress. LÂ",False,0,,2021-01-05 16:23:03,False,,1346492418808446976,,"<a href=""http://twitter.com/download/iphone"" rel=""nofollow"">Twitter for iPhone</a>",KaarthikeyanGo2,82,True,False,,
111,111,112,"RT @SuryahSG: I stand  solidarity  Doctors, Health Workers &amp;  frontline #CoronaWarriors ! I  see Doctors  huge stress. LÂ",False,0,,2021-01-05 16:12:52,False,,1346489855912525826,,"<a href=""http://twitter.com/download/android"" rel=""nofollow"">Twitter for Android</a>",AshwinAdhi_Ak,82,True,False,,
112,112,113,"RT @SSTweeps: #Corona vaccination  start  Jan 13th   #India...

#BREAKING",False,0,,2021-01-05 15:50:00,False,,1346484101100965888,,"<a href=""http://twitter.com/download/android"" rel=""nofollow"">Twitter for Android</a>",Bijuvij23149710,51,True,False,,
113,113,114,"RT @SSTweeps: #Corona vaccination  start  Jan 13th   #India...

#BREAKING",False,0,,2021-01-05 15:47:12,False,,1346483396508176391,,"<a href=""http://twitter.com/download/android"" rel=""nofollow"">Twitter for Android</a>",kasaltsundram55,51,True,False,,
114,114,115,"#MasterFilm aprum next release #JagameThanthiram  
Before #Corona",False,2,,2021-01-05 15:45:20,False,,1346482926410579968,,"<a href=""http://twitter.com/download/android"" rel=""nofollow"">Twitter for Android</a>",V__KiraN_,0,False,False,,
115,115,116,"RT @SSTweeps: #Corona vaccination  start  Jan 13th   #India...

#BREAKING",False,0,,2021-01-05 15:41:32,False,,1346481969551482882,,"<a href=""http://twitter.com/download/android"" rel=""nofollow"">Twitter for Android</a>",THALA79124739,51,True,False,,
116,116,117,"RT @SuryahSG: I stand  solidarity  Doctors, Health Workers &amp;  frontline #CoronaWarriors ! I  see Doctors  huge stress. LÂ",False,0,,2021-01-05 15:35:54,False,,1346480550438006786,,"<a href=""http://twitter.com/download/android"" rel=""nofollow"">Twitter for Android</a>",rajarss1925,82,True,False,,
