,,,text,favorited,favoriteCount,replyToSN,created,truncated,replyToSID,id,replyToUID,statusSource,screenName,retweetCount,isRetweet,retweeted,longitude,latitude
0,0,1,"RT @Naveeth14: #Engineering #faculty #students tested positive<f0><U+009F><U+00A6><U+00A0>

Out  49 students 8 tested positive  #COVID19   Faculty  EngineÂ",False,0,,2021-02-15 00:25:09,False,,1361109257274462208,,,education_24x7,1,True,False,,
1,1,2,"#Engineering #faculty #students tested positive<f0><U+009F><U+00A6><U+00A0>

Out  49 students 8 tested positive  #COVID19   FacultyÂ https://.co/Gk7AICfxIJ",False,0,,2021-02-14 15:28:26,True,,1360974186647146499,,"<a href=""http://twitter.com/download/iphone"" rel=""nofollow"">Twitter for iPhone</a>",Naveeth14,1,False,False,,
2,2,3,"#Lokubandara #Passedaway

Former #Speaker W.J.M. Lokubandara,    treated  #COVID19 <f0><U+009F><U+00A6><U+00A0>  #IDH, Â https://.co/utktR1mXmV",False,5,,2021-02-14 15:12:49,True,,1360970254822739974,,"<a href=""http://twitter.com/download/iphone"" rel=""nofollow"">Twitter for iPhone</a>",Naveeth14,0,False,False,,
3,3,4,"No decision  enforce island wide lockdown - Army Commander @SilvaShavendra 

https://.co/foNB9u20e7 

#lkaÂ https://.co/b0lFL49APu",False,2,,2021-02-14 14:20:54,True,,1360957189649698819,,"<a href=""https://mobile.twitter.com"" rel=""nofollow"">Twitter Web App</a>",CeylonToday,0,False,False,,
4,4,5,@albertprayan @ChennaiMetRail @CMOTamilNadu Very unfortunate  @ChennaiMetRail authorities  ignorant   cÂ https://.co/3o4dwEbDs1,False,1,albertprayan,2021-02-14 14:00:27,True,1.3608986371490816e+18,1360952044962467840,23046857.0,"<a href=""http://twitter.com/download/android"" rel=""nofollow"">Twitter for Android</a>",netrakanti71,0,False,False,,
5,5,6,"RT @newsradiolk: 865 COVID-19 recoveries discharged  hospitals today, bringing  total recoveries  68,696  active cases  5,766Â",False,0,,2021-02-14 12:34:35,False,,1360930434259972097,,"<a href=""http://twitter.com/download/android"" rel=""nofollow"">Twitter for Android</a>",tharakasenavi,1,True,False,,
6,6,7,"865 COVID-19 recoveries discharged  hospitals today, bringing  total recoveries  68,696  active cases Â https://.co/THK0QbBnGl",False,2,,2021-02-14 10:37:12,True,,1360900893659459585,,"<a href=""https://mobile.twitter.com"" rel=""nofollow"">Twitter Web App</a>",newsradiolk,1,False,False,,
7,7,8,RT @AthulyaOfficial: Palavitha problems (#corona ) come  go konjam chill pannu maapi<f0><U+009F><U+0098><U+008D>Spread positivity<f0><U+009F><U+0098><U+008D>spend quality time  familÂ,False,0,,2021-02-13 18:18:01,False,,1360654476068196357,,"<a href=""http://twitter.com/download/android"" rel=""nofollow"">Twitter for Android</a>",ANITHVJ2,854,True,False,,
8,8,9,"<U+2666><U+FE0F>----------------<U+2666><U+FE0F>2021-02-13<U+2666><U+FE0F>-------------<U+2666><U+FE0F>
Six covid-19 infection deaths  reported  Sri Lanka
#SrilankanÂ https://.co/K2uaspz1L0",False,4,,2021-02-13 17:24:21,True,,1360640972305039360,,"<a href=""http://twitter.com/download/android"" rel=""nofollow"">Twitter for Android</a>",newsdotlk,1,False,False,,
9,9,10,"#BreakingNews  
HAVE BEEN TELLING FLoBIANS RE THE IDIOCY INSIDE THE SCALP IN BELIEVING MYTHS
These vitamins Â lÂ https://.co/i14fQs2bQm",False,0,,2021-02-13 16:08:21,True,,1360621845221834757,,"<a href=""http://twitter.com/download/android"" rel=""nofollow"">Twitter for Android</a>",Wikiayiyaa,0,False,False,,
10,10,11,RT @David_Blacker: More pseudo-scientific lies   #SriLankangovernmentÂ appointed officials. Next step: refuse  vaccinate drinkersÂ,False,0,,2021-02-13 04:26:09,False,,1360445129044070400,,"<a href=""http://twitter.com/download/android"" rel=""nofollow"">Twitter for Android</a>",Mahishini,1,True,False,,
11,11,12,More pseudo-scientific lies   #SriLankangovernmentÂ appointed officials. Next step: refuse  vaccinate driÂ https://.co/z7PLRCJxaG,False,2,,2021-02-13 03:31:21,True,,1360431340512976899,,"<a href=""http://twitter.com/download/iphone"" rel=""nofollow"">Twitter for iPhone</a>",David_Blacker,1,False,False,,
12,12,13,"RT @infodprtsl: <U+2666><U+FE0F>----------------<U+2666><U+FE0F>2021-02-12<U+2666><U+FE0F>-------------<U+2666><U+FE0F>
408 Covid-19 patients  reported
#Srilankan #Srilanka #lka #Lanka #CeyloÂ",False,0,,2021-02-12 16:31:34,False,,1360265297454792706,,,UCRGalle,2,True,False,,
13,13,14,"<U+2666><U+FE0F>----------------<U+2666><U+FE0F>2021-02-12<U+2666><U+FE0F>-------------<U+2666><U+FE0F>
408 Covid-19 patients  reported
#Srilankan #Srilanka #lkaÂ https://.co/gnuvihwB7w",False,2,,2021-02-12 16:29:27,True,,1360264766753624067,,"<a href=""https://mobile.twitter.com"" rel=""nofollow"">Twitter Web App</a>",infodprtsl,2,False,False,,
14,14,15,RT @viraj_stayhappy: @Aariarujunan Happy birthday aari bro. V love  v always love u... #Aari #HappyBirthdayAari bro. @AariArjunan #CoronÂ,False,0,,2021-02-12 16:07:22,False,,1360259210215235594,,"<a href=""https://mobile.twitter.com"" rel=""nofollow"">Twitter Web App</a>",mohanraj947,6,True,False,,
15,15,16,Brexit worries youngsters  Britain   Corona: Study #Brexit #Britain #Corona #Study https://.co/sKTfIsHMzH,False,0,,2021-02-12 14:22:48,False,,1360232895856611331,,"<a href=""https://hocalwire.com"" rel=""nofollow"">Hocalwire Social Share</a>",madhyamam_eng,0,False,False,,
16,16,17,RT @viraj_stayhappy: @Aariarujunan Happy birthday aari bro. V love  v always love u... #Aari #HappyBirthdayAari bro. @AariArjunan #CoronÂ,False,0,,2021-02-12 14:21:00,False,,1360232439549841415,,"<a href=""http://twitter.com/download/android"" rel=""nofollow"">Twitter for Android</a>",DPKquotes,6,True,False,,
17,17,18,RT @viraj_stayhappy: @Aariarujunan Happy birthday aari bro. V love  v always love u... #Aari #HappyBirthdayAari bro. @AariArjunan #CoronÂ,False,0,,2021-02-12 10:56:58,False,,1360181092892827649,,"<a href=""http://twitter.com/download/android"" rel=""nofollow"">Twitter for Android</a>",koushaya,6,True,False,,
18,18,19,"Over 4,500 inmates test positive  COVID-19 

https://.co/mXQHxTnap3 

#lka #SriLanka #COVID19SL #COVID19LKÂ https://.co/jIRVWSzZyU",False,1,,2021-02-12 10:03:41,True,,1360167686030807046,,"<a href=""https://mobile.twitter.com"" rel=""nofollow"">Twitter Web App</a>",CeylonToday,0,False,False,,
19,19,20,RT @viraj_stayhappy: @Aariarujunan Happy birthday aari bro. V love  v always love u... #Aari #HappyBirthdayAari bro. @AariArjunan #CoronÂ,False,0,,2021-02-12 06:53:27,False,,1360119809933864965,,"<a href=""http://twitter.com/download/android"" rel=""nofollow"">Twitter for Android</a>",Rohin_Dfan,6,True,False,,
20,20,21,RT @viraj_stayhappy: @Aariarujunan Happy birthday aari bro. V love  v always love u... #Aari #HappyBirthdayAari bro. @AariArjunan #CoronÂ,False,0,,2021-02-12 06:42:19,False,,1360117009527148546,,"<a href=""http://twitter.com/download/android"" rel=""nofollow"">Twitter for Android</a>",venkatesTweets,6,True,False,,
21,21,22,RT @viraj_stayhappy: @Aariarujunan Happy birthday aari bro. V love  v always love u... #Aari #HappyBirthdayAari bro. @AariArjunan #CoronÂ,False,0,,2021-02-12 05:56:33,False,,1360105490152235012,,"<a href=""https://mobile.twitter.com"" rel=""nofollow"">Twitter Web App</a>",Sudheesh0704,6,True,False,,
22,22,23,@Aariarujunan Happy birthday aari bro. V love  v always love u... #Aari #HappyBirthdayAari bro. @AariArjunanÂ https://.co/P9JjJjmy65,False,18,Aariarujunan,2021-02-12 05:48:15,True,,1360103403624353793,216767106.0,"<a href=""http://twitter.com/download/android"" rel=""nofollow"">Twitter for Android</a>",viraj_stayhappy,6,False,False,,
23,23,24,"RT @infodprtsl: Four covid-19 infection deaths  reported  Sri Lanka
#Srilankan #Srilanka #lka #Lanka #Ceylon #DGI #Government #InformÂ",False,0,,2021-02-12 01:11:46,False,,1360033825653362690,,"<a href=""https://mobile.twitter.com"" rel=""nofollow"">Twitter Web App</a>",rehanumfernando,3,True,False,,
24,24,25,"RT @infodprtsl: <U+2666><U+FE0F>----------------<U+2666><U+FE0F>2021-02-11<U+2666><U+FE0F>-------------<U+2666><U+FE0F>
403 Covid-19 patients  reported
#Srilankan #Srilanka #lka #Lanka #CeyloÂ",False,0,,2021-02-11 19:31:35,False,,1359948212740608000,,,UCRGalle,2,True,False,,
25,25,26,"RT @infodprtsl: Four covid-19 infection deaths  reported  Sri Lanka
#Srilankan #Srilanka #lka #Lanka #Ceylon #DGI #Government #InformÂ",False,0,,2021-02-11 19:31:03,False,,1359948079344930816,,,UCRGalle,3,True,False,,
26,26,27,"Four covid-19 infection deaths  reported  Sri Lanka
#Srilankan #Srilanka #lka #Lanka #Ceylon #DGI #GovernmentÂ https://.co/FefuUQDNPg",False,2,,2021-02-11 17:28:47,True,,1359917309863686148,,"<a href=""https://mobile.twitter.com"" rel=""nofollow"">Twitter Web App</a>",infodprtsl,3,False,False,,
27,27,28,"<U+2666><U+FE0F>----------------<U+2666><U+FE0F>2021-02-11<U+2666><U+FE0F>-------------<U+2666><U+FE0F>
403 Covid-19 patients  reported
#Srilankan #Srilanka #lkaÂ https://.co/5aKV7aRtRI",False,2,,2021-02-11 16:34:31,True,,1359903652266184706,,"<a href=""https://mobile.twitter.com"" rel=""nofollow"">Twitter Web App</a>",infodprtsl,2,False,False,,
28,28,29,"RT @infodprtsl: <U+2666><U+FE0F>----------------<U+2666><U+FE0F>2021-02-11<U+2666><U+FE0F>-------------<U+2666><U+FE0F>
536 Covid-19 patients  reported
#Srilankan #Srilanka #lka #Lanka #CeyloÂ",False,0,,2021-02-11 15:31:34,False,,1359887813173383176,,,UCRGalle,3,True,False,,
29,29,30,"RT @infodprtsl: <U+2666><U+FE0F>----------------<U+2666><U+FE0F>2021-02-11<U+2666><U+FE0F>-------------<U+2666><U+FE0F>
536 Covid-19 patients  reported
#Srilankan #Srilanka #lka #Lanka #CeyloÂ",False,0,,2021-02-11 14:09:35,False,,1359867181970776072,,"<a href=""http://twitter.com/download/android"" rel=""nofollow"">Twitter for Android</a>",wkcprasad,3,True,False,,
30,30,31,"<U+2666><U+FE0F>----------------<U+2666><U+FE0F>2021-02-11<U+2666><U+FE0F>-------------<U+2666><U+FE0F>
536 Covid-19 patients  reported
#Srilankan #Srilanka #lkaÂ https://.co/rdjx5GgAEx",False,2,,2021-02-11 14:02:45,True,,1359865459273654282,,"<a href=""https://mobile.twitter.com"" rel=""nofollow"">Twitter Web App</a>",infodprtsl,3,False,False,,
31,31,32,"RT @CeylonToday: Is  Government backpedaling decision  Covid 19 burials? 

https://.co/KcvNO9wcXS 

#lka #SriLanka #government #SLgovÂ",False,0,,2021-02-11 09:08:49,False,,1359791488700305411,,"<a href=""http://twitter.com/download/android"" rel=""nofollow"">Twitter for Android</a>",vinshakar,1,True,False,,
32,32,33,"https://.co/MZDJTSp4UV
""They Pledged  Donate Rights  Their COVID Vaccine, Then Sold Them  Pharma - urged Â https://.co/DR3CxgMZ6e",False,0,,2021-02-11 08:59:47,True,,1359789216666816516,,"<a href=""https://mobile.twitter.com"" rel=""nofollow"">Twitter Web App</a>",arsmenon,0,False,False,,
33,33,34,"Is  Government backpedaling decision  Covid 19 burials? 

https://.co/KcvNO9wcXS 

#lka #SriLanka #governmentÂ https://.co/pUKUcOkQh9",False,2,,2021-02-11 08:44:38,True,,1359785402480009218,,"<a href=""https://mobile.twitter.com"" rel=""nofollow"">Twitter Web App</a>",CeylonToday,1,False,False,,
34,34,35,"RT @CeylonToday: Sri Lanka  receive 3.1mn vaccines  end  Feb. 

https://.co/i8SGzxFpJG 

#lka #SriLanka #COVID19 #COVID19VaccinationÂ",False,0,,2021-02-11 08:06:38,False,,1359775841123790849,,"<a href=""https://twitter.com/guineetags"" rel=""nofollow"">#COVID19</a>",GuineeTags,1,True,False,,
35,35,36,"Sri Lanka  receive 3.1mn vaccines  end  Feb. 

https://.co/i8SGzxFpJG 

#lka #SriLanka #COVID19Â https://.co/i0QPwdhKEP",False,4,,2021-02-11 08:06:09,True,,1359775719765676034,,"<a href=""https://mobile.twitter.com"" rel=""nofollow"">Twitter Web App</a>",CeylonToday,1,False,False,,
36,36,37,"U.S. Ambassador @USAmbSLM commends @PresRajapaksa' decision  bury Covid-19 victims 

https://.co/vu3UpunSjBÂ https://.co/85g7w0imw1",False,1,,2021-02-11 07:59:45,True,,1359774109408714754,,"<a href=""https://mobile.twitter.com"" rel=""nofollow"">Twitter Web App</a>",CeylonToday,0,False,False,,
37,37,38,"--------------------2021-02-10----------------------------------------
Isolation Lifted

#Srilankan #CoronavirusÂ https://.co/oXvytGOjaZ",False,1,,2021-02-10 15:02:26,True,,1359518091974045699,,"<a href=""http://twitter.com/download/android"" rel=""nofollow"">Twitter for Android</a>",newsdotlk,1,False,False,,
38,38,39,My new video  technews. Please #subscribe  please #support  #technology #technews #CoronaÂ https://.co/11ghCN4cXF,False,2,,2021-02-10 13:32:14,True,,1359495393671716867,,"<a href=""http://twitter.com/download/android"" rel=""nofollow"">Twitter for Android</a>",viraj_stayhappy,0,False,False,,
39,39,40,"@chindusboutique
.
Happy  launch  safety product  elegant look   affordable price<U+2728>
.
#unisex
#masksÂ https://.co/cb5KwDCnoz",False,1,chindusboutique,2021-02-10 09:28:30,True,,1359434055813537800,1.32349352818645e+18,"<a href=""http://twitter.com/download/android"" rel=""nofollow"">Twitter for Android</a>",chindusboutique,0,False,False,,
40,40,41,"C. B. Ratnayake receives jab  COVID-19 

https://.co/fkU8FGd8O9 

#lka #SriLanka #vaccinatiestrategieÂ https://.co/7TD16a7KiU",False,0,,2021-02-10 07:21:24,True,,1359402068797132801,,"<a href=""https://mobile.twitter.com"" rel=""nofollow"">Twitter Web App</a>",CeylonToday,0,False,False,,
41,41,42,"Over 174,000 people vaccinated 

https://.co/rc1zjVv4nx 

#lka #SriLanka #COVID19 #COVID19LK #COVID19SL #COVID19LKÂ https://.co/IZqAl97JYK",False,0,,2021-02-10 04:51:41,True,,1359364390777024514,,"<a href=""https://mobile.twitter.com"" rel=""nofollow"">Twitter Web App</a>",CeylonToday,0,False,False,,
42,42,43,RT @oiii_selfie: https://.co/KQkx9GzI8P  government  like  #MKStalin #closetheschoolforstudents #noreopenforstudents  plzzzz sharÂ,False,0,,2021-02-09 15:22:39,False,,1359160792101380109,,"<a href=""http://twitter.com/download/android"" rel=""nofollow"">Twitter for Android</a>",Aish98100397,1,True,False,,
43,43,44,https://.co/KQkx9GzI8P  government  like  #MKStalin #closetheschoolforstudents #noreopenforstudents  plzzÂ https://.co/HRh01S3xUx,False,4,,2021-02-09 13:27:55,True,,1359131916557975556,,"<a href=""http://twitter.com/download/android"" rel=""nofollow"">Twitter for Android</a>",oiii_selfie,1,False,False,,
44,44,45,"Love  tell  
#china ka #corona ka sab ka bdla lenge yeh Mr.  Mrs. Bakshi. @IndiGo6e #FlyBakshiFly",False,0,,2021-02-09 12:30:51,False,,1359117558503276547,,"<a href=""http://twitter.com/download/android"" rel=""nofollow"">Twitter for Android</a>",raj_kumawat_m,0,False,False,,
45,45,46,"RT @CeylonToday: Alarming increase  number  Covid positive cases - @GMOASL 

https://.co/5os1eFIFuh 

#lka #SriLanka #COVID19 #Covid_1Â",False,0,,2021-02-09 11:25:20,False,,1359101071021412354,,"<a href=""https://mobile.twitter.com"" rel=""nofollow"">Twitter Web App</a>",Lasaa_V,1,True,False,,
46,46,47,"Alarming increase  number  Covid positive cases - @GMOASL 

https://.co/5os1eFIFuh 

#lka #SriLanka #COVID19Â https://.co/cpK22w0Wow",False,0,,2021-02-09 10:54:19,True,,1359093265165811712,,"<a href=""https://mobile.twitter.com"" rel=""nofollow"">Twitter Web App</a>",CeylonToday,1,False,False,,
47,47,48,"$180mn  loans  support sectors affected  Covid - @AIIB_Official 

https://.co/EnzpRM6Ngq 

#lka #SriLankaÂ https://.co/3yyOsfIWR5",False,0,,2021-02-09 06:00:48,True,,1359019399571644416,,"<a href=""https://mobile.twitter.com"" rel=""nofollow"">Twitter Web App</a>",CeylonToday,0,False,False,,
48,48,49,"RT @newsdotlk: Following Areas   released  Isolation - 2021.02.09 
--------------------------------------------------------------Â",False,0,,2021-02-09 05:31:03,False,,1359011910427967495,,,UCRGalle,2,True,False,,
49,49,50,"Following Areas   released  Isolation - 2021.02.09 
-----------------------------------------------------Â https://.co/Hi7yBJAGM6",False,4,,2021-02-09 05:12:14,True,,1359007175058759681,,"<a href=""https://mobile.twitter.com"" rel=""nofollow"">Twitter Web App</a>",newsdotlk,2,False,False,,
50,50,51,"Isolation imposed  several areas lifted 

https://.co/3ClNDX3gaK 

#lka #SriLanka #Isolation #CoronaÂ https://.co/wbPjizTRfk",False,1,,2021-02-09 04:12:17,True,,1358992088545718274,,"<a href=""https://mobile.twitter.com"" rel=""nofollow"">Twitter Web App</a>",CeylonToday,0,False,False,,
51,51,52,"RT @CeylonToday: COVID-19: 131  attended  wedding test positive

https://.co/MuOgX6pFFW 

#lka #SriLanka #COVID19SL #COVID<U+30FC>19 #COVID19Â",False,0,,2021-02-09 01:11:08,False,,1358946499250425858,,"<a href=""https://mobile.twitter.com"" rel=""nofollow"">Twitter Web App</a>",Lasaa_V,2,True,False,,
52,52,53,"2019 Dec | China #CoronaVirus Timeline
A man   70s starts experiencing symptoms. He  later admitted   hosÂ https://.co/m2Rfswourd",False,0,,2021-02-08 21:37:28,True,,1358892731116961793,,"<a href=""https://mobile.twitter.com"" rel=""nofollow"">Twitter Web App</a>",nadun_don,0,False,False,,
53,53,54,"New #COVID-19 rules  #AbuDhabi  Sharjah explained...
Malls, restaurants  operate  reduced capacity  Â https://.co/53zZw7FvPL",False,2,,2021-02-08 15:10:46,True,,1358795412925153281,,"<a href=""http://twitter.com/download/android"" rel=""nofollow"">Twitter for Android</a>",PravasiBoard,1,False,False,,
54,54,55,"COVID-19 Update : Prisons clusters 

https://.co/xb4TY5CHsi 

#lka #SriLanka #Prisons #COVID19SL #COVID<U+30FC>19Â https://.co/wzkTPGys1m",False,0,,2021-02-08 12:09:58,True,,1358749915745116160,,"<a href=""https://mobile.twitter.com"" rel=""nofollow"">Twitter Web App</a>",CeylonToday,0,False,False,,
55,55,56,"RT @CeylonToday: COVID-19: 131  attended  wedding test positive

https://.co/MuOgX6pFFW 

#lka #SriLanka #COVID19SL #COVID<U+30FC>19 #COVID19Â",False,0,,2021-02-08 10:45:32,False,,1358728665379426304,,"<a href=""http://twitter.com/download/iphone"" rel=""nofollow"">Twitter for iPhone</a>",ahmed_shiham,2,True,False,,
56,56,57,"COVID-19: 131  attended  wedding test positive

https://.co/MuOgX6pFFW 

#lka #SriLanka #COVID19SL #COVID<U+30FC>19Â https://.co/vTOUy1Lqwx",False,0,,2021-02-08 10:43:06,True,,1358728052344119298,,"<a href=""https://mobile.twitter.com"" rel=""nofollow"">Twitter Web App</a>",CeylonToday,2,False,False,,
57,57,58,"11, 831 #Corona  cases  24 hours across India

#coronavirus #Covid_19 #people 

Read More :
https://.co/BQrfwsP1uc",False,0,,2021-02-08 09:31:13,False,,1358709963225399303,,"<a href=""https://mobile.twitter.com"" rel=""nofollow"">Twitter Web App</a>",Updatenews360E,0,False,False,,
58,58,59,"35 CDF members test positive  COVID-19 

https://.co/Lal0VQJNOE 

#lka #SriLanka #CdF #COVID19 #COVID<U+30FC>19Â https://.co/Dboh4OYrf5",False,0,,2021-02-08 09:09:10,True,,1358704414408593408,,"<a href=""https://mobile.twitter.com"" rel=""nofollow"">Twitter Web App</a>",CeylonToday,0,False,False,,
59,59,60,"MP'  undergo PCR Tests  Parliament

@ParliamentLK 

https://.co/j79uRZzJvm 

#lka #SriLanka #PCR #ParliamentÂ https://.co/IgQ6wrzkFu",False,0,,2021-02-08 07:20:37,True,,1358677095333785601,,"<a href=""https://mobile.twitter.com"" rel=""nofollow"">Twitter Web App</a>",CeylonToday,0,False,False,,
60,60,61,"RT @KThadsithan24: @AlluSirish @AlluSirish anna,  ' told  words  cure  recover,  pandemic #corona   @Suriya_offlÂ",False,0,,2021-02-08 06:41:25,False,,1358667231849156610,,"<a href=""http://twitter.com/download/android"" rel=""nofollow"">Twitter for Android</a>",Mohan_Maara,17,True,False,,
61,61,62,"Repatriations  continue: NOCPCO Head @SilvaShavendra 

https://.co/7RF8xu82iS 

#lka #SriLanka #COVID19Â https://.co/3rAO723c79",False,1,,2021-02-08 06:02:35,True,,1358657457715699713,,"<a href=""https://mobile.twitter.com"" rel=""nofollow"">Twitter Web App</a>",CeylonToday,1,False,False,,
62,62,63,"RT @KThadsithan24: @AlluSirish @AlluSirish anna,  ' told  words  cure  recover,  pandemic #corona   @Suriya_offlÂ",False,0,,2021-02-08 05:41:55,False,,1358652258141933568,,"<a href=""http://twitter.com/download/android"" rel=""nofollow"">Twitter for Android</a>",HarishKanna2002,17,True,False,,
63,63,64,"RT @KThadsithan24: @AlluSirish @AlluSirish anna,  ' told  words  cure  recover,  pandemic #corona   @Suriya_offlÂ",False,0,,2021-02-08 05:37:50,False,,1358651228436058112,,"<a href=""http://twitter.com/download/android"" rel=""nofollow"">Twitter for Android</a>",AnjanSfc,17,True,False,,
64,64,65,"RT @KThadsithan24: @AlluSirish @AlluSirish anna,  ' told  words  cure  recover,  pandemic #corona   @Suriya_offlÂ",False,0,,2021-02-08 05:37:15,False,,1358651083300605952,,"<a href=""http://twitter.com/download/android"" rel=""nofollow"">Twitter for Android</a>",PrakaEdtis,17,True,False,,
65,65,66,"@AlluSirish @AlluSirish anna,  ' told  words  cure  recover,  pandemic #corona  Â https://.co/Np982HbzNl",False,2,AlluSirish,2021-02-08 05:36:39,True,1.3547193321697034e+18,1358650930732752896,2260572416.0,"<a href=""http://twitter.com/download/android"" rel=""nofollow"">Twitter for Android</a>",KThadsithan24,17,False,False,,
66,66,67,"Tri-Forces vaccination drive complete - Army Commander @SilvaShavendra 

https://.co/eT64uIsOY5 

#lka #SriLankaÂ https://.co/s9idJjCver",False,1,,2021-02-08 05:01:28,True,,1358642077429497857,,"<a href=""https://mobile.twitter.com"" rel=""nofollow"">Twitter Web App</a>",CeylonToday,0,False,False,,
67,67,68,"Sri Lankan #Muslims   #Corona #Phobia,

Every places  creating #Phychological issues within Â https://.co/OX8zUjpFbD",False,2,,2021-02-08 02:30:51,True,,1358604173172875265,,"<a href=""http://twitter.com/download/android"" rel=""nofollow"">Twitter for Android</a>",Mujeeb_UrRahman,0,False,False,,
