,,,text,favorited,favoriteCount,replyToSN,created,truncated,replyToSID,id,replyToUID,statusSource,screenName,retweetCount,isRetweet,retweeted,longitude,latitude
0,0,1,"10  joined  Covid list   Nilgiris  Wednesday.

#CoronaVirus #Corona #TheCovaiPost #Nilgiris 

https://.co/Rr6aKEzFYU",False,0,,2021-01-06 15:19:22,False,,1346838777906352128,,"<a href=""http://twitter.com/download/android"" rel=""nofollow"">Twitter for Android</a>",CovaiPost,0,False,False,,
1,1,2,"RT @akshyathala: https://.co/zUsG2aifmh

<f0><U+009F><U+0098><U+00B1><f0><U+009F><U+0098><U+00B1><f0><U+009F><U+0098><U+00B1> watch  video... 

#Valimai #wednesdaythought #<U+0BAA><U+0BC6><U+0BA3><U+0BCD><U+0B95><U+0BB3><U+0BBF><U+0BA9><U+0BCD>_<U+0B8E><U+0BA4><U+0BBF><U+0BB0><U+0BBF>_<U+0B85><U+0BA4><U+0BBF><U+0BAE><U+0BC1><U+0B95> #<U+0915><U+0930><U+0947><U+0902>_<U+092F><U+094B><U+0917><U+0926><U+093E><U+0928>_<U+0930><U+093E><U+092E><U+0932><U+0932><U+093E>_Â",False,0,,2021-01-06 15:18:23,False,,1346838531486846977,,"<a href=""http://twitter.com/download/android"" rel=""nofollow"">Twitter for Android</a>",thalapavijay,9,True,False,,
2,2,3,"""India  ready  give Sri Lanka  COVID-19 vaccine"" ; Dr. Jaishankar https://.co/q4bBhF6h4p 
@GotabayaRÂ https://.co/JphJeEWVOh",False,2,,2021-01-06 15:01:58,True,,1346834400038641665,,"<a href=""https://mobile.twitter.com"" rel=""nofollow"">Twitter Web App</a>",CeylonToday,0,False,False,,
3,3,4,"RT @TFU_Kannan: #MasterPongal fans, #Eeswaran team &amp; TN theatres ecstatic  100% occupancy announcement  public &amp; healthcare workers wÂ",False,0,,2021-01-06 14:04:02,False,,1346819820658909186,,"<a href=""http://twitter.com/download/android"" rel=""nofollow"">Twitter for Android</a>",AjithSadha,13,True,False,,
4,4,5,"COVID positive escapee  arrested https://.co/ZegdqAldcA 

#COVID19SL #COVID19LK #CORONA #SriLanka #lka #COVID19 #Arrest",False,1,,2021-01-06 13:48:56,False,,1346816018266537984,,"<a href=""https://mobile.twitter.com"" rel=""nofollow"">Twitter Web App</a>",CeylonToday,0,False,False,,
5,5,6,"RT @SureshPoorvika: Distance makes us stronger. Practice, follow  abide  #socialdistancing   part  #flattenthecurve. 

#PoorvÂ",False,0,,2021-01-06 13:00:43,False,,1346803884757405696,,"<a href=""http://twitter.com/download/android"" rel=""nofollow"">Twitter for Android</a>",Gopalkr02754836,20,True,False,,
6,6,7,"This promo  purely  #corona <f0><U+009F><U+0098><U+0082>
#MasterPromo #MasterFilm @actorvijay",False,1,,2021-01-06 12:37:13,False,,1346797973955440645,,"<a href=""http://twitter.com/download/android"" rel=""nofollow"">Twitter for Android</a>",Kishore13466627,0,False,False,,
7,7,8,"May God Forbid.
Attached pic would   case,  paddling #Corona instead get  wt life  #medicine findÂ https://.co/B0VGcK3i80",False,0,,2021-01-06 11:15:27,True,,1346777396113006592,,"<a href=""https://mobile.twitter.com"" rel=""nofollow"">Twitter Web App</a>",MkncMb,0,False,False,,
8,8,9,"RT @akshyathala: https://.co/zUsG2aifmh

<f0><U+009F><U+0098><U+00B1><f0><U+009F><U+0098><U+00B1><f0><U+009F><U+0098><U+00B1> watch  video... 

#Valimai #wednesdaythought #<U+0BAA><U+0BC6><U+0BA3><U+0BCD><U+0B95><U+0BB3><U+0BBF><U+0BA9><U+0BCD>_<U+0B8E><U+0BA4><U+0BBF><U+0BB0><U+0BBF>_<U+0B85><U+0BA4><U+0BBF><U+0BAE><U+0BC1><U+0B95> #<U+0915><U+0930><U+0947><U+0902>_<U+092F><U+094B><U+0917><U+0926><U+093E><U+0928>_<U+0930><U+093E><U+092E><U+0932><U+0932><U+093E>_Â",False,0,,2021-01-06 11:06:17,False,,1346775089002364928,,"<a href=""https://mobile.twitter.com"" rel=""nofollow"">Twitter Web App</a>",ArJunMohanan13,9,True,False,,
9,9,10,"RT @akshyathala: https://.co/zUsG2aifmh

<f0><U+009F><U+0098><U+00B1><f0><U+009F><U+0098><U+00B1><f0><U+009F><U+0098><U+00B1> watch  video... 

#Valimai #wednesdaythought #<U+0BAA><U+0BC6><U+0BA3><U+0BCD><U+0B95><U+0BB3><U+0BBF><U+0BA9><U+0BCD>_<U+0B8E><U+0BA4><U+0BBF><U+0BB0><U+0BBF>_<U+0B85><U+0BA4><U+0BBF><U+0BAE><U+0BC1><U+0B95> #<U+0915><U+0930><U+0947><U+0902>_<U+092F><U+094B><U+0917><U+0926><U+093E><U+0928>_<U+0930><U+093E><U+092E><U+0932><U+0932><U+093E>_Â",False,0,,2021-01-06 11:04:46,False,,1346774704657317889,,"<a href=""https://mobile.twitter.com"" rel=""nofollow"">Twitter Web App</a>",KingMaker_offc,9,True,False,,
10,10,11,"RT @akshyathala: https://.co/zUsG2aifmh

<f0><U+009F><U+0098><U+00B1><f0><U+009F><U+0098><U+00B1><f0><U+009F><U+0098><U+00B1> watch  video... 

#Valimai #wednesdaythought #<U+0BAA><U+0BC6><U+0BA3><U+0BCD><U+0B95><U+0BB3><U+0BBF><U+0BA9><U+0BCD>_<U+0B8E><U+0BA4><U+0BBF><U+0BB0><U+0BBF>_<U+0B85><U+0BA4><U+0BBF><U+0BAE><U+0BC1><U+0B95> #<U+0915><U+0930><U+0947><U+0902>_<U+092F><U+094B><U+0917><U+0926><U+093E><U+0928>_<U+0930><U+093E><U+092E><U+0932><U+0932><U+093E>_Â",False,0,,2021-01-06 10:51:42,False,,1346771418302865410,,"<a href=""https://mobile.twitter.com"" rel=""nofollow"">Twitter Web App</a>",thalaajith__6,9,True,False,,
11,11,12,"RT @akshyathala: https://.co/zUsG2aifmh

<f0><U+009F><U+0098><U+00B1><f0><U+009F><U+0098><U+00B1><f0><U+009F><U+0098><U+00B1> watch  video... 

#Valimai #wednesdaythought #<U+0BAA><U+0BC6><U+0BA3><U+0BCD><U+0B95><U+0BB3><U+0BBF><U+0BA9><U+0BCD>_<U+0B8E><U+0BA4><U+0BBF><U+0BB0><U+0BBF>_<U+0B85><U+0BA4><U+0BBF><U+0BAE><U+0BC1><U+0B95> #<U+0915><U+0930><U+0947><U+0902>_<U+092F><U+094B><U+0917><U+0926><U+093E><U+0928>_<U+0930><U+093E><U+092E><U+0932><U+0932><U+093E>_Â",False,0,,2021-01-06 10:48:36,False,,1346770636899815426,,"<a href=""https://mobile.twitter.com"" rel=""nofollow"">Twitter Web App</a>",legendkiller__6,9,True,False,,
12,12,13,"RT @akshyathala: https://.co/zUsG2aifmh

<f0><U+009F><U+0098><U+00B1><f0><U+009F><U+0098><U+00B1><f0><U+009F><U+0098><U+00B1> watch  video... 

#Valimai #wednesdaythought #<U+0BAA><U+0BC6><U+0BA3><U+0BCD><U+0B95><U+0BB3><U+0BBF><U+0BA9><U+0BCD>_<U+0B8E><U+0BA4><U+0BBF><U+0BB0><U+0BBF>_<U+0B85><U+0BA4><U+0BBF><U+0BAE><U+0BC1><U+0B95> #<U+0915><U+0930><U+0947><U+0902>_<U+092F><U+094B><U+0917><U+0926><U+093E><U+0928>_<U+0930><U+093E><U+092E><U+0932><U+0932><U+093E>_Â",False,0,,2021-01-06 10:45:46,False,,1346769924962848768,,"<a href=""https://mobile.twitter.com"" rel=""nofollow"">Twitter Web App</a>",glen_maxi__6,9,True,False,,
13,13,14,"RT @akshyathala: https://.co/zUsG2aifmh

<f0><U+009F><U+0098><U+00B1><f0><U+009F><U+0098><U+00B1><f0><U+009F><U+0098><U+00B1> watch  video... 

#Valimai #wednesdaythought #<U+0BAA><U+0BC6><U+0BA3><U+0BCD><U+0B95><U+0BB3><U+0BBF><U+0BA9><U+0BCD>_<U+0B8E><U+0BA4><U+0BBF><U+0BB0><U+0BBF>_<U+0B85><U+0BA4><U+0BBF><U+0BAE><U+0BC1><U+0B95> #<U+0915><U+0930><U+0947><U+0902>_<U+092F><U+094B><U+0917><U+0926><U+093E><U+0928>_<U+0930><U+093E><U+092E><U+0932><U+0932><U+093E>_Â",False,0,,2021-01-06 10:42:20,False,,1346769062181781509,,"<a href=""https://mobile.twitter.com"" rel=""nofollow"">Twitter Web App</a>",mammukka__6,9,True,False,,
14,14,15,"RT @akshyathala: https://.co/zUsG2aifmh

<f0><U+009F><U+0098><U+00B1><f0><U+009F><U+0098><U+00B1><f0><U+009F><U+0098><U+00B1> watch  video... 

#Valimai #wednesdaythought #<U+0BAA><U+0BC6><U+0BA3><U+0BCD><U+0B95><U+0BB3><U+0BBF><U+0BA9><U+0BCD>_<U+0B8E><U+0BA4><U+0BBF><U+0BB0><U+0BBF>_<U+0B85><U+0BA4><U+0BBF><U+0BAE><U+0BC1><U+0B95> #<U+0915><U+0930><U+0947><U+0902>_<U+092F><U+094B><U+0917><U+0926><U+093E><U+0928>_<U+0930><U+093E><U+092E><U+0932><U+0932><U+093E>_Â",False,0,,2021-01-06 10:38:39,False,,1346768133718216704,,"<a href=""https://mobile.twitter.com"" rel=""nofollow"">Twitter Web App</a>",ben10__6,9,True,False,,
15,15,16,"RT @akshyathala: https://.co/zUsG2aifmh

<f0><U+009F><U+0098><U+00B1><f0><U+009F><U+0098><U+00B1><f0><U+009F><U+0098><U+00B1> watch  video... 

#Valimai #wednesdaythought #<U+0BAA><U+0BC6><U+0BA3><U+0BCD><U+0B95><U+0BB3><U+0BBF><U+0BA9><U+0BCD>_<U+0B8E><U+0BA4><U+0BBF><U+0BB0><U+0BBF>_<U+0B85><U+0BA4><U+0BBF><U+0BAE><U+0BC1><U+0B95> #<U+0915><U+0930><U+0947><U+0902>_<U+092F><U+094B><U+0917><U+0926><U+093E><U+0928>_<U+0930><U+093E><U+092E><U+0932><U+0932><U+093E>_Â",False,0,,2021-01-06 10:31:34,False,,1346766350966947840,,"<a href=""http://twitter.com/download/android"" rel=""nofollow"">Twitter for Android</a>",akshyathala,9,True,False,,
16,16,17,"https://.co/zUsG2aifmh

<f0><U+009F><U+0098><U+00B1><f0><U+009F><U+0098><U+00B1><f0><U+009F><U+0098><U+00B1> watch  video... 

#Valimai #wednesdaythought #<U+0BAA><U+0BC6><U+0BA3><U+0BCD><U+0B95><U+0BB3><U+0BBF><U+0BA9><U+0BCD>_<U+0B8E><U+0BA4><U+0BBF><U+0BB0><U+0BBF>_<U+0B85><U+0BA4><U+0BBF><U+0BAE><U+0BC1><U+0B95>Â https://.co/B2ywkeH6Qt",False,0,,2021-01-06 10:30:55,True,,1346766186818588673,,"<a href=""http://twitter.com/download/android"" rel=""nofollow"">Twitter for Android</a>",akshyathala,9,False,False,,
17,17,18,"RT @SBMFCofficial: #BREAKING: #India  start #Corona vaccination  Jan 13th

Waiting  see #Marakkar On big screen<f0><U+009F><U+0094><U+00A5><f0><U+009F><U+0091><U+008C> https://.co/FfÂ",False,0,,2021-01-06 09:23:22,False,,1346749187187064832,,"<a href=""https://mobile.twitter.com"" rel=""nofollow"">Twitter Web App</a>",2Primus,14,True,False,,
18,18,19,"RT @SBMFCofficial: #BREAKING: #India  start #Corona vaccination  Jan 13th

Waiting  see #Marakkar On big screen<f0><U+009F><U+0094><U+00A5><f0><U+009F><U+0091><U+008C> https://.co/FfÂ",False,0,,2021-01-06 09:13:22,False,,1346746670000660480,,"<a href=""http://twitter.com/download/android"" rel=""nofollow"">Twitter for Android</a>",Harikri55910727,14,True,False,,
19,19,20,"RT @newsdotlk: Following areas   newly isolated   isolation   removed today (06)
#Srilankan #Srilanka #lka #Lanka #CeylonÂ",False,0,,2021-01-06 09:03:38,False,,1346744224142618624,,"<a href=""http://twitter.com/download/android"" rel=""nofollow"">Twitter for Android</a>",LankaVoice,3,True,False,,
20,20,21,"RT @newsdotlk: Following areas   newly isolated   isolation   removed today (06)
#Srilankan #Srilanka #lka #Lanka #CeylonÂ",False,0,,2021-01-06 07:31:03,False,,1346720924079443968,,,UCRGalle,3,True,False,,
21,21,22,"Following areas   newly isolated   isolation   removed today (06)
#Srilankan #Srilanka #lkaÂ https://.co/lFgkniRf6f",False,4,,2021-01-06 06:47:13,True,,1346709893592584192,,"<a href=""https://mobile.twitter.com"" rel=""nofollow"">Twitter Web App</a>",newsdotlk,3,False,False,,
22,22,23,"Vaccine expected  April, frontline workers   prioritised : Lalith Weeratunga https://.co/N6lTcE1ZlP 
#lkÂ https://.co/ZpiVghAThN",False,1,,2021-01-06 06:14:29,True,,1346701653748154368,,"<a href=""https://mobile.twitter.com"" rel=""nofollow"">Twitter Web App</a>",CeylonToday,0,False,False,,
23,23,24,"RT @SuryahSG: I stand  solidarity  Doctors, Health Workers &amp;  frontline #CoronaWarriors ! I  see Doctors  huge stress. LÂ",False,0,,2021-01-06 03:48:37,False,,1346664945283317760,,"<a href=""https://mobile.twitter.com"" rel=""nofollow"">Twitter Web App</a>",prakashj1978,83,True,False,,
24,24,25,#BREAKING: #India  start #Corona vaccination  Jan 13th..,False,0,,2021-01-06 03:07:53,False,,1346654694349803525,,"<a href=""http://twitter.com/download/android"" rel=""nofollow"">Twitter for Android</a>",ganesh_vtv,0,False,False,,
25,25,26,"RT @SSTweeps: #Corona vaccination  start  Jan 13th   #India...

#BREAKING",False,0,,2021-01-06 02:52:56,False,,1346650932231081986,,"<a href=""http://twitter.com/download/android"" rel=""nofollow"">Twitter for Android</a>",danielvijay14,51,True,False,,
26,26,27,"RT @SBMFCofficial: #BREAKING: #India  start #Corona vaccination  Jan 13th

Waiting  see #Marakkar On big screen<f0><U+009F><U+0094><U+00A5><f0><U+009F><U+0091><U+008C> https://.co/FfÂ",False,0,,2021-01-06 02:26:09,False,,1346644191196176384,,"<a href=""http://twitter.com/download/android"" rel=""nofollow"">Twitter for Android</a>",Robin08191278,14,True,False,,
27,27,28,"RT @SuryahSG: I stand  solidarity  Doctors, Health Workers &amp;  frontline #CoronaWarriors ! I  see Doctors  huge stress. LÂ",False,0,,2021-01-05 18:40:27,False,,1346526996730245120,,"<a href=""http://twitter.com/download/android"" rel=""nofollow"">Twitter for Android</a>",That_Is_Sai,83,True,False,,
28,28,29,"RT @SBMFCofficial: #BREAKING: #India  start #Corona vaccination  Jan 13th

Waiting  see #Marakkar On big screen<f0><U+009F><U+0094><U+00A5><f0><U+009F><U+0091><U+008C> https://.co/FfÂ",False,0,,2021-01-05 18:32:44,False,,1346525054629277698,,"<a href=""http://twitter.com/download/android"" rel=""nofollow"">Twitter for Android</a>",Abel_lalettan,14,True,False,,
29,29,30,"RT @TFU_Kannan: #MasterPongal fans, #Eeswaran team &amp; TN theatres ecstatic  100% occupancy announcement  public &amp; healthcare workers wÂ",False,0,,2021-01-05 17:49:36,False,,1346514199258664960,,"<a href=""http://twitter.com/download/android"" rel=""nofollow"">Twitter for Android</a>",Damodar86413766,13,True,False,,
30,30,31,"RT @TFU_Kannan: #MasterPongal fans, #Eeswaran team &amp; TN theatres ecstatic  100% occupancy announcement  public &amp; healthcare workers wÂ",False,0,,2021-01-05 17:47:34,False,,1346513686249160704,,"<a href=""http://twitter.com/download/android"" rel=""nofollow"">Twitter for Android</a>",swapnarao983,13,True,False,,
31,31,32,"RT @SuryahSG: I stand  solidarity  Doctors, Health Workers &amp;  frontline #CoronaWarriors ! I  see Doctors  huge stress. LÂ",False,0,,2021-01-05 17:37:32,False,,1346511159709450241,,"<a href=""http://twitter.com/download/android"" rel=""nofollow"">Twitter for Android</a>",SubhaVijay2007,83,True,False,,
32,32,33,"RT @SuryahSG: I stand  solidarity  Doctors, Health Workers &amp;  frontline #CoronaWarriors ! I  see Doctors  huge stress. LÂ",False,0,,2021-01-05 17:25:56,False,,1346508242424217602,,"<a href=""http://twitter.com/download/android"" rel=""nofollow"">Twitter for Android</a>",JyothiVignesh,83,True,False,,
33,33,34,"RT @SuryahSG: I stand  solidarity  Doctors, Health Workers &amp;  frontline #CoronaWarriors ! I  see Doctors  huge stress. LÂ",False,0,,2021-01-05 17:08:06,False,,1346503753524936705,,"<a href=""http://twitter.com/download/android"" rel=""nofollow"">Twitter for Android</a>",iamudhai24,83,True,False,,
34,34,35,"RT @SuryahSG: I stand  solidarity  Doctors, Health Workers &amp;  frontline #CoronaWarriors ! I  see Doctors  huge stress. LÂ",False,0,,2021-01-05 17:00:36,False,,1346501865165389825,,"<a href=""http://twitter.com/download/android"" rel=""nofollow"">Twitter for Android</a>",srinath_pv,83,True,False,,
35,35,36,"RT @SuryahSG: I stand  solidarity  Doctors, Health Workers &amp;  frontline #CoronaWarriors ! I  see Doctors  huge stress. LÂ",False,0,,2021-01-05 16:56:53,False,,1346500931974692866,,"<a href=""http://twitter.com/download/android"" rel=""nofollow"">Twitter for Android</a>",Jai53653560,83,True,False,,
36,36,37,"RT @SBMFCofficial: #BREAKING: #India  start #Corona vaccination  Jan 13th

Waiting  see #Marakkar On big screen<f0><U+009F><U+0094><U+00A5><f0><U+009F><U+0091><U+008C> https://.co/FfÂ",False,0,,2021-01-05 16:56:15,False,,1346500772284956672,,"<a href=""http://twitter.com/download/iphone"" rel=""nofollow"">Twitter for iPhone</a>",_rahulhere,14,True,False,,
37,37,38,"RT @SuryahSG: I stand  solidarity  Doctors, Health Workers &amp;  frontline #CoronaWarriors ! I  see Doctors  huge stress. LÂ",False,0,,2021-01-05 16:51:43,False,,1346499630272548865,,"<a href=""http://twitter.com/download/android"" rel=""nofollow"">Twitter for Android</a>",panaiyolai101,83,True,False,,
38,38,39,"RT @SBMFCofficial: #BREAKING: #India  start #Corona vaccination  Jan 13th

Waiting  see #Marakkar On big screen<f0><U+009F><U+0094><U+00A5><f0><U+009F><U+0091><U+008C> https://.co/FfÂ",False,0,,2021-01-05 16:50:56,False,,1346499433593147392,,"<a href=""http://twitter.com/download/android"" rel=""nofollow"">Twitter for Android</a>",hrytweeps,14,True,False,,
39,39,40,"RT @SuryahSG: I stand  solidarity  Doctors, Health Workers &amp;  frontline #CoronaWarriors ! I  see Doctors  huge stress. LÂ",False,0,,2021-01-05 16:50:48,False,,1346499401653489665,,"<a href=""https://mobile.twitter.com"" rel=""nofollow"">Twitter Web App</a>",logeshnagajyoth,83,True,False,,
40,40,41,"RT @SBMFCofficial: #BREAKING: #India  start #Corona vaccination  Jan 13th

Waiting  see #Marakkar On big screen<f0><U+009F><U+0094><U+00A5><f0><U+009F><U+0091><U+008C> https://.co/FfÂ",False,0,,2021-01-05 16:49:57,False,,1346499187177705472,,"<a href=""http://twitter.com/download/android"" rel=""nofollow"">Twitter for Android</a>",sangeethslal1,14,True,False,,
41,41,42,"#Covid19 #Update<f0><U+009F><U+00A6><U+00A0>
2021-01-05

2 #deaths, 479 new cases  445 recovered  far #today

<U+25AA><U+FE0F>Total #Cases - 45,726
<U+25AA><U+FE0F>Â https://.co/ev5XVIqUaA",False,1,,2021-01-05 16:47:51,True,,1346498659232460801,,"<a href=""http://twitter.com/download/iphone"" rel=""nofollow"">Twitter for iPhone</a>",Naveeth14,0,False,False,,
42,42,43,"RT @TFU_Kannan: #MasterPongal fans, #Eeswaran team &amp; TN theatres ecstatic  100% occupancy announcement  public &amp; healthcare workers wÂ",False,0,,2021-01-05 16:44:25,False,,1346497794790412289,,"<a href=""http://twitter.com/download/android"" rel=""nofollow"">Twitter for Android</a>",skrafim,13,True,False,,
43,43,44,"RT @SuryahSG: I stand  solidarity  Doctors, Health Workers &amp;  frontline #CoronaWarriors ! I  see Doctors  huge stress. LÂ",False,0,,2021-01-05 16:39:08,False,,1346496464248139777,,"<a href=""http://twitter.com/download/android"" rel=""nofollow"">Twitter for Android</a>",pattasDiwali,83,True,False,,
44,44,45,"https://.co/QMUo1fDlQZ

Covid vaccine Procedure , Efficiency  Testing I Is Safe? RAVIKUMAR I SR I TAMILÂ https://.co/FjCsflcTfb",False,0,,2021-01-05 16:23:21,True,,1346492494490476544,,"<a href=""http://twitter.com/download/android"" rel=""nofollow"">Twitter for Android</a>",sahanaind,0,False,False,,
45,45,46,"RT @SuryahSG: I stand  solidarity  Doctors, Health Workers &amp;  frontline #CoronaWarriors ! I  see Doctors  huge stress. LÂ",False,0,,2021-01-05 16:23:03,False,,1346492418808446976,,"<a href=""http://twitter.com/download/iphone"" rel=""nofollow"">Twitter for iPhone</a>",KaarthikeyanGo2,83,True,False,,
46,46,47,"RT @SuryahSG: I stand  solidarity  Doctors, Health Workers &amp;  frontline #CoronaWarriors ! I  see Doctors  huge stress. LÂ",False,0,,2021-01-05 16:12:52,False,,1346489855912525826,,"<a href=""http://twitter.com/download/android"" rel=""nofollow"">Twitter for Android</a>",AshwinAdhi_Ak,83,True,False,,
47,47,48,"RT @SuryahSG: I stand  solidarity  Doctors, Health Workers &amp;  frontline #CoronaWarriors ! I  see Doctors  huge stress. LÂ",False,0,,2021-01-05 16:12:06,False,,1346489662622208000,,"<a href=""http://twitter.com/download/android"" rel=""nofollow"">Twitter for Android</a>",amu_ajay_,83,True,False,,
48,48,49,"RT @SSTweeps: #Corona vaccination  start  Jan 13th   #India...

#BREAKING",False,0,,2021-01-05 15:50:00,False,,1346484101100965888,,"<a href=""http://twitter.com/download/android"" rel=""nofollow"">Twitter for Android</a>",Bijuvij23149710,51,True,False,,
49,49,50,"RT @SSTweeps: #Corona vaccination  start  Jan 13th   #India...

#BREAKING",False,0,,2021-01-05 15:47:12,False,,1346483396508176391,,"<a href=""http://twitter.com/download/android"" rel=""nofollow"">Twitter for Android</a>",kasaltsundram55,51,True,False,,
50,50,51,"#MasterFilm aprum next release #JagameThanthiram  
Before #Corona",False,2,,2021-01-05 15:45:20,False,,1346482926410579968,,"<a href=""http://twitter.com/download/android"" rel=""nofollow"">Twitter for Android</a>",V__KiraN_,0,False,False,,
51,51,52,"RT @SSTweeps: #Corona vaccination  start  Jan 13th   #India...

#BREAKING",False,0,,2021-01-05 15:41:32,False,,1346481969551482882,,"<a href=""http://twitter.com/download/android"" rel=""nofollow"">Twitter for Android</a>",THALA79124739,51,True,False,,
52,52,53,"RT @SuryahSG: I stand  solidarity  Doctors, Health Workers &amp;  frontline #CoronaWarriors ! I  see Doctors  huge stress. LÂ",False,0,,2021-01-05 15:35:54,False,,1346480550438006786,,"<a href=""http://twitter.com/download/android"" rel=""nofollow"">Twitter for Android</a>",rajarss1925,83,True,False,,
53,53,54,"RT @SuryahSG: I stand  solidarity  Doctors, Health Workers &amp;  frontline #CoronaWarriors ! I  see Doctors  huge stress. LÂ",False,0,,2021-01-05 14:49:17,False,,1346468821830275072,,"<a href=""http://twitter.com/download/android"" rel=""nofollow"">Twitter for Android</a>",CamlinPencil,83,True,False,,
54,54,55,"RT @SuryahSG: I stand  solidarity  Doctors, Health Workers &amp;  frontline #CoronaWarriors ! I  see Doctors  huge stress. LÂ",False,0,,2021-01-05 14:39:33,False,,1346466369865359360,,"<a href=""http://twitter.com/download/android"" rel=""nofollow"">Twitter for Android</a>",surya_bharathi_,83,True,False,,
55,55,56,"RT @SSTweeps: #Corona vaccination  start  Jan 13th   #India...

#BREAKING",False,0,,2021-01-05 14:30:57,False,,1346464207147941896,,"<a href=""http://twitter.com/download/android"" rel=""nofollow"">Twitter for Android</a>",Akshayandappu,51,True,False,,
56,56,57,"RT @SBMFCofficial: #BREAKING: #India  start #Corona vaccination  Jan 13th

Waiting  see #Marakkar On big screen<f0><U+009F><U+0094><U+00A5><f0><U+009F><U+0091><U+008C> https://.co/FfÂ",False,0,,2021-01-05 13:42:20,False,,1346451972585443330,,"<a href=""http://twitter.com/download/android"" rel=""nofollow"">Twitter for Android</a>",amoe_official,14,True,False,,
57,57,58,"RT @SSTweeps: #Corona vaccination  start  Jan 13th   #India...

#BREAKING",False,0,,2021-01-05 13:40:16,False,,1346451450109411330,,"<a href=""http://twitter.com/download/android"" rel=""nofollow"">Twitter for Android</a>",Adhil85221327,51,True,False,,
58,58,59,"RT @SuryahSG: I stand  solidarity  Doctors, Health Workers &amp;  frontline #CoronaWarriors ! I  see Doctors  huge stress. LÂ",False,0,,2021-01-05 13:33:16,False,,1346449690238193665,,"<a href=""http://twitter.com/download/android"" rel=""nofollow"">Twitter for Android</a>",seshachalam007,83,True,False,,
59,59,60,"RT @SuryahSG: I stand  solidarity  Doctors, Health Workers &amp;  frontline #CoronaWarriors ! I  see Doctors  huge stress. LÂ",False,0,,2021-01-05 13:25:26,False,,1346447717443067904,,"<a href=""http://twitter.com/download/iphone"" rel=""nofollow"">Twitter for iPhone</a>",senthilrajaman9,83,True,False,,
60,60,61,"RT @SSTweeps: #Corona vaccination  start  Jan 13th   #India...

#BREAKING",False,0,,2021-01-05 13:24:05,False,,1346447379898060800,,"<a href=""http://twitter.com/download/android"" rel=""nofollow"">Twitter for Android</a>",awax_siddarth,51,True,False,,
61,61,62,"RT @SuryahSG: I stand  solidarity  Doctors, Health Workers &amp;  frontline #CoronaWarriors ! I  see Doctors  huge stress. LÂ",False,0,,2021-01-05 13:16:04,False,,1346445359594106881,,"<a href=""http://twitter.com/download/android"" rel=""nofollow"">Twitter for Android</a>",tiru_2000,83,True,False,,
62,62,63,"RT @SSTweeps: #Corona vaccination  start  Jan 13th   #India...

#BREAKING",False,0,,2021-01-05 13:04:23,False,,1346442419512823813,,"<a href=""http://twitter.com/download/android"" rel=""nofollow"">Twitter for Android</a>",VijayRasigan85,51,True,False,,
63,63,64,"RT @SSTweeps: #Corona vaccination  start  Jan 13th   #India...

#BREAKING",False,0,,2021-01-05 12:55:49,False,,1346440266807349248,,"<a href=""http://twitter.com/download/android"" rel=""nofollow"">Twitter for Android</a>",Nandakumar2000,51,True,False,,
64,64,65,"RT @SSTweeps: #Corona vaccination  start  Jan 13th   #India...

#BREAKING",False,0,,2021-01-05 12:51:39,False,,1346439214397857792,,"<a href=""http://twitter.com/download/android"" rel=""nofollow"">Twitter for Android</a>",VijayAnnaUyir22,51,True,False,,
65,65,66,"RT @SSTweeps: #Corona vaccination  start  Jan 13th   #India...

#BREAKING",False,0,,2021-01-05 12:49:27,False,,1346438662481797120,,"<a href=""http://twitter.com/download/android"" rel=""nofollow"">Twitter for Android</a>",MfcPratheush,51,True,False,,
66,66,67,"RT @TFU_Kannan: #MasterPongal fans, #Eeswaran team &amp; TN theatres ecstatic  100% occupancy announcement  public &amp; healthcare workers wÂ",False,0,,2021-01-05 12:44:42,False,,1346437468468305922,,"<a href=""http://twitter.com/download/android"" rel=""nofollow"">Twitter for Android</a>",Srinath44574214,13,True,False,,
67,67,68,"RT @SSTweeps: #Corona vaccination  start  Jan 13th   #India...

#BREAKING",False,0,,2021-01-05 12:34:55,False,,1346435003509444608,,"<a href=""http://twitter.com/download/android"" rel=""nofollow"">Twitter for Android</a>",VibinVa48056271,51,True,False,,
68,68,69,"RT @SuryahSG: I stand  solidarity  Doctors, Health Workers &amp;  frontline #CoronaWarriors ! I  see Doctors  huge stress. LÂ",False,0,,2021-01-05 12:34:31,False,,1346434904402247683,,"<a href=""http://twitter.com/download/android"" rel=""nofollow"">Twitter for Android</a>",MorningWalkers,83,True,False,,
69,69,70,"RT @SuryahSG: I stand  solidarity  Doctors, Health Workers &amp;  frontline #CoronaWarriors ! I  see Doctors  huge stress. LÂ",False,0,,2021-01-05 12:31:55,False,,1346434251311353858,,"<a href=""http://twitter.com/download/android"" rel=""nofollow"">Twitter for Android</a>",rangats,83,True,False,,
70,70,71,"RT @SBMFCofficial: #BREAKING: #India  start #Corona vaccination  Jan 13th

Waiting  see #Marakkar On big screen<f0><U+009F><U+0094><U+00A5><f0><U+009F><U+0091><U+008C> https://.co/FfÂ",False,0,,2021-01-05 12:31:35,False,,1346434165340717057,,"<a href=""http://twitter.com/download/android"" rel=""nofollow"">Twitter for Android</a>",Akhil333Ask,14,True,False,,
71,71,72,"RT @SBMFCofficial: #BREAKING: #India  start #Corona vaccination  Jan 13th

Waiting  see #Marakkar On big screen<f0><U+009F><U+0094><U+00A5><f0><U+009F><U+0091><U+008C> https://.co/FfÂ",False,0,,2021-01-05 12:31:18,False,,1346434095467929613,,"<a href=""http://twitter.com/download/android"" rel=""nofollow"">Twitter for Android</a>",TobySamuels14,14,True,False,,
72,72,73,"RT @SuryahSG: I stand  solidarity  Doctors, Health Workers &amp;  frontline #CoronaWarriors ! I  see Doctors  huge stress. LÂ",False,0,,2021-01-05 12:25:57,False,,1346432749503057920,,"<a href=""https://mobile.twitter.com"" rel=""nofollow"">Twitter Web App</a>",im_akshaya,83,True,False,,
73,73,74,"RT @SSTweeps: #Corona vaccination  start  Jan 13th   #India...

#BREAKING",False,0,,2021-01-05 12:22:08,False,,1346431788793565184,,"<a href=""http://twitter.com/download/android"" rel=""nofollow"">Twitter for Android</a>",jaiponting10,51,True,False,,
74,74,75,"RT @SuryahSG: I stand  solidarity  Doctors, Health Workers &amp;  frontline #CoronaWarriors ! I  see Doctors  huge stress. LÂ",False,0,,2021-01-05 12:20:31,False,,1346431379538542592,,"<a href=""http://twitter.com/download/android"" rel=""nofollow"">Twitter for Android</a>",flamesoffathers,83,True,False,,
75,75,76,"RT @SSTweeps: #Corona vaccination  start  Jan 13th   #India...

#BREAKING",False,0,,2021-01-05 12:20:22,False,,1346431343396155393,,"<a href=""http://twitter.com/download/android"" rel=""nofollow"">Twitter for Android</a>",the_viper_k_i_d,51,True,False,,
76,76,77,"RT @SSTweeps: #Corona vaccination  start  Jan 13th   #India...

#BREAKING",False,0,,2021-01-05 12:19:34,False,,1346431141805481986,,"<a href=""https://mobile.twitter.com"" rel=""nofollow"">Twitter Web App</a>",Ramvijay66,51,True,False,,
77,77,78,"RT @SSTweeps: #Corona vaccination  start  Jan 13th   #India...

#BREAKING",False,0,,2021-01-05 12:17:53,False,,1346430720487510016,,"<a href=""http://twitter.com/download/android"" rel=""nofollow"">Twitter for Android</a>",vinopglove,51,True,False,,
78,78,79,"RT @SBMFCofficial: #BREAKING: #India  start #Corona vaccination  Jan 13th

Waiting  see #Marakkar On big screen<f0><U+009F><U+0094><U+00A5><f0><U+009F><U+0091><U+008C> https://.co/FfÂ",False,0,,2021-01-05 12:17:44,False,,1346430683170816000,,"<a href=""http://twitter.com/download/android"" rel=""nofollow"">Twitter for Android</a>",DevanDq8,14,True,False,,
79,79,80,"RT @SSTweeps: #Corona vaccination  start  Jan 13th   #India...

#BREAKING",False,0,,2021-01-05 12:17:04,False,,1346430511888023552,,"<a href=""http://twitter.com/download/android"" rel=""nofollow"">Twitter for Android</a>",mub_mbr,51,True,False,,
80,80,81,"RT @SSTweeps: #Corona vaccination  start  Jan 13th   #India...

#BREAKING",False,0,,2021-01-05 12:15:42,False,,1346430167913140225,,"<a href=""http://twitter.com/download/android"" rel=""nofollow"">Twitter for Android</a>",Nowshath_VJ,51,True,False,,
81,81,82,"RT @SSTweeps: #Corona vaccination  start  Jan 13th   #India...

#BREAKING",False,0,,2021-01-05 12:13:44,False,,1346429673878638598,,"<a href=""http://twitter.com/download/android"" rel=""nofollow"">Twitter for Android</a>",Nipin_official,51,True,False,,
82,82,83,"RT @SSTweeps: #Corona vaccination  start  Jan 13th   #India...

#BREAKING",False,0,,2021-01-05 12:13:26,False,,1346429598091907072,,"<a href=""https://mobile.twitter.com"" rel=""nofollow"">Twitter Web App</a>",Ringmas34508060,51,True,False,,
83,83,84,"#BREAKING: #India  start #Corona vaccination  Jan 13th..

#COVID19India 

#CoronaVaccineIndia 
#CovidVaccine https://.co/OdgfrDOEKc",False,0,,2021-01-05 12:12:04,False,,1346429252997025792,,"<a href=""http://twitter.com/download/android"" rel=""nofollow"">Twitter for Android</a>",Tamizh5665,0,False,False,,
84,84,85,"RT @SSTweeps: #Corona vaccination  start  Jan 13th   #India...

#BREAKING",False,0,,2021-01-05 12:11:26,False,,1346429097300267008,,"<a href=""http://twitter.com/download/android"" rel=""nofollow"">Twitter for Android</a>",bigil2020,51,True,False,,
85,85,86,"#Corona vaccination  start  Jan 13th   #India

#Coronavirusvaccine
#coronavirus
#Breaking_news",False,0,,2021-01-05 12:09:37,False,,1346428639873695744,,"<a href=""http://twitter.com/download/android"" rel=""nofollow"">Twitter for Android</a>",AmalThomas905,0,False,False,,
86,86,87,"RT @SSTweeps: #Corona vaccination  start  Jan 13th   #India...

#BREAKING",False,0,,2021-01-05 12:08:47,False,,1346428427973382152,,"<a href=""http://twitter.com/download/android"" rel=""nofollow"">Twitter for Android</a>",NANDHA43912723,51,True,False,,
87,87,88,"RT @SBMFCofficial: #BREAKING: #India  start #Corona vaccination  Jan 13th

Waiting  see #Marakkar On big screen<f0><U+009F><U+0094><U+00A5><f0><U+009F><U+0091><U+008C> https://.co/FfÂ",False,0,,2021-01-05 12:08:04,False,,1346428248712912896,,"<a href=""http://twitter.com/download/android"" rel=""nofollow"">Twitter for Android</a>",kerala_mohanlal,14,True,False,,
88,88,89,"RT @SSTweeps: #Corona vaccination  start  Jan 13th   #India...

#BREAKING",False,0,,2021-01-05 12:07:11,False,,1346428025735286784,,"<a href=""http://twitter.com/download/android"" rel=""nofollow"">Twitter for Android</a>",MasterVfc1,51,True,False,,
89,89,90,"RT @SSTweeps: #Corona vaccination  start  Jan 13th   #India...

#BREAKING",False,0,,2021-01-05 12:06:23,False,,1346427825067229184,,"<a href=""http://twitter.com/download/android"" rel=""nofollow"">Twitter for Android</a>",AmalThomas905,51,True,False,,
90,90,91,"RT @SSTweeps: #Corona vaccination  start  Jan 13th   #India...

#BREAKING",False,0,,2021-01-05 12:04:04,False,,1346427239735435266,,"<a href=""http://twitter.com/download/android"" rel=""nofollow"">Twitter for Android</a>",4u_media_works,51,True,False,,
91,91,92,"RT @SSTweeps: #Corona vaccination  start  Jan 13th   #India...

#BREAKING",False,0,,2021-01-05 12:01:34,False,,1346426613555032065,,"<a href=""http://twitter.com/download/android"" rel=""nofollow"">Twitter for Android</a>",ARAVIND26167690,51,True,False,,
92,92,93,"RT @SSTweeps: #Corona vaccination  start  Jan 13th   #India...

#BREAKING",False,0,,2021-01-05 11:58:31,False,,1346425846685286400,,"<a href=""http://twitter.com/download/android"" rel=""nofollow"">Twitter for Android</a>",ppakshay70,51,True,False,,
93,93,94,"RT @SBMFCofficial: #BREAKING: #India  start #Corona vaccination  Jan 13th

Waiting  see #Marakkar On big screen<f0><U+009F><U+0094><U+00A5><f0><U+009F><U+0091><U+008C> https://.co/FfÂ",False,0,,2021-01-05 11:55:37,False,,1346425113386897409,,"<a href=""http://twitter.com/download/android"" rel=""nofollow"">Twitter for Android</a>",RobinRe74447731,14,True,False,,
94,94,95,"#BREAKING: #India  start #Corona vaccination  Jan 13th

Waiting  see #Marakkar On big screen<f0><U+009F><U+0094><U+00A5><f0><U+009F><U+0091><U+008C> https://.co/FfmCs0cpvl",False,20,,2021-01-05 11:55:18,False,,1346425037415301122,,"<a href=""http://twitter.com/download/android"" rel=""nofollow"">Twitter for Android</a>",SBMFCofficial,14,False,False,,
95,95,96,"RT @SSTweeps: #Corona vaccination  start  Jan 13th   #India...

#BREAKING",False,0,,2021-01-05 11:54:54,False,,1346424936898826240,,"<a href=""http://twitter.com/download/android"" rel=""nofollow"">Twitter for Android</a>",itzmersalarsan,51,True,False,,
96,96,97,"RT @SSTweeps: #Corona vaccination  start  Jan 13th   #India...

#BREAKING",False,0,,2021-01-05 11:54:46,False,,1346424901431930883,,"<a href=""https://mobile.twitter.com"" rel=""nofollow"">Twitter Web App</a>",vfc_shravan,51,True,False,,
97,97,98,"RT @SSTweeps: #Corona vaccination  start  Jan 13th   #India...

#BREAKING",False,0,,2021-01-05 11:50:04,False,,1346423720475197441,,"<a href=""http://twitter.com/download/android"" rel=""nofollow"">Twitter for Android</a>",JD_the_Culprit,51,True,False,,
98,98,99,"RT @SSTweeps: #Corona vaccination  start  Jan 13th   #India...

#BREAKING",False,0,,2021-01-05 11:49:05,False,,1346423472444956672,,"<a href=""http://twitter.com/download/android"" rel=""nofollow"">Twitter for Android</a>",prabusriguna,51,True,False,,
99,99,100,"RT @SSTweeps: #Corona vaccination  start  Jan 13th   #India...

#BREAKING",False,0,,2021-01-05 11:48:13,False,,1346423254848659456,,"<a href=""http://twitter.com/download/android"" rel=""nofollow"">Twitter for Android</a>",YaseenMuhammedh,51,True,False,,
100,100,101,"RT @SSTweeps: #Corona vaccination  start  Jan 13th   #India...

#BREAKING",False,0,,2021-01-05 11:47:59,False,,1346423196107431936,,"<a href=""http://twitter.com/download/android"" rel=""nofollow"">Twitter for Android</a>",AkshayM79145832,51,True,False,,
101,101,102,"RT @SSTweeps: #Corona vaccination  start  Jan 13th   #India...

#BREAKING",False,0,,2021-01-05 11:47:18,False,,1346423023008501760,,"<a href=""https://mobile.twitter.com"" rel=""nofollow"">Twitter Web App</a>",sathyavj360,51,True,False,,
102,102,103,"RT @SSTweeps: #Corona vaccination  start  Jan 13th   #India...

#BREAKING",False,0,,2021-01-05 11:46:52,False,,1346422911809294338,,"<a href=""http://twitter.com/download/android"" rel=""nofollow"">Twitter for Android</a>",IamNithin,51,True,False,,
103,103,104,"RT @SSTweeps: #Corona vaccination  start  Jan 13th   #India...

#BREAKING",False,0,,2021-01-05 11:46:14,False,,1346422755122532353,,"<a href=""http://twitter.com/download/android"" rel=""nofollow"">Twitter for Android</a>",AsikraRaja,51,True,False,,
104,104,105,"RT @SSTweeps: #Corona vaccination  start  Jan 13th   #India...

#BREAKING",False,0,,2021-01-05 11:46:06,False,,1346422721421299713,,"<a href=""http://twitter.com/download/android"" rel=""nofollow"">Twitter for Android</a>",2002Balaji,51,True,False,,
105,105,106,"RT @SSTweeps: #Corona vaccination  start  Jan 13th   #India...

#BREAKING",False,0,,2021-01-05 11:46:06,False,,1346422719521275906,,"<a href=""http://twitter.com/download/android"" rel=""nofollow"">Twitter for Android</a>",KiranKN15,51,True,False,,
106,106,107,"RT @SSTweeps: #Corona vaccination  start  Jan 13th   #India...

#BREAKING",False,0,,2021-01-05 11:44:42,False,,1346422369288474624,,"<a href=""http://twitter.com/download/android"" rel=""nofollow"">Twitter for Android</a>",VichuVijayF,51,True,False,,
107,107,108,"RT @SSTweeps: #Corona vaccination  start  Jan 13th   #India...

#BREAKING",False,0,,2021-01-05 11:43:20,False,,1346422022809804800,,"<a href=""http://twitter.com/download/android"" rel=""nofollow"">Twitter for Android</a>",Hisham62399989,51,True,False,,
108,108,109,"RT @SSTweeps: #Corona vaccination  start  Jan 13th   #India...

#BREAKING",False,0,,2021-01-05 11:42:13,False,,1346421741988368384,,"<a href=""http://twitter.com/download/android"" rel=""nofollow"">Twitter for Android</a>",SadiS_Official,51,True,False,,
109,109,110,"RT @SSTweeps: #Corona vaccination  start  Jan 13th   #India...

#BREAKING",False,0,,2021-01-05 11:41:47,False,,1346421633448198147,,"<a href=""http://twitter.com/download/android"" rel=""nofollow"">Twitter for Android</a>",karan_stark,51,True,False,,
110,110,111,"RT @SSTweeps: #Corona vaccination  start  Jan 13th   #India...

#BREAKING",False,0,,2021-01-05 11:40:50,False,,1346421394268065794,,"<a href=""http://twitter.com/download/android"" rel=""nofollow"">Twitter for Android</a>",itsme_eldho,51,True,False,,
111,111,112,"RT @SSTweeps: #Corona vaccination  start  Jan 13th   #India...

#BREAKING",False,0,,2021-01-05 11:39:22,False,,1346421026037514241,,"<a href=""http://twitter.com/download/android"" rel=""nofollow"">Twitter for Android</a>",its_arvi,51,True,False,,
112,112,113,"RT @SSTweeps: #Corona vaccination  start  Jan 13th   #India...

#BREAKING",False,0,,2021-01-05 11:38:56,False,,1346420918709489664,,"<a href=""http://twitter.com/download/android"" rel=""nofollow"">Twitter for Android</a>",BabyDreamerMine,51,True,False,,
113,113,114,"RT @SSTweeps: #Corona vaccination  start  Jan 13th   #India...

#BREAKING",False,0,,2021-01-05 11:38:18,False,,1346420757438427137,,"<a href=""http://twitter.com/download/android"" rel=""nofollow"">Twitter for Android</a>",jl_ajin,51,True,False,,
114,114,115,"RT @SSTweeps: #Corona vaccination  start  Jan 13th   #India...

#BREAKING",False,0,,2021-01-05 11:38:16,False,,1346420750719193089,,"<a href=""http://twitter.com/download/iphone"" rel=""nofollow"">Twitter for iPhone</a>",AngelusArch,51,True,False,,
115,115,116,"RT @SSTweeps: #Corona vaccination  start  Jan 13th   #India...

#BREAKING",False,0,,2021-01-05 11:38:12,False,,1346420731211485184,,"<a href=""http://twitter.com/download/android"" rel=""nofollow"">Twitter for Android</a>",thisisShiju,51,True,False,,
116,116,117,"RT @SSTweeps: #Corona vaccination  start  Jan 13th   #India...

#BREAKING",False,0,,2021-01-05 11:37:42,False,,1346420608419069954,,"<a href=""http://twitter.com/download/android"" rel=""nofollow"">Twitter for Android</a>",Yadhukr58724546,51,True,False,,
117,117,118,"RT @SSTweeps: #Corona vaccination  start  Jan 13th   #India...

#BREAKING",False,0,,2021-01-05 11:37:35,False,,1346420577712570369,,"<a href=""http://twitter.com/download/android"" rel=""nofollow"">Twitter for Android</a>",AravindAbhiman7,51,True,False,,
118,118,119,"#Corona vaccination  start  Jan 13th   #India...

#BREAKING",False,284,,2021-01-05 11:37:09,False,,1346420468098584576,,"<a href=""http://twitter.com/download/android"" rel=""nofollow"">Twitter for Android</a>",SSTweeps,51,False,False,,
119,119,120,"RT @SuryahSG: I stand  solidarity  Doctors, Health Workers &amp;  frontline #CoronaWarriors ! I  see Doctors  huge stress. LÂ",False,0,,2021-01-05 11:34:58,False,,1346419918040797184,,"<a href=""http://twitter.com/download/android"" rel=""nofollow"">Twitter for Android</a>",AAiux,83,True,False,,
120,120,121,"RT @NabinNVfc: #India Will Start #Corona Vaccination From Jan 13th <f0><U+009F><U+0099><U+008C>

#CoronaVaccine",False,0,,2021-01-05 11:31:43,False,,1346419099107135492,,"<a href=""http://twitter.com/download/android"" rel=""nofollow"">Twitter for Android</a>",MotivationalFan,1,True,False,,
121,121,122,"#India Will Start #Corona Vaccination From Jan 13th <f0><U+009F><U+0099><U+008C>

#CoronaVaccine",False,12,,2021-01-05 11:31:07,False,,1346418949122969600,,"<a href=""http://twitter.com/download/android"" rel=""nofollow"">Twitter for Android</a>",NabinNVfc,1,False,False,,
122,122,123,"RT @SuryahSG: I stand  solidarity  Doctors, Health Workers &amp;  frontline #CoronaWarriors ! I  see Doctors  huge stress. LÂ",False,0,,2021-01-05 11:00:46,False,,1346411311215726593,,"<a href=""https://mobile.twitter.com"" rel=""nofollow"">Twitter Web App</a>",rangarajan154,83,True,False,,
123,123,124,"445 new COVID-19 recoveries https://.co/t7uKDaUvYf 

#COVID19SL #Corona #SriLanka #lka #COVID19 #recoveries",False,1,,2021-01-05 10:24:30,False,,1346402183923847168,,"<a href=""https://mobile.twitter.com"" rel=""nofollow"">Twitter Web App</a>",CeylonToday,0,False,False,,
124,124,125,"RT @SuryahSG: I stand  solidarity  Doctors, Health Workers &amp;  frontline #CoronaWarriors ! I  see Doctors  huge stress. LÂ",False,0,,2021-01-05 10:17:37,False,,1346400452045258755,,"<a href=""https://mobile.twitter.com"" rel=""nofollow"">Twitter Web App</a>",nostract,83,True,False,,
125,125,126,"RT @SuryahSG: I stand  solidarity  Doctors, Health Workers &amp;  frontline #CoronaWarriors ! I  see Doctors  huge stress. LÂ",False,0,,2021-01-05 09:59:18,False,,1346395844249960448,,"<a href=""https://mobile.twitter.com"" rel=""nofollow"">Twitter Web App</a>",chris9680,83,True,False,,
126,126,127,"RT @SuryahSG: I stand  solidarity  Doctors, Health Workers &amp;  frontline #CoronaWarriors ! I  see Doctors  huge stress. LÂ",False,0,,2021-01-05 09:56:08,False,,1346395047277674496,,"<a href=""http://twitter.com/download/android"" rel=""nofollow"">Twitter for Android</a>",Vennarsriram,83,True,False,,
127,127,128,"RT @TFU_Kannan: #MasterPongal fans, #Eeswaran team &amp; TN theatres ecstatic  100% occupancy announcement  public &amp; healthcare workers wÂ",False,0,,2021-01-05 09:50:46,False,,1346393697017974785,,"<a href=""http://twitter.com/download/android"" rel=""nofollow"">Twitter for Android</a>",santhoshchml,13,True,False,,
128,128,129,"RT @SuryahSG: I stand  solidarity  Doctors, Health Workers &amp;  frontline #CoronaWarriors ! I  see Doctors  huge stress. LÂ",False,0,,2021-01-05 09:50:42,False,,1346393680169472000,,"<a href=""http://twitter.com/download/iphone"" rel=""nofollow"">Twitter for iPhone</a>",888pvn,83,True,False,,
129,129,130,"RT @SuryahSG: I stand  solidarity  Doctors, Health Workers &amp;  frontline #CoronaWarriors ! I  see Doctors  huge stress. LÂ",False,0,,2021-01-05 09:41:24,False,,1346391336853721089,,"<a href=""http://twitter.com/download/iphone"" rel=""nofollow"">Twitter for iPhone</a>",nylalsingh,83,True,False,,
130,130,131,"RT @SuryahSG: I stand  solidarity  Doctors, Health Workers &amp;  frontline #CoronaWarriors ! I  see Doctors  huge stress. LÂ",False,0,,2021-01-05 09:28:53,False,,1346388187367804928,,"<a href=""http://twitter.com/download/iphone"" rel=""nofollow"">Twitter for iPhone</a>",SridharValiant,83,True,False,,
131,131,132,"RT @TFU_Kannan: #MasterPongal fans, #Eeswaran team &amp; TN theatres ecstatic  100% occupancy announcement  public &amp; healthcare workers wÂ",False,0,,2021-01-05 09:16:44,False,,1346385130399563777,,"<a href=""http://twitter.com/download/android"" rel=""nofollow"">Twitter for Android</a>",PRADEEPBABUrk,13,True,False,,
132,132,133,"RT @SuryahSG: I stand  solidarity  Doctors, Health Workers &amp;  frontline #CoronaWarriors ! I  see Doctors  huge stress. LÂ",False,0,,2021-01-05 09:14:33,False,,1346384582996676608,,"<a href=""http://twitter.com/download/android"" rel=""nofollow"">Twitter for Android</a>",ramisright,83,True,False,,
133,133,134,"RT @SuryahSG: I stand  solidarity  Doctors, Health Workers &amp;  frontline #CoronaWarriors ! I  see Doctors  huge stress. LÂ",False,0,,2021-01-05 09:07:40,False,,1346382850866565121,,"<a href=""http://twitter.com/download/android"" rel=""nofollow"">Twitter for Android</a>",chandru_india,83,True,False,,
134,134,135,"RT @SuryahSG: I stand  solidarity  Doctors, Health Workers &amp;  frontline #CoronaWarriors ! I  see Doctors  huge stress. LÂ",False,0,,2021-01-05 09:01:39,False,,1346381336857042944,,"<a href=""https://mobile.twitter.com"" rel=""nofollow"">Twitter Web App</a>",Vishu30824565,83,True,False,,
135,135,136,"RT @SuryahSG: I stand  solidarity  Doctors, Health Workers &amp;  frontline #CoronaWarriors ! I  see Doctors  huge stress. LÂ",False,0,,2021-01-05 09:01:02,False,,1346381179742654465,,"<a href=""http://twitter.com/download/android"" rel=""nofollow"">Twitter for Android</a>",BjpTirupattur,83,True,False,,
136,136,137,"RT @SuryahSG: I stand  solidarity  Doctors, Health Workers &amp;  frontline #CoronaWarriors ! I  see Doctors  huge stress. LÂ",False,0,,2021-01-05 08:59:14,False,,1346380724933337089,,"<a href=""http://twitter.com/download/android"" rel=""nofollow"">Twitter for Android</a>",itsme1ee,83,True,False,,
137,137,138,"RT @SuryahSG: I stand  solidarity  Doctors, Health Workers &amp;  frontline #CoronaWarriors ! I  see Doctors  huge stress. LÂ",False,0,,2021-01-05 08:58:36,False,,1346380565952360448,,"<a href=""http://twitter.com/download/android"" rel=""nofollow"">Twitter for Android</a>",deeptiman07,83,True,False,,
138,138,139,"RT @SuryahSG: I stand  solidarity  Doctors, Health Workers &amp;  frontline #CoronaWarriors ! I  see Doctors  huge stress. LÂ",False,0,,2021-01-05 08:54:11,False,,1346379457032986624,,"<a href=""http://twitter.com/download/android"" rel=""nofollow"">Twitter for Android</a>",PothirajaK,83,True,False,,
139,139,140,"RT @SuryahSG: I stand  solidarity  Doctors, Health Workers &amp;  frontline #CoronaWarriors ! I  see Doctors  huge stress. LÂ",False,0,,2021-01-05 08:53:39,False,,1346379320441200641,,"<a href=""http://twitter.com/download/android"" rel=""nofollow"">Twitter for Android</a>",ThatTeaAddict,83,True,False,,
140,140,141,"RT @SuryahSG: I stand  solidarity  Doctors, Health Workers &amp;  frontline #CoronaWarriors ! I  see Doctors  huge stress. LÂ",False,0,,2021-01-05 08:47:42,False,,1346377823703814145,,"<a href=""http://twitter.com/download/android"" rel=""nofollow"">Twitter for Android</a>",meenavyas50,83,True,False,,
141,141,142,"RT @SuryahSG: I stand  solidarity  Doctors, Health Workers &amp;  frontline #CoronaWarriors ! I  see Doctors  huge stress. LÂ",False,0,,2021-01-05 08:47:38,False,,1346377809028030464,,"<a href=""http://twitter.com/download/android"" rel=""nofollow"">Twitter for Android</a>",Clemster12,83,True,False,,
142,142,143,"RT @SuryahSG: I stand  solidarity  Doctors, Health Workers &amp;  frontline #CoronaWarriors ! I  see Doctors  huge stress. LÂ",False,0,,2021-01-05 08:46:18,False,,1346377472456028160,,"<a href=""https://mobile.twitter.com"" rel=""nofollow"">Twitter Web App</a>",Gokulshyam2,83,True,False,,
143,143,144,"RT @SuryahSG: I stand  solidarity  Doctors, Health Workers &amp;  frontline #CoronaWarriors ! I  see Doctors  huge stress. LÂ",False,0,,2021-01-05 08:43:21,False,,1346376730815021063,,"<a href=""http://twitter.com/download/iphone"" rel=""nofollow"">Twitter for iPhone</a>",Helios_Dar,83,True,False,,
144,144,145,"RT @SuryahSG: I stand  solidarity  Doctors, Health Workers &amp;  frontline #CoronaWarriors ! I  see Doctors  huge stress. LÂ",False,0,,2021-01-05 08:40:41,False,,1346376058044522496,,"<a href=""https://mobile.twitter.com"" rel=""nofollow"">Twitter Web App</a>",sakthiinfotec,83,True,False,,
145,145,146,"RT @SuryahSG: I stand  solidarity  Doctors, Health Workers &amp;  frontline #CoronaWarriors ! I  see Doctors  huge stress. LÂ",False,0,,2021-01-05 08:39:33,False,,1346375775457460225,,"<a href=""http://twitter.com/download/android"" rel=""nofollow"">Twitter for Android</a>",NewsBoys4161,83,True,False,,
146,146,147,"RT @SuryahSG: I stand  solidarity  Doctors, Health Workers &amp;  frontline #CoronaWarriors ! I  see Doctors  huge stress. LÂ",False,0,,2021-01-05 08:38:15,False,,1346375447693590528,,"<a href=""http://twitter.com/download/iphone"" rel=""nofollow"">Twitter for iPhone</a>",mithun113,83,True,False,,
147,147,148,"RT @SuryahSG: I stand  solidarity  Doctors, Health Workers &amp;  frontline #CoronaWarriors ! I  see Doctors  huge stress. LÂ",False,0,,2021-01-05 08:37:54,False,,1346375357851570176,,"<a href=""http://twitter.com/download/android"" rel=""nofollow"">Twitter for Android</a>",VTA2891,83,True,False,,
148,148,149,"RT @SuryahSG: I stand  solidarity  Doctors, Health Workers &amp;  frontline #CoronaWarriors ! I  see Doctors  huge stress. LÂ",False,0,,2021-01-05 08:37:50,False,,1346375341208608768,,"<a href=""http://twitter.com/download/android"" rel=""nofollow"">Twitter for Android</a>",RajeshARajini,83,True,False,,
149,149,150,"RT @SuryahSG: I stand  solidarity  Doctors, Health Workers &amp;  frontline #CoronaWarriors ! I  see Doctors  huge stress. LÂ",False,0,,2021-01-05 08:35:14,False,,1346374688147087360,,"<a href=""http://twitter.com/download/android"" rel=""nofollow"">Twitter for Android</a>",monsttweets,83,True,False,,
150,150,151,"RT @SuryahSG: I stand  solidarity  Doctors, Health Workers &amp;  frontline #CoronaWarriors ! I  see Doctors  huge stress. LÂ",False,0,,2021-01-05 08:34:52,False,,1346374596199501824,,"<a href=""http://twitter.com/download/android"" rel=""nofollow"">Twitter for Android</a>",SAC_PARTY,83,True,False,,
151,151,152,"RT @SuryahSG: I stand  solidarity  Doctors, Health Workers &amp;  frontline #CoronaWarriors ! I  see Doctors  huge stress. LÂ",False,0,,2021-01-05 08:34:39,False,,1346374541463879680,,"<a href=""http://twitter.com/download/android"" rel=""nofollow"">Twitter for Android</a>",RastraBhakth,83,True,False,,
152,152,153,"RT @SuryahSG: I stand  solidarity  Doctors, Health Workers &amp;  frontline #CoronaWarriors ! I  see Doctors  huge stress. LÂ",False,0,,2021-01-05 08:34:39,False,,1346374538456489984,,"<a href=""https://mobile.twitter.com"" rel=""nofollow"">Twitter Web App</a>",TPY_Official,83,True,False,,
153,153,154,"RT @SuryahSG: I stand  solidarity  Doctors, Health Workers &amp;  frontline #CoronaWarriors ! I  see Doctors  huge stress. LÂ",False,0,,2021-01-05 08:34:35,False,,1346374525533921282,,"<a href=""https://mobile.twitter.com"" rel=""nofollow"">Twitter Web App</a>",Aravindhapk,83,True,False,,
154,154,155,"RT @SuryahSG: I stand  solidarity  Doctors, Health Workers &amp;  frontline #CoronaWarriors ! I  see Doctors  huge stress. LÂ",False,0,,2021-01-05 08:34:08,False,,1346374409385197570,,"<a href=""http://twitter.com/download/android"" rel=""nofollow"">Twitter for Android</a>",ThanappanA,83,True,False,,
155,155,156,"RT @SuryahSG: I stand  solidarity  Doctors, Health Workers &amp;  frontline #CoronaWarriors ! I  see Doctors  huge stress. LÂ",False,0,,2021-01-05 08:33:11,False,,1346374172532854786,,"<a href=""http://twitter.com/#!/download/ipad"" rel=""nofollow"">Twitter for iPad</a>",AppaSaschan,83,True,False,,
156,156,157,"RT @SuryahSG: I stand  solidarity  Doctors, Health Workers &amp;  frontline #CoronaWarriors ! I  see Doctors  huge stress. LÂ",False,0,,2021-01-05 08:28:28,False,,1346372986127880192,,"<a href=""http://twitter.com/download/android"" rel=""nofollow"">Twitter for Android</a>",saranathan1954,83,True,False,,
157,157,158,"RT @SuryahSG: I stand  solidarity  Doctors, Health Workers &amp;  frontline #CoronaWarriors ! I  see Doctors  huge stress. LÂ",False,0,,2021-01-05 08:25:39,False,,1346372274354470912,,"<a href=""http://twitter.com/download/android"" rel=""nofollow"">Twitter for Android</a>",professormurali,83,True,False,,
158,158,159,"RT @TFU_Kannan: #MasterPongal fans, #Eeswaran team &amp; TN theatres ecstatic  100% occupancy announcement  public &amp; healthcare workers wÂ",False,0,,2021-01-05 08:24:27,False,,1346371975422341120,,"<a href=""http://twitter.com/download/android"" rel=""nofollow"">Twitter for Android</a>",suman_ks,13,True,False,,
159,159,160,"RT @TFU_Kannan: #MasterPongal fans, #Eeswaran team &amp; TN theatres ecstatic  100% occupancy announcement  public &amp; healthcare workers wÂ",False,0,,2021-01-05 08:24:21,False,,1346371946972233729,,"<a href=""http://twitter.com/download/android"" rel=""nofollow"">Twitter for Android</a>",Billakannan77,13,True,False,,
160,160,161,"RT @SuryahSG: I stand  solidarity  Doctors, Health Workers &amp;  frontline #CoronaWarriors ! I  see Doctors  huge stress. LÂ",False,0,,2021-01-05 08:24:11,False,,1346371905419313153,,"<a href=""http://twitter.com/download/android"" rel=""nofollow"">Twitter for Android</a>",KKirukkals,83,True,False,,
161,161,162,"RT @SuryahSG: I stand  solidarity  Doctors, Health Workers &amp;  frontline #CoronaWarriors ! I  see Doctors  huge stress. LÂ",False,0,,2021-01-05 08:20:24,False,,1346370955170332672,,"<a href=""http://twitter.com/download/android"" rel=""nofollow"">Twitter for Android</a>",jagannatheswar,83,True,False,,
162,162,163,"RT @TFU_Kannan: #MasterPongal fans, #Eeswaran team &amp; TN theatres ecstatic  100% occupancy announcement  public &amp; healthcare workers wÂ",False,0,,2021-01-05 08:20:09,False,,1346370889739165696,,"<a href=""https://mobile.twitter.com"" rel=""nofollow"">Twitter Web App</a>",thegauthamvamsi,13,True,False,,
163,163,164,"RT @SuryahSG: I stand  solidarity  Doctors, Health Workers &amp;  frontline #CoronaWarriors ! I  see Doctors  huge stress. LÂ",False,0,,2021-01-05 08:18:38,False,,1346370510020431872,,"<a href=""http://twitter.com/download/android"" rel=""nofollow"">Twitter for Android</a>",Arthvana,83,True,False,,
164,164,165,"RT @TFU_Kannan: #MasterPongal fans, #Eeswaran team &amp; TN theatres ecstatic  100% occupancy announcement  public &amp; healthcare workers wÂ",False,0,,2021-01-05 08:18:08,False,,1346370383365062656,,"<a href=""https://mobile.twitter.com"" rel=""nofollow"">Twitter Web App</a>",vasudevan1111,13,True,False,,
165,165,166,"RT @TFU_Kannan: #MasterPongal fans, #Eeswaran team &amp; TN theatres ecstatic  100% occupancy announcement  public &amp; healthcare workers wÂ",False,0,,2021-01-05 08:16:19,False,,1346369926961852417,,"<a href=""http://twitter.com/download/android"" rel=""nofollow"">Twitter for Android</a>",Jery_tweets,13,True,False,,
166,166,167,"RT @TFU_Kannan: #MasterPongal fans, #Eeswaran team &amp; TN theatres ecstatic  100% occupancy announcement  public &amp; healthcare workers wÂ",False,0,,2021-01-05 08:15:52,False,,1346369812293771264,,"<a href=""https://mobile.twitter.com"" rel=""nofollow"">Twitter Web App</a>",arianoarun,13,True,False,,
167,167,168,"RT @SuryahSG: I stand  solidarity  Doctors, Health Workers &amp;  frontline #CoronaWarriors ! I  see Doctors  huge stress. LÂ",False,0,,2021-01-05 08:14:20,False,,1346369428644982784,,"<a href=""https://mobile.twitter.com"" rel=""nofollow"">Twitter Web App</a>",cosmicblinker,83,True,False,,
168,168,169,"RT @SuryahSG: I stand  solidarity  Doctors, Health Workers &amp;  frontline #CoronaWarriors ! I  see Doctors  huge stress. LÂ",False,0,,2021-01-05 08:13:57,False,,1346369332612194306,,"<a href=""http://twitter.com/download/android"" rel=""nofollow"">Twitter for Android</a>",contactramkumar,83,True,False,,
169,169,170,"RT @SuryahSG: I stand  solidarity  Doctors, Health Workers &amp;  frontline #CoronaWarriors ! I  see Doctors  huge stress. LÂ",False,0,,2021-01-05 08:13:51,False,,1346369305886273536,,"<a href=""http://twitter.com/download/android"" rel=""nofollow"">Twitter for Android</a>",BiswasRanit,83,True,False,,
170,170,171,"RT @SuryahSG: I stand  solidarity  Doctors, Health Workers &amp;  frontline #CoronaWarriors ! I  see Doctors  huge stress. LÂ",False,0,,2021-01-05 08:13:50,False,,1346369303306596352,,"<a href=""http://twitter.com/download/android"" rel=""nofollow"">Twitter for Android</a>",chaks1969,83,True,False,,
171,171,172,"RT @SuryahSG: I stand  solidarity  Doctors, Health Workers &amp;  frontline #CoronaWarriors ! I  see Doctors  huge stress. LÂ",False,0,,2021-01-05 08:13:36,False,,1346369241935564800,,"<a href=""https://mobile.twitter.com"" rel=""nofollow"">Twitter Web App</a>",muruhan230,83,True,False,,
172,172,173,"#MasterPongal fans, #Eeswaran team &amp; TN theatres ecstatic  100% occupancy announcement  public &amp; healthcare wÂ https://.co/UJoP63cYRE",False,67,,2021-01-05 08:13:30,True,,1346369219839946752,,"<a href=""http://twitter.com/download/android"" rel=""nofollow"">Twitter for Android</a>",TFU_Kannan,13,False,False,,
173,173,174,"RT @SuryahSG: I stand  solidarity  Doctors, Health Workers &amp;  frontline #CoronaWarriors ! I  see Doctors  huge stress. LÂ",False,0,,2021-01-05 08:12:18,False,,1346368915006320640,,"<a href=""http://twitter.com/download/android"" rel=""nofollow"">Twitter for Android</a>",Kavin2496,83,True,False,,
174,174,175,"RT @SuryahSG: I stand  solidarity  Doctors, Health Workers &amp;  frontline #CoronaWarriors ! I  see Doctors  huge stress. LÂ",False,0,,2021-01-05 08:10:39,False,,1346368500743380993,,"<a href=""https://mobile.twitter.com"" rel=""nofollow"">Twitter Web App</a>",Giri851,83,True,False,,
175,175,176,"RT @SuryahSG: I stand  solidarity  Doctors, Health Workers &amp;  frontline #CoronaWarriors ! I  see Doctors  huge stress. LÂ",False,0,,2021-01-05 08:08:09,False,,1346367871648112640,,"<a href=""https://mobile.twitter.com"" rel=""nofollow"">Twitter Web App</a>",KarthikbKallai,83,True,False,,
176,176,177,"RT @SuryahSG: I stand  solidarity  Doctors, Health Workers &amp;  frontline #CoronaWarriors ! I  see Doctors  huge stress. LÂ",False,0,,2021-01-05 08:07:46,False,,1346367773476147200,,"<a href=""http://twitter.com/download/android"" rel=""nofollow"">Twitter for Android</a>",Nivi45,83,True,False,,
177,177,178,"RT @SuryahSG: I stand  solidarity  Doctors, Health Workers &amp;  frontline #CoronaWarriors ! I  see Doctors  huge stress. LÂ",False,0,,2021-01-05 08:06:07,False,,1346367359888490498,,"<a href=""http://twitter.com/download/android"" rel=""nofollow"">Twitter for Android</a>",deepaksnarky,83,True,False,,
178,178,179,"RT @SuryahSG: I stand  solidarity  Doctors, Health Workers &amp;  frontline #CoronaWarriors ! I  see Doctors  huge stress. LÂ",False,0,,2021-01-05 08:05:59,False,,1346367324731789313,,"<a href=""http://twitter.com/download/iphone"" rel=""nofollow"">Twitter for iPhone</a>",ghari1,83,True,False,,
179,179,180,"RT @SuryahSG: I stand  solidarity  Doctors, Health Workers &amp;  frontline #CoronaWarriors ! I  see Doctors  huge stress. LÂ",False,0,,2021-01-05 08:05:42,False,,1346367256603844608,,"<a href=""http://twitter.com/download/android"" rel=""nofollow"">Twitter for Android</a>",GeethaRadhakri6,83,True,False,,
180,180,181,"RT @SuryahSG: I stand  solidarity  Doctors, Health Workers &amp;  frontline #CoronaWarriors ! I  see Doctors  huge stress. LÂ",False,0,,2021-01-05 08:05:20,False,,1346367161879547904,,"<a href=""http://twitter.com/download/android"" rel=""nofollow"">Twitter for Android</a>",Shankardgr8,83,True,False,,
181,181,182,"RT @SuryahSG: I stand  solidarity  Doctors, Health Workers &amp;  frontline #CoronaWarriors ! I  see Doctors  huge stress. LÂ",False,0,,2021-01-05 08:04:23,False,,1346366921449426944,,"<a href=""http://twitter.com/download/android"" rel=""nofollow"">Twitter for Android</a>",Rajini72237576,83,True,False,,
182,182,183,"RT @SuryahSG: I stand  solidarity  Doctors, Health Workers &amp;  frontline #CoronaWarriors ! I  see Doctors  huge stress. LÂ",False,0,,2021-01-05 08:04:09,False,,1346366863421292544,,"<a href=""https://mobile.twitter.com"" rel=""nofollow"">Twitter Web App</a>",pradipnandi1973,83,True,False,,
183,183,184,"RT @SuryahSG: I stand  solidarity  Doctors, Health Workers &amp;  frontline #CoronaWarriors ! I  see Doctors  huge stress. LÂ",False,0,,2021-01-05 08:03:43,False,,1346366756420427776,,"<a href=""http://twitter.com/download/android"" rel=""nofollow"">Twitter for Android</a>",saarjuna,83,True,False,,
184,184,185,"RT @SuryahSG: I stand  solidarity  Doctors, Health Workers &amp;  frontline #CoronaWarriors ! I  see Doctors  huge stress. LÂ",False,0,,2021-01-05 08:02:32,False,,1346366458880614401,,"<a href=""https://mobile.twitter.com"" rel=""nofollow"">Twitter Web App</a>",sudhakaranm78,83,True,False,,
185,185,186,"RT @SuryahSG: I stand  solidarity  Doctors, Health Workers &amp;  frontline #CoronaWarriors ! I  see Doctors  huge stress. LÂ",False,0,,2021-01-05 08:02:10,False,,1346366367625142272,,"<a href=""http://twitter.com/#!/download/ipad"" rel=""nofollow"">Twitter for iPad</a>",Mamatha108,83,True,False,,
186,186,187,"RT @SuryahSG: I stand  solidarity  Doctors, Health Workers &amp;  frontline #CoronaWarriors ! I  see Doctors  huge stress. LÂ",False,0,,2021-01-05 08:01:55,False,,1346366300688326656,,"<a href=""http://twitter.com/download/android"" rel=""nofollow"">Twitter for Android</a>",RamVaradhan16,83,True,False,,
187,187,188,"RT @SuryahSG: I stand  solidarity  Doctors, Health Workers &amp;  frontline #CoronaWarriors ! I  see Doctors  huge stress. LÂ",False,0,,2021-01-05 08:01:32,False,,1346366204886228993,,"<a href=""http://twitter.com/download/iphone"" rel=""nofollow"">Twitter for iPhone</a>",AjithLoyalist,83,True,False,,
188,188,189,"RT @SuryahSG: I stand  solidarity  Doctors, Health Workers &amp;  frontline #CoronaWarriors ! I  see Doctors  huge stress. LÂ",False,0,,2021-01-05 07:58:13,False,,1346365370848841729,,"<a href=""http://twitter.com/download/android"" rel=""nofollow"">Twitter for Android</a>",Namo_Bhakt1008,83,True,False,,
189,189,190,"I stand  solidarity  Doctors, Health Workers &amp;  frontline #CoronaWarriors ! I  see Doctors  hugeÂ https://.co/wBPABWa6i0",False,250,,2021-01-05 07:56:57,True,,1346365052794724352,,"<a href=""http://twitter.com/download/iphone"" rel=""nofollow"">Twitter for iPhone</a>",SuryahSG,83,False,False,,
190,190,191,"Protest  #Kilinochchi  forced #cremations  campaign across #North-#East continues.

#lkaÂ https://.co/lHrd5P8E5g",False,0,,2021-01-05 07:10:05,True,,1346353258248495105,,"<a href=""https://mobile.twitter.com"" rel=""nofollow"">Twitter Web App</a>",Mohammed_Aashsd,0,False,False,,
191,191,192,"#Airport #ReOpening

All #international Airports   country   completely opened  #foreigners  23rdÂ https://.co/7kilcTiAhS",False,1,,2021-01-05 06:57:43,True,,1346350146393501698,,"<a href=""http://twitter.com/download/iphone"" rel=""nofollow"">Twitter for iPhone</a>",Naveeth14,0,False,False,,
192,192,193,"Thoughts  100% occupancy  theatres? 

#MasterFilm #EeswaranPongal #lockdown #Corona #vaccine #Theatres",False,0,,2021-01-05 04:13:16,False,,1346308759040114688,,"<a href=""http://twitter.com/download/android"" rel=""nofollow"">Twitter for Android</a>",sundar_pl,0,False,False,,
193,193,194,"#Isolation #Update<f0><U+009F><U+009B><U+0091>

St. Andrews Road, St. Andrews Lower Road &amp; Upper Road  #Mutwal(#Modara) Police area isolatedÂ https://.co/NooKmSSU0B",False,4,,2021-01-05 01:17:18,True,,1346264476115476480,,"<a href=""http://twitter.com/download/iphone"" rel=""nofollow"">Twitter for iPhone</a>",Naveeth14,0,False,False,,
194,194,195,"#Covid19 #Update<f0><U+009F><U+00A6><U+00A0>
2021-01-04

#Two(02) #COVID-19 related #deaths reported  #Rathnapura  467 new #cases recordeÂ https://.co/Eku5uFkHss",False,0,,2021-01-04 16:02:55,True,,1346124962873171975,,"<a href=""http://twitter.com/download/iphone"" rel=""nofollow"">Twitter for iPhone</a>",Naveeth14,0,False,False,,
195,195,196,"https://.co/zHvPCIppYs  <f0><U+009F><U+0091><U+0088>click 

Pls watch  youtube <f0><U+009F><U+00A4><U+0097><f0><U+009F><U+0098><U+008A><f0><U+009F><U+00A4><U+00A9><f0><U+009F><U+00A4><U+009D> 
#nationallockdown #memur #level5 #schoolsreopeningÂ https://.co/zMiX65cDX5",False,0,,2021-01-04 16:01:23,True,,1346124577663946755,,"<a href=""http://twitter.com/download/android"" rel=""nofollow"">Twitter for Android</a>",Rohithsuresh602,0,False,False,,
196,196,197,"#Isolation #Lifted<U+2705>

Isolation imposed   #Avissawella #police division   lifted  immediate effect.Â https://.co/OPuA4TejKv",False,1,,2021-01-04 15:56:02,True,,1346123231367983106,,"<a href=""http://twitter.com/download/iphone"" rel=""nofollow"">Twitter for iPhone</a>",Naveeth14,0,False,False,,
197,197,198,"#BreakingNew
WARNING-DONT BE COMPLACENT 
HereÂ Why Vaccinated People Still Need  Wear  Mask-Wiki Wicks '21-01-0Â https://.co/ocVrKqBiOS",False,0,,2021-01-04 15:24:00,True,,1346115169294827520,,"<a href=""http://twitter.com/download/android"" rel=""nofollow"">Twitter for Android</a>",Wikiayiyaa,0,False,False,,
198,198,199,@kishendas Fact   fan guys(NB : Not  particular star) ' understand   things(PS : Not everyone)Â https://.co/tUBdrAtNNI,False,3,kishendas,2021-01-04 14:40:47,True,1.3460928538358866e+18,1346104294982893570,117985420.0,"<a href=""http://twitter.com/download/android"" rel=""nofollow"">Twitter for Android</a>",AmaljithJithu,0,False,False,,
199,199,200,"#Moeen #Ali #Tested #positive<f0><U+009F><U+00A6><U+00A0>

@englandcricket -rounder @MoeenaliAli Ali  tested positive  #coronavirus Â https://.co/Buegqlag33",False,1,,2021-01-04 13:17:25,True,,1346083312079667200,,"<a href=""http://twitter.com/download/iphone"" rel=""nofollow"">Twitter for iPhone</a>",Naveeth14,0,False,False,,
200,200,201,"#Burial  #cremation: Two expert committees give conflicting views .

#SriLanka #islalamophobia #Covid_19 #CoronaÂ https://.co/MGTnlCpb0T",False,0,,2021-01-04 11:59:22,True,,1346063669390696448,,"<a href=""https://mobile.twitter.com"" rel=""nofollow"">Twitter Web App</a>",Mohammed_Aashsd,0,False,False,,
201,201,202,"Be  COVID Warrior.Please use high quality Mask manufactured  ProbeLab India.

For  information please call +Â https://.co/ZxGLevbjyk",False,0,,2021-01-04 11:55:09,True,,1346062608823169026,,"<a href=""https://www.hootsuite.com"" rel=""nofollow"">Hootsuite Inc.</a>",probe_lab,0,False,False,,
202,202,203,@TAKerala_off @TFO_off @actorvijay #Corona   way <f0><U+009F><U+0098><U+008B>,False,0,TAKerala_off,2021-01-04 11:42:12,False,1.3460571312381993e+18,1346059351132430336,1.005341220934058e+18,"<a href=""http://twitter.com/download/android"" rel=""nofollow"">Twitter for Android</a>",memillerdoff,0,False,False,,
203,203,204,"#O/L grades  #recommence

Grade 11 classes   #schools, excluding   #isolated areas,  commence Â https://.co/zDHsbUlbR3",False,0,,2021-01-04 08:26:32,True,,1346010110468919296,,"<a href=""http://twitter.com/download/iphone"" rel=""nofollow"">Twitter for iPhone</a>",Naveeth14,0,False,False,,
204,204,205,"#UkrainianÂ #tour #canceled<f0><U+009F><U+009B><U+0091>

The tours scheduled  #Polonnaruwa  #Sigiriya today &amp; tomorrow   UkrainianÂ https://.co/u1IcR0O4fx",False,4,,2021-01-04 05:52:55,True,,1345971451036221442,,"<a href=""http://twitter.com/download/iphone"" rel=""nofollow"">Twitter for iPhone</a>",Naveeth14,0,False,False,,
205,205,206,"#Isolation #Lifted<U+2705>

The isolation order imposed   #NHS #housing scheme  #Maligawatte lifted  immediateÂ https://.co/7Qo6NW3IZm",False,1,,2021-01-04 05:49:57,True,,1345970704001376257,,"<a href=""http://twitter.com/download/iphone"" rel=""nofollow"">Twitter for iPhone</a>",Naveeth14,0,False,False,,
206,206,207,"RT @kuttypaiyan_ak: Bus Accident | Aji Game Zone
Video link - https://.co/Zq9e95lhEf
High graphic game<f0><U+009F><U+0098><U+008D>
#corona
#CoronaVaccine 
#coronavirÂ",False,0,,2021-01-03 15:50:27,False,,1345759437533962243,,"<a href=""http://JuanRBbbb.com"" rel=""nofollow"">JuanRBbbb</a>",JuanBRob,1,True,False,,
207,207,208,"Bus Accident | Aji Game Zone
Video link - https://.co/Zq9e95lhEf
High graphic game<f0><U+009F><U+0098><U+008D>
#corona
#CoronaVaccineÂ https://.co/PelLqsaLad",False,2,,2021-01-03 15:49:19,True,,1345759151977234434,,"<a href=""http://twitter.com/download/android"" rel=""nofollow"">Twitter for Android</a>",kuttypaiyan_ak,1,False,False,,
208,208,209,"With 8 fresh cases  recorded  Sunday,  total number  persons affected   virus,  Nilgiris,Â https://.co/G3MmRLLODC",False,0,,2021-01-03 14:34:31,True,,1345740328725139456,,"<a href=""http://twitter.com/download/android"" rel=""nofollow"">Twitter for Android</a>",CovaiPost,0,False,False,,
209,209,210,"RT @kuttypaiyan_ak: Bus Simulator ultimate | Headlight Gamer
Video link - https://.co/M48aSQ9Bf5 
Tamil songs available  bus<f0><U+009F><U+0098><U+008D><f0><U+009F><U+008E><U+00B6>
#FarmersWÂ",False,0,,2021-01-03 10:38:05,False,,1345680828093743105,,"<a href=""http://twitter.com/download/android"" rel=""nofollow"">Twitter for Android</a>",Vijayfc2658,1,True,False,,
210,210,211,"Bus Simulator ultimate | Headlight Gamer
Video link - https://.co/M48aSQ9Bf5 
Tamil songs available  bus<f0><U+009F><U+0098><U+008D><f0><U+009F><U+008E><U+00B6>Â https://.co/QPzkanjRYF",False,4,,2021-01-03 10:37:52,True,,1345680773429436416,,"<a href=""http://twitter.com/download/android"" rel=""nofollow"">Twitter for Android</a>",kuttypaiyan_ak,1,False,False,,
211,211,212,COVID free India #CoronaVaccine #vaccination #vaccine #corona #india https://.co/0cqNsgeLXZ,False,2,,2021-01-03 10:31:15,False,,1345679109775507457,,"<a href=""http://twitter.com/download/android"" rel=""nofollow"">Twitter for Android</a>",SelvakumarRohit,0,False,False,,
212,212,213,"How dangerous   new COVID-19 strain? 
https://.co/3RD6UREOgK 

#NewCovidStrain #Covid19 #Information #Corona #MutatedCovid",False,1,,2021-01-03 05:55:14,False,,1345609647852384257,,"<a href=""https://mobile.twitter.com"" rel=""nofollow"">Twitter Web App</a>",PravasiBoard,1,False,False,,
213,213,214,"#Covid-19 #Update*<f0><U+009F><U+00A6><U+00A0>
2021-01-02

#Three(03) #COVID19 related #deaths  502 new cases recorded  #Sri #Lanka <f0><U+009F><U+0087><U+00B1><f0><U+009F><U+0087><U+00B0>Â https://.co/cq8XnNutDt",False,3,,2021-01-02 14:34:12,True,,1345377859024654337,,"<a href=""http://twitter.com/download/iphone"" rel=""nofollow"">Twitter for iPhone</a>",Naveeth14,0,False,False,,
214,214,215,Union Health Minister Harsh Vardhan  said  covid vaccine   provided free  cost across  country.Â https://.co/BkgQugn8vn,False,0,,2021-01-02 07:59:24,True,,1345278503722262529,,"<a href=""http://twitter.com/download/android"" rel=""nofollow"">Twitter for Android</a>",CovaiPost,0,False,False,,
215,215,216,"#CFPSL condemned #Ali SabriÂ interferance   independent death management process.

#SriLanka #islalamophobiaÂ https://.co/KHBYkpDeIY",False,1,,2021-01-01 15:58:00,True,,1345036560433963011,,"<a href=""https://mobile.twitter.com"" rel=""nofollow"">Twitter Web App</a>",Mohammed_Aashsd,0,False,False,,
216,216,217,Coimbatore  among  cities included   nationwide trial run  mass Covid-19 vaccination  Saturday.Â https://.co/tWxZumm2uu,False,1,,2021-01-01 14:33:07,True,,1345015200454361088,,"<a href=""http://twitter.com/download/android"" rel=""nofollow"">Twitter for Android</a>",CovaiPost,1,False,False,,
217,217,218,"Need #Covid19 / #Corona Negative Certificate? ???

#KeralaTheater Reopen With 50% occ....
For
#MasterPongal  Jan 13Â https://.co/YiPryi0ekZ",False,0,,2021-01-01 13:26:44,True,,1344998494176641025,,"<a href=""http://twitter.com/download/android"" rel=""nofollow"">Twitter for Android</a>",Tamizh5665,0,False,False,,
218,218,219,"#Isolation #Update<f0><U+009F><U+009B><U+0091>

The #Kattankudy Police area  #Kalmunai 1, 1C, 1E, 2, 2A, 2B, 3, 3A, #KalmunaiKudi 1, 2 Â https://.co/zqsnydPots",False,3,,2021-01-01 07:45:23,True,,1344912589344669696,,"<a href=""http://twitter.com/download/iphone"" rel=""nofollow"">Twitter for iPhone</a>",Naveeth14,0,False,False,,
219,219,220,"Freedom  mutation  Copper protection..!
https://.co/mI8b7diGL3
#covid_19 #corona #coppermaskÂ https://.co/u35IO2SQJY",False,0,,2021-01-01 04:21:06,True,,1344861179244466177,,"<a href=""http://instagram.com"" rel=""nofollow"">Instagram</a>",sureshway,0,False,False,,
220,220,221,"#COVID19 #Update<f0><U+009F><U+00A6><U+00A0>

So far #today 5 #Deaths  592 News cases reported 

<U+25AA><U+FE0F>Total Cases - 43,299
<U+25AA><U+FE0F>Recoveries - 35,3Â https://.co/wP68tX7aPz",False,3,,2020-12-31 14:45:42,True,,1344655979804241920,,"<a href=""http://twitter.com/download/iphone"" rel=""nofollow"">Twitter for iPhone</a>",Naveeth14,0,False,False,,
221,221,222,"RT @PIBTvpm: On  last day   year, let' remember  salute  frontline #Corona Warriors!!

A Tribute  sand   brilliant @Â",False,0,,2020-12-31 09:37:53,False,,1344578514075303936,,"<a href=""https://mobile.twitter.com"" rel=""nofollow"">Twitter Web App</a>",dfptvm,1,True,False,,
222,222,223,"RT @PIBTvpm: @PMOIndia @narendramodi:

This last day   year, let' remember India' millions  doctors, health workers, sanitation woÂ",False,0,,2020-12-31 09:33:24,False,,1344577385400729600,,"<a href=""https://mobile.twitter.com"" rel=""nofollow"">Twitter Web App</a>",dfptvm,2,True,False,,
223,223,224,"RT @PIBTvpm: @PMOIndia @narendramodi:

This last day   year, let' remember India' millions  doctors, health workers, sanitation woÂ",False,0,,2020-12-31 08:44:49,False,,1344565159021277184,,"<a href=""https://mobile.twitter.com"" rel=""nofollow"">Twitter Web App</a>",PIBTvpm,2,True,False,,
224,224,225,"@PMOIndia @narendramodi:

This last day   year, let' remember India' millions  doctors, health workers, saÂ https://.co/wPsGYYPOsD",False,1,PMOIndia,2020-12-31 08:44:30,True,,1344565080009052160,471741741.0,"<a href=""https://mobile.twitter.com"" rel=""nofollow"">Twitter Web App</a>",PIBTvpm,2,False,False,,
225,225,226,"Lastday #2020yr I thought mostly  Bad memories   year.bcos  #Corona,#cyclones,#landslide,
#deaths,Â https://.co/JgVPlVZSmD",False,0,,2020-12-31 06:58:30,True,,1344538403237371906,,"<a href=""http://twitter.com/download/android"" rel=""nofollow"">Twitter for Android</a>",thamizhan2021,0,False,False,,
226,226,227,"On  last day   year, let' remember  salute  frontline #Corona Warriors!!

A Tribute  sand   bÂ https://.co/f8soSCDTw3",False,2,,2020-12-31 06:07:31,True,,1344525572777472001,,"<a href=""https://mobile.twitter.com"" rel=""nofollow"">Twitter Web App</a>",PIBTvpm,1,False,False,,
227,227,228,"Corona '   pandemic '    endemic ,    adapt  #corona @WHO @MoHFW_INDIA @PMOIndia",False,0,,2020-12-30 17:09:09,False,,1344329691071537152,,"<a href=""http://twitter.com/download/android"" rel=""nofollow"">Twitter for Android</a>",karthik_hunt,0,False,False,,
228,228,229,"#COVID19 #Update<f0><U+009F><U+00A6><U+00A0>
2020-12-30

So far #today 4 #Deaths  639 #New cases reported 

<U+25AA><U+FE0F>Total Cases - 42,702
<U+25AA><U+FE0F>RecoveÂ https://.co/W2o7pLJ6sr",False,1,,2020-12-30 17:07:58,True,,1344329394567983104,,"<a href=""http://twitter.com/download/iphone"" rel=""nofollow"">Twitter for iPhone</a>",Naveeth14,0,False,False,,
229,229,230,"RT @fanboysab: Zoom   eyes <f0><U+009F><U+0098><U+0088>
Action packed #Vaathi  coming !
inga mudinchuthu un vela #Corona ipa Vudu  aala #MasterPongal <f0><U+009F><U+0094><U+00A5> #MastÂ",False,0,,2020-12-30 16:36:25,False,,1344321453697613824,,"<a href=""https://mobile.twitter.com"" rel=""nofollow"">Twitter Web App</a>",Icon39661904,1,True,False,,
230,230,231,"Zoom   eyes <f0><U+009F><U+0098><U+0088>
Action packed #Vaathi  coming !
inga mudinchuthu un vela #Corona ipa Vudu  aalaÂ https://.co/3lVnzWID1U",False,3,,2020-12-30 16:08:50,True,,1344314510505459716,,"<a href=""http://twitter.com/download/android"" rel=""nofollow"">Twitter for Android</a>",fanboysab,1,False,False,,
231,231,232,"RT @infodprtsl: <f0><U+009F><U+0091><U+0089><f0><U+009F><U+0091><U+0089>Kosgama Police Division   designated   isolated area  released  isolation
#Srilankan #Srilanka #lka #LaÂ",False,0,,2020-12-30 13:20:48,False,,1344272223557754882,,"<a href=""https://about.twitter.com/products/tweetdeck"" rel=""nofollow"">TweetDeck</a>",erangatennakoon,4,True,False,,
