,,,text,favorited,favoriteCount,replyToSN,created,truncated,replyToSID,id,replyToUID,statusSource,screenName,retweetCount,isRetweet,retweeted,longitude,latitude
0,0,1,"RT @infodprtsl: Five covid-19 infection deaths  reported  Sri Lanka
#Srilankan #Srilanka #lka #Lanka #Ceylon #DGI #Government #InformÂ",False,0,,2021-02-26 16:31:30,False,,1365338711513133063,,,UCRGalle,3,True,False,,
1,1,2,"RT @infodprtsl: Five covid-19 infection deaths  reported  Sri Lanka
#Srilankan #Srilanka #lka #Lanka #Ceylon #DGI #Government #InformÂ",False,0,,2021-02-26 15:41:43,False,,1365326184549027840,,"<a href=""https://mobile.twitter.com"" rel=""nofollow"">Twitter Web App</a>",rehanumfernando,3,True,False,,
2,2,3,"Five covid-19 infection deaths  reported  Sri Lanka
#Srilankan #Srilanka #lka #Lanka #Ceylon #DGI #GovernmentÂ https://.co/jhZi3Egqdf",False,4,,2021-02-26 15:38:36,True,,1365325398712614915,,"<a href=""https://mobile.twitter.com"" rel=""nofollow"">Twitter Web App</a>",infodprtsl,3,False,False,,
3,3,4,"RT @infodprtsl: ---------------------2021-02-26-------------------
240 Covid-19 patients  reported
#Srilankan #Srilanka #lka #Lanka #CeÂ",False,0,,2021-02-26 15:32:01,False,,1365323741484343297,,,UCRGalle,2,True,False,,
4,4,5,"---------------------2021-02-26-------------------
240 Covid-19 patients  reported
#Srilankan #Srilanka #lkaÂ https://.co/I5HBc39Z9t",False,3,,2021-02-26 15:13:49,True,,1365319164135501825,,"<a href=""https://mobile.twitter.com"" rel=""nofollow"">Twitter Web App</a>",infodprtsl,2,False,False,,
5,5,6,"RT @infodprtsl: ---------------------2021-02-26-------------------
247 Covid-19 patients  reported
#Srilankan #Srilanka #lka #Lanka #CeÂ",False,0,,2021-02-26 14:30:59,False,,1365308383012655106,,,UCRGalle,2,True,False,,
6,6,7,"---------------------2021-02-26-------------------
247 Covid-19 patients  reported
#Srilankan #Srilanka #lkaÂ https://.co/VttGiG4mL2",False,2,,2021-02-26 13:58:48,True,,1365300284688199681,,"<a href=""https://mobile.twitter.com"" rel=""nofollow"">Twitter Web App</a>",infodprtsl,2,False,False,,
7,7,8,"'Nurses   slaves  anyone'
 
UNA Thiruvanathapuram Nurses' Solidarity  Malappuram NHM UNA Nurses StruggliÂ https://.co/YybjjnXadl",False,3,,2021-02-26 01:22:14,True,,1365109887135608834,,"<a href=""http://twitter.com/download/android"" rel=""nofollow"">Twitter for Android</a>",united_nurses,0,False,False,,
8,8,9,"Gazette notification allowing burial  COVID-19 bodies   issued   Government Printer. 

#SriLanka #lkaÂ https://.co/SXLoPoKgnT",False,2,,2021-02-25 18:12:23,True,,1365001712742768641,,"<a href=""http://twitter.com/download/android"" rel=""nofollow"">Twitter for Android</a>",AhsanAfthar98,0,False,False,,
9,9,10,"RT @newsdotlk: ---------------------2021-02-25-------------------
Two covid-19 infection deaths  reported  Sri Lanka
#Srilankan #SrilÂ",False,0,,2021-02-25 17:31:31,False,,1364991426799357952,,,UCRGalle,2,True,False,,
10,10,11,"RT @infodprtsl: 224 Covid-19 patients  reported
#Srilankan #Srilanka #lka #Lanka #Ceylon #DGI #Government #Information #Department #NewÂ",False,0,,2021-02-25 17:31:00,False,,1364991296683737090,,,UCRGalle,3,True,False,,
11,11,12,RT @rajasekharv1979: Really! Wow! Most   #Corona batch  students  rejoice   may struggle  facing  10+2 board examinaÂ,False,0,,2021-02-25 17:13:50,False,,1364986976152133635,,"<a href=""http://twitter.com/download/android"" rel=""nofollow"">Twitter for Android</a>",rajselva1987,2,True,False,,
12,12,13,"224 Covid-19 patients  reported
#Srilankan #Srilanka #lka #Lanka #Ceylon #DGI #Government #InformationÂ https://.co/buT5A64YyU",False,3,,2021-02-25 16:57:02,True,,1364982752127242240,,"<a href=""https://mobile.twitter.com"" rel=""nofollow"">Twitter Web App</a>",infodprtsl,3,False,False,,
13,13,14,"---------------------2021-02-25-------------------
Two covid-19 infection deaths  reported  Sri LankaÂ https://.co/yDXHGtFnak",False,2,,2021-02-25 16:50:43,True,,1364981162007875585,,"<a href=""http://twitter.com/download/android"" rel=""nofollow"">Twitter for Android</a>",newsdotlk,2,False,False,,
14,14,15,"RT @infodprtsl: ---------------------2021-02-25-------------------
Two covid-19 infection deaths  reported  Sri Lanka
#Srilankan #SriÂ",False,0,,2021-02-25 15:33:28,False,,1364961719781634060,,"<a href=""https://mobile.twitter.com"" rel=""nofollow"">Twitter Web App</a>",rehanumfernando,3,True,False,,
15,15,16,"RT @infodprtsl: ---------------------2021-02-25-------------------
Two covid-19 infection deaths  reported  Sri Lanka
#Srilankan #SriÂ",False,0,,2021-02-25 15:31:00,False,,1364961098278002699,,,UCRGalle,3,True,False,,
16,16,17,"---------------------2021-02-25-------------------
Two covid-19 infection deaths  reported  Sri LankaÂ https://.co/ug8kiuQgzd",False,6,,2021-02-25 15:29:32,True,,1364960731372937221,,"<a href=""https://mobile.twitter.com"" rel=""nofollow"">Twitter Web App</a>",infodprtsl,3,False,False,,
17,17,18,"RT @infodprtsl: ---------------------2021-02-25-------------------
240 Covid-19 patients  reported
#Srilankan #Srilanka #lka #Lanka #CeÂ",False,0,,2021-02-25 14:31:00,False,,1364945999022686213,,,UCRGalle,2,True,False,,
18,18,19,"---------------------2021-02-25-------------------
240 Covid-19 patients  reported
#Srilankan #Srilanka #lkaÂ https://.co/eQK5u5QuNY",False,3,,2021-02-25 14:22:23,True,,1364943832027197441,,"<a href=""https://mobile.twitter.com"" rel=""nofollow"">Twitter Web App</a>",infodprtsl,2,False,False,,
19,19,20,RT @rajasekharv1979: Really! Wow! Most   #Corona batch  students  rejoice   may struggle  facing  10+2 board examinaÂ,False,0,,2021-02-25 07:34:47,False,,1364841253716697092,,"<a href=""http://twitter.com/download/android"" rel=""nofollow"">Twitter for Android</a>",ImSaravananJ,2,True,False,,
20,20,21,Really! Wow! Most   #Corona batch  students  rejoice   may struggle  facing  10+2 board examÂ https://.co/kuqa5C69Dy,False,2,,2021-02-25 05:52:08,True,,1364815422126579714,,"<a href=""https://mobile.twitter.com"" rel=""nofollow"">Twitter Web App</a>",rajasekharv1979,2,False,False,,
21,21,22,RT @JithuShajiVar4: #India fight  #Corona. #tzvip #<U+0E1A><U+0E19><U+0E40><U+0E15><U+0E35><U+0E22><U+0E07><U+0E14><U+0E32><U+0E23><U+0E32> #SnowfallFX #<U+0627><U+0644><U+062F><U+064A><U+0648><U+0627><U+0646>_<U+0627><U+0644><U+0645><U+0644><U+0643><U+064A> #<U+0645><U+062D><U+0645><U+062F>_<U+0628><U+0646>_<U+0633><U+0644><U+0645><U+0627><U+0646> #bigbrothernlbe #<U+0645><U+0634>_<U+0646><U+0627><U+0632><U+0644><U+064A><U+0646>Â,False,0,,2021-02-25 04:49:06,False,,1364799560984453123,,"<a href=""https://mobile.twitter.com"" rel=""nofollow"">Twitter Web App</a>",49Damat,8,True,False,,
22,22,23,RT @JithuShajiVar4: #India fight  #Corona. #tzvip #<U+0E1A><U+0E19><U+0E40><U+0E15><U+0E35><U+0E22><U+0E07><U+0E14><U+0E32><U+0E23><U+0E32> #SnowfallFX #<U+0627><U+0644><U+062F><U+064A><U+0648><U+0627><U+0646>_<U+0627><U+0644><U+0645><U+0644><U+0643><U+064A> #<U+0645><U+062D><U+0645><U+062F>_<U+0628><U+0646>_<U+0633><U+0644><U+0645><U+0627><U+0646> #bigbrothernlbe #<U+0645><U+0634>_<U+0646><U+0627><U+0632><U+0644><U+064A><U+0646>Â,False,0,,2021-02-25 02:25:56,False,,1364763531908947971,,"<a href=""http://twitter.com/#!/download/ipad"" rel=""nofollow"">Twitter for iPad</a>",fatema20002015,8,True,False,,
23,23,24,RT @JithuShajiVar4: #India fight  #Corona. #tzvip #<U+0E1A><U+0E19><U+0E40><U+0E15><U+0E35><U+0E22><U+0E07><U+0E14><U+0E32><U+0E23><U+0E32> #SnowfallFX #<U+0627><U+0644><U+062F><U+064A><U+0648><U+0627><U+0646>_<U+0627><U+0644><U+0645><U+0644><U+0643><U+064A> #<U+0645><U+062D><U+0645><U+062F>_<U+0628><U+0646>_<U+0633><U+0644><U+0645><U+0627><U+0646> #bigbrothernlbe #<U+0645><U+0634>_<U+0646><U+0627><U+0632><U+0644><U+064A><U+0646>Â,False,0,,2021-02-25 01:57:38,False,,1364756407531278337,,"<a href=""http://twitter.com/download/android"" rel=""nofollow"">Twitter for Android</a>",Omkolthoum9,8,True,False,,
24,24,25,RT @JithuShajiVar4: #India fight  #Corona. #tzvip #<U+0E1A><U+0E19><U+0E40><U+0E15><U+0E35><U+0E22><U+0E07><U+0E14><U+0E32><U+0E23><U+0E32> #SnowfallFX #<U+0627><U+0644><U+062F><U+064A><U+0648><U+0627><U+0646>_<U+0627><U+0644><U+0645><U+0644><U+0643><U+064A> #<U+0645><U+062D><U+0645><U+062F>_<U+0628><U+0646>_<U+0633><U+0644><U+0645><U+0627><U+0646> #bigbrothernlbe #<U+0645><U+0634>_<U+0646><U+0627><U+0632><U+0644><U+064A><U+0646>Â,False,0,,2021-02-25 01:56:33,False,,1364756135190831106,,"<a href=""http://twitter.com/download/android"" rel=""nofollow"">Twitter for Android</a>",aacbis,8,True,False,,
25,25,26,RT @JithuShajiVar4: #India fight  #Corona. #tzvip #<U+0E1A><U+0E19><U+0E40><U+0E15><U+0E35><U+0E22><U+0E07><U+0E14><U+0E32><U+0E23><U+0E32> #SnowfallFX #<U+0627><U+0644><U+062F><U+064A><U+0648><U+0627><U+0646>_<U+0627><U+0644><U+0645><U+0644><U+0643><U+064A> #<U+0645><U+062D><U+0645><U+062F>_<U+0628><U+0646>_<U+0633><U+0644><U+0645><U+0627><U+0646> #bigbrothernlbe #<U+0645><U+0634>_<U+0646><U+0627><U+0632><U+0644><U+064A><U+0646>Â,False,0,,2021-02-25 01:55:14,False,,1364755806323810306,,"<a href=""http://twitter.com/download/android"" rel=""nofollow"">Twitter for Android</a>",JALimit,8,True,False,,
26,26,27,RT @JithuShajiVar4: #India fight  #Corona. #tzvip #<U+0E1A><U+0E19><U+0E40><U+0E15><U+0E35><U+0E22><U+0E07><U+0E14><U+0E32><U+0E23><U+0E32> #SnowfallFX #<U+0627><U+0644><U+062F><U+064A><U+0648><U+0627><U+0646>_<U+0627><U+0644><U+0645><U+0644><U+0643><U+064A> #<U+0645><U+062D><U+0645><U+062F>_<U+0628><U+0646>_<U+0633><U+0644><U+0645><U+0627><U+0646> #bigbrothernlbe #<U+0645><U+0634>_<U+0646><U+0627><U+0632><U+0644><U+064A><U+0646>Â,False,0,,2021-02-25 01:49:04,False,,1364754251688337413,,"<a href=""http://twitter.com/download/android"" rel=""nofollow"">Twitter for Android</a>",163abdallah,8,True,False,,
27,27,28,RT @JithuShajiVar4: #India fight  #Corona. #tzvip #<U+0E1A><U+0E19><U+0E40><U+0E15><U+0E35><U+0E22><U+0E07><U+0E14><U+0E32><U+0E23><U+0E32> #SnowfallFX #<U+0627><U+0644><U+062F><U+064A><U+0648><U+0627><U+0646>_<U+0627><U+0644><U+0645><U+0644><U+0643><U+064A> #<U+0645><U+062D><U+0645><U+062F>_<U+0628><U+0646>_<U+0633><U+0644><U+0645><U+0627><U+0646> #bigbrothernlbe #<U+0645><U+0634>_<U+0646><U+0627><U+0632><U+0644><U+064A><U+0646>Â,False,0,,2021-02-25 01:48:12,False,,1364754034134044673,,"<a href=""http://twitter.com/download/iphone"" rel=""nofollow"">Twitter for iPhone</a>",feministbizuzu,8,True,False,,
28,28,29,RT @JithuShajiVar4: #India fight  #Corona. #tzvip #<U+0E1A><U+0E19><U+0E40><U+0E15><U+0E35><U+0E22><U+0E07><U+0E14><U+0E32><U+0E23><U+0E32> #SnowfallFX #<U+0627><U+0644><U+062F><U+064A><U+0648><U+0627><U+0646>_<U+0627><U+0644><U+0645><U+0644><U+0643><U+064A> #<U+0645><U+062D><U+0645><U+062F>_<U+0628><U+0646>_<U+0633><U+0644><U+0645><U+0627><U+0646> #bigbrothernlbe #<U+0645><U+0634>_<U+0646><U+0627><U+0632><U+0644><U+064A><U+0646>Â,False,0,,2021-02-25 01:45:40,False,,1364753396197175296,,"<a href=""http://twitter.com/download/android"" rel=""nofollow"">Twitter for Android</a>",mohsen08754804,8,True,False,,
29,29,30,#India fight  #Corona. #tzvip #<U+0E1A><U+0E19><U+0E40><U+0E15><U+0E35><U+0E22><U+0E07><U+0E14><U+0E32><U+0E23><U+0E32> #SnowfallFX #<U+0627><U+0644><U+062F><U+064A><U+0648><U+0627><U+0646>_<U+0627><U+0644><U+0645><U+0644><U+0643><U+064A> #<U+0645><U+062D><U+0645><U+062F>_<U+0628><U+0646>_<U+0633><U+0644><U+0645><U+0627><U+0646> #bigbrothernlbeÂ https://.co/WtjXeCohXT,False,6,,2021-02-25 01:44:52,True,,1364753198133567489,,"<a href=""http://twitter.com/download/android"" rel=""nofollow"">Twitter for Android</a>",JithuShajiVar4,8,False,False,,
30,30,31,"RT @infodprtsl: Four covid-19 infection deaths  reported  Sri Lanka
#Srilankan #Srilanka #lka #Lanka #Ceylon #DGI #Government #InformÂ",False,0,,2021-02-24 18:31:33,False,,1364644148062617614,,,UCRGalle,3,True,False,,
31,31,32,"RT @infodprtsl: Four covid-19 infection deaths  reported  Sri Lanka
#Srilankan #Srilanka #lka #Lanka #Ceylon #DGI #Government #InformÂ",False,0,,2021-02-24 16:14:39,False,,1364609697194549250,,"<a href=""https://mobile.twitter.com"" rel=""nofollow"">Twitter Web App</a>",Lasaa_V,3,True,False,,
32,32,33,"Four covid-19 infection deaths  reported  Sri Lanka
#Srilankan #Srilanka #lka #Lanka #Ceylon #DGI #GovernmentÂ https://.co/kMJUizxmVj",False,2,,2021-02-24 16:11:09,True,,1364608816898170884,,"<a href=""https://mobile.twitter.com"" rel=""nofollow"">Twitter Web App</a>",infodprtsl,3,False,False,,
33,33,34,"Individuals  NCDs  receive  #COVID19Vaccine: Dr. Amal Harsha de Silva 

https://.co/y2Ft4yFng3 

#lkaÂ https://.co/m5vrbvxsWk",False,0,,2021-02-24 10:54:13,True,,1364529056532754436,,"<a href=""https://mobile.twitter.com"" rel=""nofollow"">Twitter Web App</a>",CeylonToday,1,False,False,,
34,34,35,@lahiruDar @Huzthelonewolf  cup-shaped growth   centre   daffodil #botany #Corona <f0><U+009F><U+0098><U+0082><f0><U+009F><U+0098><U+0082><f0><U+009F><U+0098><U+0082><f0><U+009F><U+0098><U+0082>,False,1,lahiruDar,2021-02-24 07:27:19,False,1.3644646570632397e+18,1364476986853265410,2607440251.0,"<a href=""http://twitter.com/download/android"" rel=""nofollow"">Twitter for Android</a>",trappedalien,0,False,False,,
35,35,36,"Something  consider? Probably yeah. #COVID19 #flying #flyingduringcovid #coronavirus #Corona #shouldyoufly
https://.co/VJDciUnRoH",False,0,,2021-02-24 06:01:32,False,,1364455399894646786,,"<a href=""http://twitter.com/download/android"" rel=""nofollow"">Twitter for Android</a>",harisharvnd,0,False,False,,
36,36,37,RT @JithuShajiVar4: Aviation hits adversely. #<U+0E17><U+0E31><U+0E01><U+0E29><U+0E34><U+0E13> #<U+064A><U+0627><U+0631><U+064A><U+0633>_<U+0627><U+0631><U+062C><U+0648><U+0643>_<U+0627><U+0644><U+0637><U+0644><U+0627><U+0628>_<U+0647><U+062A><U+0645><U+0648><U+062A> #<U+9E92><U+9E9F><U+304C><U+304F><U+308B><U+7DCF><U+96C6><U+7DE8> #<U+4E43><U+6728><U+5742>9th<U+30D0><U+30B9><U+30E9> #cgl19marks #matric #Bachelor #GFvip #zÂ,False,0,,2021-02-24 02:40:38,False,,1364404844392407040,,"<a href=""http://twitter.com/download/android"" rel=""nofollow"">Twitter for Android</a>",aacbis,2,True,False,,
37,37,38,RT @JithuShajiVar4: Aviation hits adversely. #<U+0E17><U+0E31><U+0E01><U+0E29><U+0E34><U+0E13> #<U+064A><U+0627><U+0631><U+064A><U+0633>_<U+0627><U+0631><U+062C><U+0648><U+0643>_<U+0627><U+0644><U+0637><U+0644><U+0627><U+0628>_<U+0647><U+062A><U+0645><U+0648><U+062A> #<U+9E92><U+9E9F><U+304C><U+304F><U+308B><U+7DCF><U+96C6><U+7DE8> #<U+4E43><U+6728><U+5742>9th<U+30D0><U+30B9><U+30E9> #cgl19marks #matric #Bachelor #GFvip #zÂ,False,0,,2021-02-24 02:39:36,False,,1364404582282006528,,"<a href=""http://twitter.com/download/android"" rel=""nofollow"">Twitter for Android</a>",JALimit,2,True,False,,
38,38,39,"RT @infodprtsl: Three covid-19 infection deaths  reported  Sri Lanka
#Srilankan #Srilanka #lka #Lanka #Ceylon #DGI #Government #InforÂ",False,0,,2021-02-23 17:31:02,False,,1364266529970212865,,,UCRGalle,3,True,False,,
39,39,40,"Three covid-19 infection deaths  reported  Sri Lanka
#Srilankan #Srilanka #lka #Lanka #Ceylon #DGIÂ https://.co/P5alqKaXx0",False,3,,2021-02-23 16:46:23,True,,1364255295149461504,,"<a href=""https://mobile.twitter.com"" rel=""nofollow"">Twitter Web App</a>",infodprtsl,3,False,False,,
40,40,41,"RT @infodprtsl: ---------------------2021-02-23-------------------
270 Covid-19 patients  reported
#Srilankan #Srilanka #lka #Lanka #CeÂ",False,0,,2021-02-23 16:31:01,False,,1364251428475215872,,,UCRGalle,3,True,False,,
41,41,42,"---------------------2021-02-23-------------------
270 Covid-19 patients  reported
#Srilankan #Srilanka #lkaÂ https://.co/CDsnSZ8d0a",False,2,,2021-02-23 16:26:37,True,,1364250321258643457,,"<a href=""https://mobile.twitter.com"" rel=""nofollow"">Twitter Web App</a>",infodprtsl,3,False,False,,
42,42,43,"RT @infodprtsl: 222 Covid-19 patients  reported
#Srilankan #Srilanka #lka #Lanka #Ceylon #DGI #Government #Information #Department #NewÂ",False,0,,2021-02-23 14:31:34,False,,1364221365268582403,,,UCRGalle,3,True,False,,
43,43,44,"222 Covid-19 patients  reported
#Srilankan #Srilanka #lka #Lanka #Ceylon #DGI #Government #InformationÂ https://.co/AZcfYzF1Pc",False,2,,2021-02-23 13:42:14,True,,1364208953484185603,,"<a href=""https://mobile.twitter.com"" rel=""nofollow"">Twitter Web App</a>",infodprtsl,3,False,False,,
44,44,45,"RT @CeylonToday: APHNH commends Govt  including private sector healthcare workers  #vaccination  drive 

https://.co/TwJ21cgGS2 

#lkÂ",False,0,,2021-02-23 10:18:05,False,,1364157576418484224,,"<a href=""https://mobile.twitter.com"" rel=""nofollow"">Twitter Web App</a>",Lasaa_V,1,True,False,,
45,45,46,APHNH commends Govt  including private sector healthcare workers  #vaccination  driveÂ https://.co/rejVCtDzst,False,3,,2021-02-23 10:13:27,True,,1364156411496734725,,"<a href=""https://mobile.twitter.com"" rel=""nofollow"">Twitter Web App</a>",CeylonToday,1,False,False,,
46,46,47,"Received  2nd dose  planned  4wks, ' afford  wait  12wks   greater value  immuneboost Â https://.co/TKNSSzlnE3",False,1,,2021-02-23 08:55:19,True,,1364136748272377856,,"<a href=""http://twitter.com/download/android"" rel=""nofollow"">Twitter for Android</a>",DineshMakuny,0,False,False,,
47,47,48,Aviation hits adversely. #<U+0E17><U+0E31><U+0E01><U+0E29><U+0E34><U+0E13> #<U+064A><U+0627><U+0631><U+064A><U+0633>_<U+0627><U+0631><U+062C><U+0648><U+0643>_<U+0627><U+0644><U+0637><U+0644><U+0627><U+0628>_<U+0647><U+062A><U+0645><U+0648><U+062A> #<U+9E92><U+9E9F><U+304C><U+304F><U+308B><U+7DCF><U+96C6><U+7DE8> #<U+4E43><U+6728><U+5742>9th<U+30D0><U+30B9><U+30E9> #cgl19marks #matric #BachelorÂ https://.co/VqLW9IkVGv,False,4,,2021-02-23 08:31:41,True,,1364130798434091009,,"<a href=""http://twitter.com/download/android"" rel=""nofollow"">Twitter for Android</a>",JithuShajiVar4,2,False,False,,
48,48,49,"RT @CeylonToday: Cabinet approves purchase  10mn #COVISHIELD doses- @MoH_SriLanka 

https://.co/4Jxaf0kj72 

#lka #SriLanka #COVID19SL #Â",False,0,,2021-02-23 06:36:00,False,,1364101685992452100,,"<a href=""https://mobile.twitter.com/GoSoLarge"" rel=""nofollow"">GoSolar</a>",GoSolar01,1,True,False,,
49,49,50,"Cabinet approves purchase  10mn #COVISHIELD doses- @MoH_SriLanka 

https://.co/4Jxaf0kj72 

#lka #SriLankaÂ https://.co/YUe6zPlWmw",False,0,,2021-02-23 06:35:44,True,,1364101620078841856,,"<a href=""https://mobile.twitter.com"" rel=""nofollow"">Twitter Web App</a>",CeylonToday,1,False,False,,
50,50,51,"Gd Morning<U+2666><U+FE0F><U+2666><U+FE0F><U+2666><U+FE0F>  
#SM 
#Sihina_Malaka 
#COVID19SL 
#Corona",False,0,,2021-02-23 06:29:26,False,,1364100034032066564,,"<a href=""http://twitter.com/download/android"" rel=""nofollow"">Twitter for Android</a>",SihinaBrian,0,False,False,,
51,51,52,"No need   anxious  new variant: @SLMAonline  

https://.co/c5Pgq0KBdN 

#lka #SriLanka #COVID19  #COVID19Â https://.co/FeTgzlWH4f",False,1,,2021-02-23 04:40:39,True,,1364072658208317440,,"<a href=""https://mobile.twitter.com"" rel=""nofollow"">Twitter Web App</a>",CeylonToday,0,False,False,,
52,52,53,"RT @CeylonToday: @SilvaShavendra confirms  vaccination drive  foreign diplomats  Sri Lanka   launched 

Pictured: @MAshrafHÂ",False,0,,2021-02-22 09:21:28,False,,1363780938501558272,,"<a href=""http://twitter.com/download/android"" rel=""nofollow"">Twitter for Android</a>",MAshrafHaidari,1,True,False,,
53,53,54,"@SilvaShavendra confirms  vaccination drive  foreign diplomats  Sri Lanka   launched 

Pictured:Â https://.co/9RX7jV36L5",False,3,SilvaShavendra,2021-02-22 07:52:50,True,,1363758634614722560,1.2449627481879798e+18,"<a href=""https://mobile.twitter.com"" rel=""nofollow"">Twitter Web App</a>",CeylonToday,1,False,False,,
54,54,55,"@OfficialSLC confirms player Lahiru Kumara tested positive  #COVID19

https://.co/oa0eHLsxvs 

#lka #SriLankaÂ https://.co/WWzzbDyqfR",False,0,OfficialSLC,2021-02-22 07:03:22,True,,1363746185786257409,177838266.0,"<a href=""https://mobile.twitter.com"" rel=""nofollow"">Twitter Web App</a>",CeylonToday,0,False,False,,
55,55,56,"Another sri lankan <f0><U+009F><U+0087><U+00B1><f0><U+009F><U+0087><U+00B0>Cricket <f0><U+009F><U+008F><U+008F> player tested positive <f0><U+009F><U+00A6><U+00A0> 

#lahiru_kumara Sri Lankan fast #bowler   #testedÂ https://.co/e8bdP2cIym",False,2,,2021-02-22 06:40:46,True,,1363740496649064449,,"<a href=""http://twitter.com/download/iphone"" rel=""nofollow"">Twitter for iPhone</a>",Naveeth14,0,False,False,,
56,56,57,#corona #socialdistance #covid When Corona  low   lockdown   social distandancing Today  Â https://.co/ro9s7h4Fk8,False,1,,2021-02-22 03:09:18,True,,1363687281576402944,,"<a href=""http://twitter.com/download/android"" rel=""nofollow"">Twitter for Android</a>",RSarbudheen,0,False,False,,
57,57,58,"The day   floor test  #Puducherry Assembly... | India News  https://.co/EDI5tzWiGY 
The crises Â https://.co/PZf0zyEWdH",False,1,,2021-02-21 15:53:12,True,,1363517136384057344,,"<a href=""https://mobile.twitter.com"" rel=""nofollow"">Twitter Web App</a>",Sjayaraj1999,0,False,False,,
58,58,59,Next  #liberals .Create  issue stating side effects  #Corona vaccine although none exists.,False,0,,2021-02-21 13:34:21,False,,1363482193918652425,,"<a href=""http://twitter.com/download/android"" rel=""nofollow"">Twitter for Android</a>",galagangster,0,False,False,,
59,59,60,"COVID sickness dropped 95.8%   Pfizer shots: Israeli Health Ministry

#COVID19 #coronavirus #CoronaÂ https://.co/A0DjELtoG0",False,2,,2021-02-21 12:20:04,True,,1363463497481388034,,"<a href=""http://twitter.com/download/android"" rel=""nofollow"">Twitter for Android</a>",MarketNewsLK,1,False,False,,
60,60,61,"New international travel rules  tomorrow

The new Standard Operating Procedures (SOPs)  come  effect frÂ https://.co/EBQPh9WeVr",False,0,,2021-02-21 12:17:56,True,,1363462962149793793,,"<a href=""https://mobile.twitter.com"" rel=""nofollow"">Twitter Web App</a>",soundarc2001,0,False,False,,
61,61,62,"RT @newsradiolk: The number  COVID-19 recoveries recorded  Sri Lanka  exceeded 74,000. 843 COVID-19 recoveries discharged  hospiÂ",False,0,,2021-02-21 09:55:02,False,,1363426997800562691,,"<a href=""http://twitter.com/download/android"" rel=""nofollow"">Twitter for Android</a>",KohuSrikugan,1,True,False,,
62,62,63,"The number  COVID-19 recoveries recorded  Sri Lanka  exceeded 74,000. 843 COVID-19 recoveries discharged froÂ https://.co/SbOyRzktLV",False,1,,2021-02-21 09:53:46,True,,1363426679876591623,,"<a href=""https://mobile.twitter.com"" rel=""nofollow"">Twitter Web App</a>",newsradiolk,1,False,False,,
63,63,64,"Sri Lanka vaccinates  70,000   last 2 days

Good pace. But  would  better   program  prioritiseÂ https://.co/RReIfRT613",False,15,,2021-02-21 09:04:57,True,,1363414397075423233,,"<a href=""http://twitter.com/download/android"" rel=""nofollow"">Twitter for Android</a>",MarketNewsLK,0,False,False,,
64,64,65,"@chindusboutique
Happy  share  safety product  elegant look   affordable price<U+2728>
#unisex
#masks
#coronaÂ https://.co/IqujMQUvdx",False,1,chindusboutique,2021-02-21 02:33:25,True,,1363315864074817536,1.32349352818645e+18,"<a href=""http://twitter.com/download/android"" rel=""nofollow"">Twitter for Android</a>",chindusboutique,0,False,False,,
65,65,66,@thekiranbedi V love u  v still love u @thekiranbedi maam. Only big thing I hate  Ur arrogance/dominancy/stricÂ https://.co/09wSBoZbqQ,False,1,thekiranbedi,2021-02-21 01:27:39,True,1.3631178034238833e+18,1363299313082802177,68977380.0,"<a href=""http://twitter.com/download/android"" rel=""nofollow"">Twitter for Android</a>",viraj_stayhappy,0,False,False,,
66,66,67,"Over 3,000 Prison Officials vaccinated 

https://.co/Flkgjxxg0i 

#lka #SriLanka #COVID19 #COVID19VaccineÂ https://.co/NJsdzwfoht",False,2,,2021-02-19 14:03:49,True,,1362764831095361541,,"<a href=""https://mobile.twitter.com"" rel=""nofollow"">Twitter Web App</a>",CeylonToday,0,False,False,,
