,,,text,favorited,favoriteCount,replyToSN,created,truncated,replyToSID,id,replyToUID,statusSource,screenName,retweetCount,isRetweet,retweeted,longitude,latitude
0,0,1,"RT @infodprtsl: <f0><U+009F><U+0091><U+0089><f0><U+009F><U+0091><U+0089>Another 379 Covid-19 patients  reported<f0><U+009F><U+0091><U+0088><f0><U+009F><U+0091><U+0088>
#Srilankan #Srilanka #lka #Lanka #Ceylon #DGI #Government #Information #DepÂ",False,0,,2021-01-30 17:35:41,False,,1355570393197772806,,,SLNewsRTBot,4,True,False,,
1,1,2,"RT @infodprtsl: <U+2666><U+FE0F>---------<U+2666><U+FE0F><U+2666><U+FE0F><U+2666><U+FE0F><U+2666><U+FE0F>2021-01-28<U+2666><U+FE0F><U+2666><U+FE0F><U+2666><U+FE0F><U+2666><U+FE0F>----------<U+2666><U+FE0F>
<f0><U+009F><U+0091><U+0089><f0><U+009F><U+0091><U+0089>351 Covid-19 patients  reported<f0><U+009F><U+0091><U+0088><f0><U+009F><U+0091><U+0088>
#Srilankan #Srilanka #lka #LankaÂ",False,0,,2021-01-30 17:33:52,False,,1355569934072487941,,,SLNewsRTBot,3,True,False,,
2,2,3,"RT @infodprtsl: <U+2666><U+FE0F>----------------<U+2666><U+FE0F>2021-01-30<U+2666><U+FE0F>--------------<U+2666><U+FE0F>
442 Covid-19 patients  reported
#Srilankan #Srilanka #lka #Lanka #CeylÂ",False,0,,2021-01-30 16:31:01,False,,1355554120132931585,,,UCRGalle,2,True,False,,
3,3,4,"RT @infodprtsl: <U+2666><U+FE0F>----------------<U+2666><U+FE0F>2021-01-30<U+2666><U+FE0F>--------------<U+2666><U+FE0F>
442 Covid-19 patients  reported
#Srilankan #Srilanka #lka #Lanka #CeylÂ",False,0,,2021-01-30 16:03:08,False,,1355547101166493697,,,SLNewsRTBot,2,True,False,,
4,4,5,"<U+2666><U+FE0F>----------------<U+2666><U+FE0F>2021-01-30<U+2666><U+FE0F>--------------<U+2666><U+FE0F>
442 Covid-19 patients  reported
#Srilankan #Srilanka #lkaÂ https://.co/4VjMTBpfyP",False,4,,2021-01-30 15:53:16,True,,1355544619250049030,,"<a href=""https://mobile.twitter.com"" rel=""nofollow"">Twitter Web App</a>",infodprtsl,2,False,False,,
5,5,6,"RT @infodprtsl: <f0><U+009F><U+0091><U+0089><f0><U+009F><U+0091><U+0089>One covid-19 infection death  reported  Sri Lanka<f0><U+009F><U+0091><U+0088><f0><U+009F><U+0091><U+0088>
#Srilankan #Srilanka #lka #Lanka #Ceylon #DGI #Government #InforÂ",False,0,,2021-01-30 14:36:04,False,,1355525191925952514,,,SLNewsRTBot,4,True,False,,
6,6,7,"RT @infodprtsl: <U+2666><U+FE0F>----------------<U+2666><U+FE0F>2021-01-30<U+2666><U+FE0F>--------------<U+2666><U+FE0F>
406 Covid-19 patients  reported
#Srilankan #Srilanka #lka #Lanka #CeylÂ",False,0,,2021-01-30 14:31:02,False,,1355523922876395525,,,UCRGalle,2,True,False,,
7,7,8,"RT @infodprtsl: <U+2666><U+FE0F>----------------<U+2666><U+FE0F>2021-01-30<U+2666><U+FE0F>--------------<U+2666><U+FE0F>
406 Covid-19 patients  reported
#Srilankan #Srilanka #lka #Lanka #CeylÂ",False,0,,2021-01-30 13:52:34,False,,1355514243102203909,,,SLNewsRTBot,2,True,False,,
8,8,9,"<U+2666><U+FE0F>----------------<U+2666><U+FE0F>2021-01-30<U+2666><U+FE0F>--------------<U+2666><U+FE0F>
406 Covid-19 patients  reported
#Srilankan #Srilanka #lkaÂ https://.co/NlvjnWdZZ2",False,4,,2021-01-30 13:42:45,True,,1355511773772869635,,"<a href=""https://mobile.twitter.com"" rel=""nofollow"">Twitter Web App</a>",infodprtsl,2,False,False,,
9,9,10,"RT @infodprtsl: <f0><U+009F><U+0091><U+0089><f0><U+009F><U+0091><U+0089>369 Covid-19 patients  reported<f0><U+009F><U+0091><U+0088><f0><U+009F><U+0091><U+0088>
#Srilankan #Srilanka #lka #Lanka #Ceylon #DGI #Government #Information #DepartmentÂ",False,0,,2021-01-30 12:37:39,False,,1355495391479943168,,,SLNewsRTBot,4,True,False,,
10,10,11,"RT @infodprtsl: <f0><U+009F><U+0091><U+0089><f0><U+009F><U+0091><U+0089>369 Covid-19 patients  reported<f0><U+009F><U+0091><U+0088><f0><U+009F><U+0091><U+0088>
#Srilankan #Srilanka #lka #Lanka #Ceylon #DGI #Government #Information #DepartmentÂ",False,0,,2021-01-30 12:37:38,False,,1355495384597082112,,,SLNewsRTBot,4,True,False,,
11,11,12,"RT @infodprtsl: <U+2666><U+FE0F><U+2666><U+FE0F><U+2666><U+FE0F><U+2666><U+FE0F>2021-01-27<U+2666><U+FE0F><U+2666><U+FE0F><U+2666><U+FE0F><U+2666><U+FE0F>----
<f0><U+009F><U+0091><U+0089><f0><U+009F><U+0091><U+0089>Two covid-19 infection deaths  reported  Sri Lanka<f0><U+009F><U+0091><U+0088><f0><U+009F><U+0091><U+0088>
#Srilankan #Srilanka #lka #LankÂ",False,0,,2021-01-30 03:26:36,False,,1355356713222868997,,,SLNewsRTBot,3,True,False,,
12,12,13,"RT @infodprtsl: <U+2666><U+FE0F><U+2666><U+FE0F><U+2666><U+FE0F><U+2666><U+FE0F>2021-01-27<U+2666><U+FE0F><U+2666><U+FE0F><U+2666><U+FE0F><U+2666><U+FE0F>
<f0><U+009F><U+0091><U+0089><f0><U+009F><U+0091><U+0089>Two covid-19 infection deaths  reported  Sri Lanka<f0><U+009F><U+0091><U+0088><f0><U+009F><U+0091><U+0088>
#Srilankan #Srilanka #lka #Lanka #CÂ",False,0,,2021-01-30 03:26:34,False,,1355356706365173760,,,SLNewsRTBot,4,True,False,,
13,13,14,"RT @infodprtsl: <U+2666><U+FE0F>---------<U+2666><U+FE0F><U+2666><U+FE0F><U+2666><U+FE0F><U+2666><U+FE0F>2021-01-27<U+2666><U+FE0F><U+2666><U+FE0F><U+2666><U+FE0F><U+2666><U+FE0F>----------<U+2666><U+FE0F>
<f0><U+009F><U+0091><U+0089><f0><U+009F><U+0091><U+0089>431 Covid-19 patients  reported<f0><U+009F><U+0091><U+0088><f0><U+009F><U+0091><U+0088>
#Srilankan #Srilanka #lka #LankaÂ",False,0,,2021-01-30 03:26:29,False,,1355356685699870720,,,SLNewsRTBot,3,True,False,,
14,14,15,"RT @NabinNVfc: Tested Positive For #COVID19  <f0><U+009F><U+00A4><U+0092><f0><U+009F><U+0098><U+00B7>

Self Isolation Started For 10Days <f0><U+009F><U+0092><U+008A><f0><U+009F><U+009B><U+008C><f0><U+009F><U+008F><U+00BB>

#QuarantineLife #Corona <f0><U+009F><U+009A><U+00B6>",False,0,,2021-01-30 03:26:21,False,,1355356649792278531,,"<a href=""http://twitter.com/download/android"" rel=""nofollow"">Twitter for Android</a>",NPuthuvely,15,True,False,,
15,15,16,"RT @infodprtsl: <U+2666><U+FE0F>----------------<U+2666><U+FE0F>2021-01-29<U+2666><U+FE0F>--------------<U+2666><U+FE0F>
465 Covid-19 patients  reported
#Srilankan #Srilanka #lka #Lanka #CeylÂ",False,0,,2021-01-29 17:31:34,False,,1355206969842409472,,,UCRGalle,2,True,False,,
16,16,17,"RT @infodprtsl: SLAF FRONT LINE HEALTHCARE WORKERS RECEIVE 
OXFORD-ASTRAZENECA COVID-19 VACCINE
#Srilankan #Srilanka #lka #Lanka #Ceylon #DÂ",False,0,,2021-01-29 16:45:09,False,,1355195286826569732,,"<a href=""http://twitter.com/download/android"" rel=""nofollow"">Twitter for Android</a>",Dammi_S,6,True,False,,
17,17,18,"RT @infodprtsl: <U+2666><U+FE0F>----------------<U+2666><U+FE0F>2021-01-29<U+2666><U+FE0F>--------------<U+2666><U+FE0F>
465 Covid-19 patients  reported
#Srilankan #Srilanka #lka #Lanka #CeylÂ",False,0,,2021-01-29 16:42:35,False,,1355194640358645770,,,SLNewsRTBot,2,True,False,,
18,18,19,"<U+2666><U+FE0F>----------------<U+2666><U+FE0F>2021-01-29<U+2666><U+FE0F>--------------<U+2666><U+FE0F>
465 Covid-19 patients  reported
#Srilankan #Srilanka #lkaÂ https://.co/U2t6DQ5DT0",False,2,,2021-01-29 16:38:55,True,,1355193720870756354,,"<a href=""https://mobile.twitter.com"" rel=""nofollow"">Twitter Web App</a>",infodprtsl,2,False,False,,
19,19,20,"RT @NabinNVfc: Tested Positive For #COVID19  <f0><U+009F><U+00A4><U+0092><f0><U+009F><U+0098><U+00B7>

Self Isolation Started For 10Days <f0><U+009F><U+0092><U+008A><f0><U+009F><U+009B><U+008C><f0><U+009F><U+008F><U+00BB>

#QuarantineLife #Corona <f0><U+009F><U+009A><U+00B6>",False,0,,2021-01-29 16:22:31,False,,1355189590504574976,,"<a href=""http://twitter.com/download/android"" rel=""nofollow"">Twitter for Android</a>",RPrijith,15,True,False,,
20,20,21,"RT @NabinNVfc: Tested Positive For #COVID19  <f0><U+009F><U+00A4><U+0092><f0><U+009F><U+0098><U+00B7>

Self Isolation Started For 10Days <f0><U+009F><U+0092><U+008A><f0><U+009F><U+009B><U+008C><f0><U+009F><U+008F><U+00BB>

#QuarantineLife #Corona <f0><U+009F><U+009A><U+00B6>",False,0,,2021-01-29 16:13:32,False,,1355187332484194307,,"<a href=""http://twitter.com/download/android"" rel=""nofollow"">Twitter for Android</a>",Manik22815282,15,True,False,,
21,21,22,"RT @NabinNVfc: Tested Positive For #COVID19  <f0><U+009F><U+00A4><U+0092><f0><U+009F><U+0098><U+00B7>

Self Isolation Started For 10Days <f0><U+009F><U+0092><U+008A><f0><U+009F><U+009B><U+008C><f0><U+009F><U+008F><U+00BB>

#QuarantineLife #Corona <f0><U+009F><U+009A><U+00B6>",False,0,,2021-01-29 16:07:53,False,,1355185907075145730,,"<a href=""http://twitter.com/download/android"" rel=""nofollow"">Twitter for Android</a>",63dinesh64,15,True,False,,
22,22,23,"RT @NabinNVfc: Tested Positive For #COVID19  <f0><U+009F><U+00A4><U+0092><f0><U+009F><U+0098><U+00B7>

Self Isolation Started For 10Days <f0><U+009F><U+0092><U+008A><f0><U+009F><U+009B><U+008C><f0><U+009F><U+008F><U+00BB>

#QuarantineLife #Corona <f0><U+009F><U+009A><U+00B6>",False,0,,2021-01-29 16:00:54,False,,1355184152736190465,,"<a href=""http://twitter.com/download/android"" rel=""nofollow"">Twitter for Android</a>",STYLE__01,15,True,False,,
23,23,24,"RT @NabinNVfc: Tested Positive For #COVID19  <f0><U+009F><U+00A4><U+0092><f0><U+009F><U+0098><U+00B7>

Self Isolation Started For 10Days <f0><U+009F><U+0092><U+008A><f0><U+009F><U+009B><U+008C><f0><U+009F><U+008F><U+00BB>

#QuarantineLife #Corona <f0><U+009F><U+009A><U+00B6>",False,0,,2021-01-29 15:53:27,False,,1355182275575443456,,"<a href=""http://twitter.com/download/android"" rel=""nofollow"">Twitter for Android</a>",Vinodh_025,15,True,False,,
24,24,25,"RT @NabinNVfc: Tested Positive For #COVID19  <f0><U+009F><U+00A4><U+0092><f0><U+009F><U+0098><U+00B7>

Self Isolation Started For 10Days <f0><U+009F><U+0092><U+008A><f0><U+009F><U+009B><U+008C><f0><U+009F><U+008F><U+00BB>

#QuarantineLife #Corona <f0><U+009F><U+009A><U+00B6>",False,0,,2021-01-29 15:42:54,False,,1355179620383875073,,"<a href=""http://twitter.com/download/android"" rel=""nofollow"">Twitter for Android</a>",VjFans8,15,True,False,,
25,25,26,"RT @NabinNVfc: Tested Positive For #COVID19  <f0><U+009F><U+00A4><U+0092><f0><U+009F><U+0098><U+00B7>

Self Isolation Started For 10Days <f0><U+009F><U+0092><U+008A><f0><U+009F><U+009B><U+008C><f0><U+009F><U+008F><U+00BB>

#QuarantineLife #Corona <f0><U+009F><U+009A><U+00B6>",False,0,,2021-01-29 15:01:15,False,,1355169140726657027,,"<a href=""http://twitter.com/download/android"" rel=""nofollow"">Twitter for Android</a>",AbiNandhiniii,15,True,False,,
26,26,27,"RT @NabinNVfc: Tested Positive For #COVID19  <f0><U+009F><U+00A4><U+0092><f0><U+009F><U+0098><U+00B7>

Self Isolation Started For 10Days <f0><U+009F><U+0092><U+008A><f0><U+009F><U+009B><U+008C><f0><U+009F><U+008F><U+00BB>

#QuarantineLife #Corona <f0><U+009F><U+009A><U+00B6>",False,0,,2021-01-29 14:59:51,False,,1355168786865934337,,"<a href=""http://twitter.com/download/android"" rel=""nofollow"">Twitter for Android</a>",rodrigues_adorn,15,True,False,,
27,27,28,"RT @MarketNewsLK: Over 2,280 frontline health workers vaccinated   Oxford Astra-Zeneca vaccine today: Dr. Sudath Samaraweera, ChiefÂ",False,0,,2021-01-29 14:39:57,False,,1355163780863426562,,"<a href=""http://twitter.com/download/iphone"" rel=""nofollow"">Twitter for iPhone</a>",ChanakyaDissan1,2,True,False,,
28,28,29,"RT @NabinNVfc: Tested Positive For #COVID19  <f0><U+009F><U+00A4><U+0092><f0><U+009F><U+0098><U+00B7>

Self Isolation Started For 10Days <f0><U+009F><U+0092><U+008A><f0><U+009F><U+009B><U+008C><f0><U+009F><U+008F><U+00BB>

#QuarantineLife #Corona <f0><U+009F><U+009A><U+00B6>",False,0,,2021-01-29 14:35:47,False,,1355162732991930384,,"<a href=""http://twitter.com/download/android"" rel=""nofollow"">Twitter for Android</a>",king_iyyappan,15,True,False,,
29,29,30,"RT @infodprtsl: SLAF FRONT LINE HEALTHCARE WORKERS RECEIVE 
OXFORD-ASTRAZENECA COVID-19 VACCINE
#Srilankan #Srilanka #lka #Lanka #Ceylon #DÂ",False,0,,2021-01-29 14:33:29,False,,1355162152924016644,,"<a href=""https://mobile.twitter.com"" rel=""nofollow"">Twitter Web App</a>",rehanumfernando,6,True,False,,
30,30,31,"RT @infodprtsl: <U+2666><U+FE0F>---------<U+2666><U+FE0F><U+2666><U+FE0F><U+2666><U+FE0F><U+2666><U+FE0F>2021-01-29<U+2666><U+FE0F><U+2666><U+FE0F><U+2666><U+FE0F><U+2666><U+FE0F>----------<U+2666><U+FE0F>
COVID Immunization - Progress  Day 1
#Srilankan #Srilanka #lka #Lanka #Â",False,0,,2021-01-29 14:31:35,False,,1355161672718147585,,,UCRGalle,3,True,False,,
31,31,32,"RT @infodprtsl: <U+2666><U+FE0F><U+2666><U+FE0F><U+2666><U+FE0F><U+2666><U+FE0F>2021-01-29<U+2666><U+FE0F><U+2666><U+FE0F><U+2666><U+FE0F><U+2666><U+FE0F>---------
394 Covid-19 patients  reported
#Srilankan #Srilanka #lka #Lanka #Ceylon #DGI #GoveÂ",False,0,,2021-01-29 14:31:03,False,,1355161539448340483,,,UCRGalle,2,True,False,,
32,32,33,"RT @NabinNVfc: Tested Positive For #COVID19  <f0><U+009F><U+00A4><U+0092><f0><U+009F><U+0098><U+00B7>

Self Isolation Started For 10Days <f0><U+009F><U+0092><U+008A><f0><U+009F><U+009B><U+008C><f0><U+009F><U+008F><U+00BB>

#QuarantineLife #Corona <f0><U+009F><U+009A><U+00B6>",False,0,,2021-01-29 14:15:37,False,,1355157655547863043,,"<a href=""http://twitter.com/download/android"" rel=""nofollow"">Twitter for Android</a>",Harisha64452927,15,True,False,,
33,33,34,"RT @infodprtsl: <U+2666><U+FE0F>---------<U+2666><U+FE0F><U+2666><U+FE0F><U+2666><U+FE0F><U+2666><U+FE0F>2021-01-29<U+2666><U+FE0F><U+2666><U+FE0F><U+2666><U+FE0F><U+2666><U+FE0F>----------<U+2666><U+FE0F>
COVID Immunization - Progress  Day 1
#Srilankan #Srilanka #lka #Lanka #Â",False,0,,2021-01-29 14:15:10,False,,1355157541655867394,,,SLNewsRTBot,3,True,False,,
34,34,35,"RT @infodprtsl: <U+2666><U+FE0F><U+2666><U+FE0F><U+2666><U+FE0F><U+2666><U+FE0F>2021-01-29<U+2666><U+FE0F><U+2666><U+FE0F><U+2666><U+FE0F><U+2666><U+FE0F>---------
394 Covid-19 patients  reported
#Srilankan #Srilanka #lka #Lanka #Ceylon #DGI #GoveÂ",False,0,,2021-01-29 14:14:38,False,,1355157408725807105,,,SLNewsRTBot,2,True,False,,
35,35,36,"RT @infodprtsl: <U+2666><U+FE0F>---------<U+2666><U+FE0F><U+2666><U+FE0F><U+2666><U+FE0F><U+2666><U+FE0F>2021-01-29<U+2666><U+FE0F><U+2666><U+FE0F><U+2666><U+FE0F><U+2666><U+FE0F>----------<U+2666><U+FE0F>
COVID Immunization - Progress  Day 1
#Srilankan #Srilanka #lka #Lanka #Â",False,0,,2021-01-29 14:04:48,False,,1355154935101464580,,"<a href=""https://mobile.twitter.com"" rel=""nofollow"">Twitter Web App</a>",Kaushalya_R_A,3,True,False,,
36,36,37,"<U+2666><U+FE0F><U+2666><U+FE0F><U+2666><U+FE0F><U+2666><U+FE0F>2021-01-29<U+2666><U+FE0F><U+2666><U+FE0F><U+2666><U+FE0F><U+2666><U+FE0F>---------
394 Covid-19 patients  reported
#Srilankan #Srilanka #lka #Lanka #CeylonÂ https://.co/xMTE1dsYUA",False,2,,2021-01-29 14:03:57,True,,1355154720269205510,,"<a href=""https://mobile.twitter.com"" rel=""nofollow"">Twitter Web App</a>",infodprtsl,2,False,False,,
37,37,38,"<U+2666><U+FE0F>---------<U+2666><U+FE0F><U+2666><U+FE0F><U+2666><U+FE0F><U+2666><U+FE0F>2021-01-29<U+2666><U+FE0F><U+2666><U+FE0F><U+2666><U+FE0F><U+2666><U+FE0F>----------<U+2666><U+FE0F>
COVID Immunization - Progress  Day 1
#Srilankan #Srilanka #lkaÂ https://.co/sV33IGJBoS",False,6,,2021-01-29 14:03:25,True,,1355154585548181504,,"<a href=""https://mobile.twitter.com"" rel=""nofollow"">Twitter Web App</a>",infodprtsl,3,False,False,,
38,38,39,"RT @CeylonToday: ""Vaccination must  given  teachers  high-risk areas"" 

https://.co/EAEUhImHme 

#lka #SriLanka #vaccination #COVID1Â",False,0,,2021-01-29 13:58:30,False,,1355153347918000135,,"<a href=""http://twitter.com/download/android"" rel=""nofollow"">Twitter for Android</a>",dinuk_perera,2,True,False,,
39,39,40,"RT @NabinNVfc: Tested Positive For #COVID19  <f0><U+009F><U+00A4><U+0092><f0><U+009F><U+0098><U+00B7>

Self Isolation Started For 10Days <f0><U+009F><U+0092><U+008A><f0><U+009F><U+009B><U+008C><f0><U+009F><U+008F><U+00BB>

#QuarantineLife #Corona <f0><U+009F><U+009A><U+00B6>",False,0,,2021-01-29 13:56:55,False,,1355152949966557194,,"<a href=""http://twitter.com/download/android"" rel=""nofollow"">Twitter for Android</a>",Vijayak19627479,15,True,False,,
40,40,41,"RT @NabinNVfc: Tested Positive For #COVID19  <f0><U+009F><U+00A4><U+0092><f0><U+009F><U+0098><U+00B7>

Self Isolation Started For 10Days <f0><U+009F><U+0092><U+008A><f0><U+009F><U+009B><U+008C><f0><U+009F><U+008F><U+00BB>

#QuarantineLife #Corona <f0><U+009F><U+009A><U+00B6>",False,0,,2021-01-29 13:56:30,False,,1355152844794417153,,"<a href=""http://twitter.com/download/android"" rel=""nofollow"">Twitter for Android</a>",Veramariiii,15,True,False,,
41,41,42,"RT @MarketNewsLK: Over 2,280 frontline health workers vaccinated   Oxford Astra-Zeneca vaccine today: Dr. Sudath Samaraweera, ChiefÂ",False,0,,2021-01-29 13:53:23,False,,1355152062548307969,,"<a href=""http://twitter.com/download/android"" rel=""nofollow"">Twitter for Android</a>",dinuk_perera,2,True,False,,
42,42,43,"RT @NabinNVfc: Tested Positive For #COVID19  <f0><U+009F><U+00A4><U+0092><f0><U+009F><U+0098><U+00B7>

Self Isolation Started For 10Days <f0><U+009F><U+0092><U+008A><f0><U+009F><U+009B><U+008C><f0><U+009F><U+008F><U+00BB>

#QuarantineLife #Corona <f0><U+009F><U+009A><U+00B6>",False,0,,2021-01-29 13:51:54,False,,1355151688605298689,,"<a href=""http://twitter.com/download/android"" rel=""nofollow"">Twitter for Android</a>",sanjanavfc,15,True,False,,
43,43,44,"Tested Positive For #COVID19  <f0><U+009F><U+00A4><U+0092><f0><U+009F><U+0098><U+00B7>

Self Isolation Started For 10Days <f0><U+009F><U+0092><U+008A><f0><U+009F><U+009B><U+008C><f0><U+009F><U+008F><U+00BB>

#QuarantineLife #Corona <f0><U+009F><U+009A><U+00B6>",False,38,,2021-01-29 13:46:59,False,,1355150448940867584,,"<a href=""http://twitter.com/download/android"" rel=""nofollow"">Twitter for Android</a>",NabinNVfc,15,False,False,,
44,44,45,"""Vaccination must  given  teachers  high-risk areas"" 

https://.co/EAEUhImHme 

#lka #SriLanka #vaccinationÂ https://.co/3ku12Lju4e",False,5,,2021-01-29 13:19:25,True,,1355143514900869129,,"<a href=""https://mobile.twitter.com"" rel=""nofollow"">Twitter Web App</a>",CeylonToday,2,False,False,,
45,45,46,"Over 2,280 frontline health workers vaccinated   Oxford Astra-Zeneca vaccine today: Dr. Sudath Samaraweera,Â https://.co/bmrcHHwM8N",False,14,,2021-01-29 12:57:44,True,,1355138054701281289,,"<a href=""http://twitter.com/download/android"" rel=""nofollow"">Twitter for Android</a>",MarketNewsLK,2,False,False,,
46,46,47,"RT @infodprtsl: SLAF FRONT LINE HEALTHCARE WORKERS RECEIVE 
OXFORD-ASTRAZENECA COVID-19 VACCINE
#Srilankan #Srilanka #lka #Lanka #Ceylon #DÂ",False,0,,2021-01-29 11:31:03,False,,1355116242575753216,,,UCRGalle,6,True,False,,
47,47,48,"RT @infodprtsl: SLAF FRONT LINE HEALTHCARE WORKERS RECEIVE 
OXFORD-ASTRAZENECA COVID-19 VACCINE
#Srilankan #Srilanka #lka #Lanka #Ceylon #DÂ",False,0,,2021-01-29 11:19:25,False,,1355113314620223489,,"<a href=""http://twitter.com/download/android"" rel=""nofollow"">Twitter for Android</a>",Kaushalya_R_A,6,True,False,,
48,48,49,"RT @infodprtsl: SLAF FRONT LINE HEALTHCARE WORKERS RECEIVE 
OXFORD-ASTRAZENECA COVID-19 VACCINE
#Srilankan #Srilanka #lka #Lanka #Ceylon #DÂ",False,0,,2021-01-29 11:15:08,False,,1355112235249623040,,,SLNewsRTBot,6,True,False,,
49,49,50,"SLAF FRONT LINE HEALTHCARE WORKERS RECEIVE 
OXFORD-ASTRAZENECA COVID-19 VACCINE
#Srilankan #Srilanka #lka #LankaÂ https://.co/g9SANdsm7K",False,8,,2021-01-29 11:13:55,True,,1355111928406941696,,"<a href=""https://mobile.twitter.com"" rel=""nofollow"">Twitter Web App</a>",infodprtsl,6,False,False,,
50,50,51,"RT @infodprtsl: <U+2666><U+FE0F>---------<U+2666><U+FE0F><U+2666><U+FE0F><U+2666><U+FE0F><U+2666><U+FE0F>2021-01-28<U+2666><U+FE0F><U+2666><U+FE0F><U+2666><U+FE0F><U+2666><U+FE0F>----------<U+2666><U+FE0F>
<f0><U+009F><U+0091><U+0089><f0><U+009F><U+0091><U+0089>501 Covid-19 patients  reported<f0><U+009F><U+0091><U+0088><f0><U+009F><U+0091><U+0088>
#Srilankan #Srilanka #lka #LankaÂ",False,0,,2021-01-28 18:32:06,False,,1354859814598434821,,,UCRGalle,2,True,False,,
51,51,52,"RT @infodprtsl: <U+2666><U+FE0F>---------<U+2666><U+FE0F><U+2666><U+FE0F><U+2666><U+FE0F><U+2666><U+FE0F>2021-01-28<U+2666><U+FE0F><U+2666><U+FE0F><U+2666><U+FE0F><U+2666><U+FE0F>----------<U+2666><U+FE0F>
<f0><U+009F><U+0091><U+0089><f0><U+009F><U+0091><U+0089>501 Covid-19 patients  reported<f0><U+009F><U+0091><U+0088><f0><U+009F><U+0091><U+0088>
#Srilankan #Srilanka #lka #LankaÂ",False,0,,2021-01-28 18:31:34,False,,1354859681496367106,,,UCRGalle,2,True,False,,
52,52,53,"RT @infodprtsl: <U+2666><U+FE0F>---------<U+2666><U+FE0F><U+2666><U+FE0F><U+2666><U+FE0F><U+2666><U+FE0F>2021-01-28<U+2666><U+FE0F><U+2666><U+FE0F><U+2666><U+FE0F><U+2666><U+FE0F>----------<U+2666><U+FE0F>
<f0><U+009F><U+0091><U+0089><f0><U+009F><U+0091><U+0089>501 Covid-19 patients  reported<f0><U+009F><U+0091><U+0088><f0><U+009F><U+0091><U+0088>
#Srilankan #Srilanka #lka #LankaÂ",False,0,,2021-01-28 17:42:39,False,,1354847369897123840,,,SLNewsRTBot,2,True,False,,
53,53,54,"<U+2666><U+FE0F>---------<U+2666><U+FE0F><U+2666><U+FE0F><U+2666><U+FE0F><U+2666><U+FE0F>2021-01-28<U+2666><U+FE0F><U+2666><U+FE0F><U+2666><U+FE0F><U+2666><U+FE0F>----------<U+2666><U+FE0F>
<f0><U+009F><U+0091><U+0089><f0><U+009F><U+0091><U+0089>501 Covid-19 patients  reported<f0><U+009F><U+0091><U+0088><f0><U+009F><U+0091><U+0088>
#Srilankan #Srilanka #lkaÂ https://.co/SxMNtkr5z5",False,3,,2021-01-28 17:33:45,True,,1354845129572573190,,"<a href=""https://mobile.twitter.com"" rel=""nofollow"">Twitter Web App</a>",infodprtsl,2,False,False,,
54,54,55,"RT @infodprtsl: <U+2666><U+FE0F>---------<U+2666><U+FE0F><U+2666><U+FE0F><U+2666><U+FE0F><U+2666><U+FE0F>2021-01-28<U+2666><U+FE0F><U+2666><U+FE0F><U+2666><U+FE0F><U+2666><U+FE0F>----------<U+2666><U+FE0F>
<f0><U+009F><U+0091><U+0089><f0><U+009F><U+0091><U+0089>501 Covid-19 patients  reported<f0><U+009F><U+0091><U+0088><f0><U+009F><U+0091><U+0088>
#Srilankan #Srilanka #lka #LankaÂ",False,0,,2021-01-28 17:33:44,False,,1354845126561067011,,,SLNewsRTBot,2,True,False,,
55,55,56,"<U+2666><U+FE0F>---------<U+2666><U+FE0F><U+2666><U+FE0F><U+2666><U+FE0F><U+2666><U+FE0F>2021-01-28<U+2666><U+FE0F><U+2666><U+FE0F><U+2666><U+FE0F><U+2666><U+FE0F>----------<U+2666><U+FE0F>
<f0><U+009F><U+0091><U+0089><f0><U+009F><U+0091><U+0089>501 Covid-19 patients  reported<f0><U+009F><U+0091><U+0088><f0><U+009F><U+0091><U+0088>
#Srilankan #Srilanka #lkaÂ https://.co/3dpfPDOXjL",False,3,,2021-01-28 17:32:52,True,,1354844908138455041,,"<a href=""https://mobile.twitter.com"" rel=""nofollow"">Twitter Web App</a>",infodprtsl,2,False,False,,
56,56,57,"RT @newsdotlk: <U+2666><U+FE0F>---------<U+2666><U+FE0F><U+2666><U+FE0F><U+2666><U+FE0F><U+2666><U+FE0F>2021-01-28<U+2666><U+FE0F><U+2666><U+FE0F><U+2666><U+FE0F><U+2666><U+FE0F>----------<U+2666><U+FE0F>
<f0><U+009F><U+0091><U+0089><f0><U+009F><U+0091><U+0089>351 Covid-19 patients  reported<f0><U+009F><U+0091><U+0088><f0><U+009F><U+0091><U+0088>
#Srilankan #Srilanka #lka #CoronavÂ",False,0,,2021-01-28 16:31:52,False,,1354829558818566147,,"<a href=""https://akonita.com"" rel=""nofollow"">srilanka247</a>",SriLankanBuzz,1,True,False,,
57,57,58,"<U+2666><U+FE0F>---------<U+2666><U+FE0F><U+2666><U+FE0F><U+2666><U+FE0F><U+2666><U+FE0F>2021-01-28<U+2666><U+FE0F><U+2666><U+FE0F><U+2666><U+FE0F><U+2666><U+FE0F>----------<U+2666><U+FE0F>
<f0><U+009F><U+0091><U+0089><f0><U+009F><U+0091><U+0089>351 Covid-19 patients  reported<f0><U+009F><U+0091><U+0088><f0><U+009F><U+0091><U+0088>
#Srilankan #Srilanka #lkaÂ https://.co/HCgbHy0pvC",False,0,,2021-01-28 15:34:35,True,,1354815140193943559,,"<a href=""http://twitter.com/download/android"" rel=""nofollow"">Twitter for Android</a>",newsdotlk,1,False,False,,
58,58,59,"International flights  remain suspended till Feb 28

India  Thursday extended  suspension  scheduled commeÂ https://.co/91No0LcxY0",False,0,,2021-01-28 15:33:36,True,,1354814892855836672,,"<a href=""https://mobile.twitter.com"" rel=""nofollow"">Twitter Web App</a>",soundarc2001,0,False,False,,
59,59,60,"Slight dip  positivity rate  Kerala reports 5,771 new corona cases #Covid19 #KERALACOVID #IMA #Corona https://.co/DZytaWTleH",False,0,,2021-01-28 14:44:09,False,,1354802447298883592,,"<a href=""https://hocalwire.com"" rel=""nofollow"">Hocalwire Social Share</a>",madhyamam_eng,0,False,False,,
60,60,61,"RT @infodprtsl: <U+2666><U+FE0F>---------<U+2666><U+FE0F><U+2666><U+FE0F><U+2666><U+FE0F><U+2666><U+FE0F>2021-01-28<U+2666><U+FE0F><U+2666><U+FE0F><U+2666><U+FE0F><U+2666><U+FE0F>----------<U+2666><U+FE0F>
<f0><U+009F><U+0091><U+0089><f0><U+009F><U+0091><U+0089>351 Covid-19 patients  reported<f0><U+009F><U+0091><U+0088><f0><U+009F><U+0091><U+0088>
#Srilankan #Srilanka #lka #LankaÂ",False,0,,2021-01-28 13:34:40,False,,1354784961274982407,,,SLNewsRTBot,3,True,False,,
61,61,62,"RT @infodprtsl: <U+2666><U+FE0F>---------<U+2666><U+FE0F><U+2666><U+FE0F><U+2666><U+FE0F><U+2666><U+FE0F>2021-01-28<U+2666><U+FE0F><U+2666><U+FE0F><U+2666><U+FE0F><U+2666><U+FE0F>----------<U+2666><U+FE0F>
<f0><U+009F><U+0091><U+0089><f0><U+009F><U+0091><U+0089>351 Covid-19 patients  reported<f0><U+009F><U+0091><U+0088><f0><U+009F><U+0091><U+0088>
#Srilankan #Srilanka #lka #LankaÂ",False,0,,2021-01-28 13:31:02,False,,1354784049911508992,,,UCRGalle,3,True,False,,
62,62,63,"<U+2666><U+FE0F>---------<U+2666><U+FE0F><U+2666><U+FE0F><U+2666><U+FE0F><U+2666><U+FE0F>2021-01-28<U+2666><U+FE0F><U+2666><U+FE0F><U+2666><U+FE0F><U+2666><U+FE0F>----------<U+2666><U+FE0F>
<f0><U+009F><U+0091><U+0089><f0><U+009F><U+0091><U+0089>351 Covid-19 patients  reported<f0><U+009F><U+0091><U+0088><f0><U+009F><U+0091><U+0088>
#Srilankan #Srilanka #lkaÂ https://.co/KMv20OtfuM",False,3,,2021-01-28 13:29:40,True,,1354783705844359169,,"<a href=""https://mobile.twitter.com"" rel=""nofollow"">Twitter Web App</a>",infodprtsl,3,False,False,,
63,63,64,"RT @infodprtsl: <f0><U+009F><U+0091><U+0089><f0><U+009F><U+0091><U+0089>Another 379 Covid-19 patients  reported<f0><U+009F><U+0091><U+0088><f0><U+009F><U+0091><U+0088>
#Srilankan #Srilanka #lka #Lanka #Ceylon #DGI #Government #Information #DepÂ",False,0,,2021-01-28 12:09:10,False,,1354763445921599491,,,SLNewsRTBot,4,True,False,,
64,64,65,"RT @infodprtsl: <f0><U+009F><U+0091><U+0089><f0><U+009F><U+0091><U+0089>One covid-19 infection death  reported  Sri Lanka<f0><U+009F><U+0091><U+0088><f0><U+009F><U+0091><U+0088>
#Srilankan #Srilanka #lka #Lanka #Ceylon #DGI #Government #InforÂ",False,0,,2021-01-28 12:09:04,False,,1354763421045166080,,,SLNewsRTBot,4,True,False,,
65,65,66,"RT @infodprtsl: <U+2666><U+FE0F><U+2666><U+FE0F><U+2666><U+FE0F><U+2666><U+FE0F>2021-01-27<U+2666><U+FE0F><U+2666><U+FE0F><U+2666><U+FE0F><U+2666><U+FE0F>
<f0><U+009F><U+0091><U+0089><f0><U+009F><U+0091><U+0089>Two covid-19 infection deaths  reported  Sri Lanka<f0><U+009F><U+0091><U+0088><f0><U+009F><U+0091><U+0088>
#Srilankan #Srilanka #lka #Lanka #CÂ",False,0,,2021-01-28 12:04:41,False,,1354762317263753217,,"<a href=""https://mobile.twitter.com"" rel=""nofollow"">Twitter Web App</a>",rehanumfernando,4,True,False,,
66,66,67,"RT @infodprtsl: <f0><U+009F><U+0091><U+0089><f0><U+009F><U+0091><U+0089>369 Covid-19 patients  reported<f0><U+009F><U+0091><U+0088><f0><U+009F><U+0091><U+0088>
#Srilankan #Srilanka #lka #Lanka #Ceylon #DGI #Government #Information #DepartmentÂ",False,0,,2021-01-28 10:06:18,False,,1354732525898379264,,,SLNewsRTBot,4,True,False,,
67,67,68,"RT @infodprtsl: <f0><U+009F><U+0091><U+0089><f0><U+009F><U+0091><U+0089>369 Covid-19 patients  reported<f0><U+009F><U+0091><U+0088><f0><U+009F><U+0091><U+0088>
#Srilankan #Srilanka #lka #Lanka #Ceylon #DGI #Government #Information #DepartmentÂ",False,0,,2021-01-28 10:06:16,False,,1354732518818328577,,,SLNewsRTBot,4,True,False,,
68,68,69,"RT @infodprtsl: <U+2666><U+FE0F><U+2666><U+FE0F><U+2666><U+FE0F><U+2666><U+FE0F>2021-01-27<U+2666><U+FE0F><U+2666><U+FE0F><U+2666><U+FE0F><U+2666><U+FE0F>----
<f0><U+009F><U+0091><U+0089><f0><U+009F><U+0091><U+0089>Two covid-19 infection deaths  reported  Sri Lanka<f0><U+009F><U+0091><U+0088><f0><U+009F><U+0091><U+0088>
#Srilankan #Srilanka #lka #LankÂ",False,0,,2021-01-27 17:32:06,False,,1354482329155207168,,,UCRGalle,3,True,False,,
69,69,70,"RT @infodprtsl: <U+2666><U+FE0F><U+2666><U+FE0F><U+2666><U+FE0F><U+2666><U+FE0F>2021-01-27<U+2666><U+FE0F><U+2666><U+FE0F><U+2666><U+FE0F><U+2666><U+FE0F>
<f0><U+009F><U+0091><U+0089><f0><U+009F><U+0091><U+0089>Two covid-19 infection deaths  reported  Sri Lanka<f0><U+009F><U+0091><U+0088><f0><U+009F><U+0091><U+0088>
#Srilankan #Srilanka #lka #Lanka #CÂ",False,0,,2021-01-27 17:31:35,False,,1354482195902181377,,,UCRGalle,4,True,False,,
70,70,71,"RT @infodprtsl: <U+2666><U+FE0F>---------<U+2666><U+FE0F><U+2666><U+FE0F><U+2666><U+FE0F><U+2666><U+FE0F>2021-01-27<U+2666><U+FE0F><U+2666><U+FE0F><U+2666><U+FE0F><U+2666><U+FE0F>----------<U+2666><U+FE0F>
<f0><U+009F><U+0091><U+0089><f0><U+009F><U+0091><U+0089>431 Covid-19 patients  reported<f0><U+009F><U+0091><U+0088><f0><U+009F><U+0091><U+0088>
#Srilankan #Srilanka #lka #LankaÂ",False,0,,2021-01-27 17:31:03,False,,1354482062745628672,,,UCRGalle,3,True,False,,
71,71,72,"RT @infodprtsl: <U+2666><U+FE0F>---------<U+2666><U+FE0F><U+2666><U+FE0F><U+2666><U+FE0F><U+2666><U+FE0F>2021-01-27<U+2666><U+FE0F><U+2666><U+FE0F><U+2666><U+FE0F><U+2666><U+FE0F>----------<U+2666><U+FE0F>
<f0><U+009F><U+0091><U+0089><f0><U+009F><U+0091><U+0089>431 Covid-19 patients  reported<f0><U+009F><U+0091><U+0088><f0><U+009F><U+0091><U+0088>
#Srilankan #Srilanka #lka #LankaÂ",False,0,,2021-01-27 17:22:38,False,,1354479943980371968,,,SLNewsRTBot,3,True,False,,
72,72,73,"<U+2666><U+FE0F>---------<U+2666><U+FE0F><U+2666><U+FE0F><U+2666><U+FE0F><U+2666><U+FE0F>2021-01-27<U+2666><U+FE0F><U+2666><U+FE0F><U+2666><U+FE0F><U+2666><U+FE0F>----------<U+2666><U+FE0F>
<f0><U+009F><U+0091><U+0089><f0><U+009F><U+0091><U+0089>431 Covid-19 patients  reported<f0><U+009F><U+0091><U+0088><f0><U+009F><U+0091><U+0088>
#Srilankan #Srilanka #lkaÂ https://.co/IDtLZFmE0k",False,3,,2021-01-27 17:15:24,True,,1354478124831014915,,"<a href=""https://mobile.twitter.com"" rel=""nofollow"">Twitter Web App</a>",infodprtsl,3,False,False,,
73,73,74,"RT @infodprtsl: <U+2666><U+FE0F><U+2666><U+FE0F><U+2666><U+FE0F><U+2666><U+FE0F>2021-01-27<U+2666><U+FE0F><U+2666><U+FE0F><U+2666><U+FE0F><U+2666><U+FE0F>----
<f0><U+009F><U+0091><U+0089><f0><U+009F><U+0091><U+0089>Two covid-19 infection deaths  reported  Sri Lanka<f0><U+009F><U+0091><U+0088><f0><U+009F><U+0091><U+0088>
#Srilankan #Srilanka #lka #LankÂ",False,0,,2021-01-27 17:04:44,False,,1354475439306272774,,,SLNewsRTBot,3,True,False,,
74,74,75,"RT @infodprtsl: <U+2666><U+FE0F><U+2666><U+FE0F><U+2666><U+FE0F><U+2666><U+FE0F>2021-01-27<U+2666><U+FE0F><U+2666><U+FE0F><U+2666><U+FE0F><U+2666><U+FE0F>
<f0><U+009F><U+0091><U+0089><f0><U+009F><U+0091><U+0089>Two covid-19 infection deaths  reported  Sri Lanka<f0><U+009F><U+0091><U+0088><f0><U+009F><U+0091><U+0088>
#Srilankan #Srilanka #lka #Lanka #CÂ",False,0,,2021-01-27 17:04:12,False,,1354475305692504069,,,SLNewsRTBot,4,True,False,,
75,75,76,"<U+2666><U+FE0F><U+2666><U+FE0F><U+2666><U+FE0F><U+2666><U+FE0F>2021-01-27<U+2666><U+FE0F><U+2666><U+FE0F><U+2666><U+FE0F><U+2666><U+FE0F>
<f0><U+009F><U+0091><U+0089><f0><U+009F><U+0091><U+0089>Two covid-19 infection deaths  reported  Sri Lanka<f0><U+009F><U+0091><U+0088><f0><U+009F><U+0091><U+0088>
#Srilankan #Srilanka #lkaÂ https://.co/JQKYpgmyBn",False,3,,2021-01-27 16:59:19,True,,1354474076564312071,,"<a href=""https://mobile.twitter.com"" rel=""nofollow"">Twitter Web App</a>",infodprtsl,4,False,False,,
76,76,77,"<U+2666><U+FE0F><U+2666><U+FE0F><U+2666><U+FE0F><U+2666><U+FE0F>2021-01-27<U+2666><U+FE0F><U+2666><U+FE0F><U+2666><U+FE0F><U+2666><U+FE0F>----
<f0><U+009F><U+0091><U+0089><f0><U+009F><U+0091><U+0089>Two covid-19 infection deaths  reported  Sri Lanka<f0><U+009F><U+0091><U+0088><f0><U+009F><U+0091><U+0088>
#Srilankan #SrilankaÂ https://.co/TdzPveWDKB",False,3,,2021-01-27 16:59:03,True,,1354474008708853760,,"<a href=""https://mobile.twitter.com"" rel=""nofollow"">Twitter Web App</a>",infodprtsl,3,False,False,,
77,77,78,"New Unlock Guidelines By MHA;  All Activities Permitted Outside Containment Zones

#Unlock #centralgovt #COVID19Â https://.co/cbyVk6W00O",False,0,,2021-01-27 14:10:37,True,,1354431621311545345,,"<a href=""https://mobile.twitter.com"" rel=""nofollow"">Twitter Web App</a>",soundarc2001,0,False,False,,
78,78,79,"Next video upload 
My <f0><U+009F><U+0099><U+008B><f0><U+009F><U+008F><U+00BB><U+200D><U+2642><U+FE0F><f0><U+009F><U+0098><U+008A> channel
Kindly watch  support <f0><U+009F><U+0099><U+008F><f0><U+009F><U+008F><U+00BB>
#Covid19 
#CoronaVaccine | #Covid19 | #CoronaÂ https://.co/JeYlqun3sz",False,0,,2021-01-27 12:46:30,True,,1354410453602955264,,"<a href=""http://twitter.com/download/android"" rel=""nofollow"">Twitter for Android</a>",actor_Ragul,1,False,False,,
79,79,80,"No Parliamentarians identified  close contacts  Arundika Fernando

https://.co/jtpxPHS9m4 

#lka #SriLankaÂ https://.co/Wkv8pLkn8J",False,1,,2021-01-27 10:43:59,True,,1354379620309729280,,"<a href=""https://mobile.twitter.com"" rel=""nofollow"">Twitter Web App</a>",CeylonToday,1,False,False,,
80,80,81,"Chinese Covid vaccine  arrive  mid-February - @ChinaEmbSL 

https://.co/IXGelMbVoY 

#lka #SriLanka #COVID19SLÂ https://.co/rwPqo2MXhE",False,1,,2021-01-27 09:41:26,True,,1354363877887266816,,"<a href=""https://mobile.twitter.com"" rel=""nofollow"">Twitter Web App</a>",CeylonToday,1,False,False,,
81,81,82,"COVID-19 patients   released  10 days 

https://.co/IUuqfXKSWR 

#lka #SriLanka #COVID19SL #COVID19LK #Corona #COVID19LK #Quarantine",False,1,,2021-01-27 09:32:39,False,,1354361668113936386,,"<a href=""https://mobile.twitter.com"" rel=""nofollow"">Twitter Web App</a>",CeylonToday,1,False,False,,
82,82,83,"#Coronavirus live | #SriLanka  procure 2  3 million doses  #COVID_19 vaccine  #India .

#lanka #colomboÂ https://.co/ueY2QxxLs4",False,0,,2021-01-27 09:22:12,True,,1354359040931819522,,"<a href=""https://mobile.twitter.com"" rel=""nofollow"">Twitter Web App</a>",BandhiniF,0,False,False,,
83,83,84,"RT @CeylonToday: Covid-19 vaccine  mandatory : Lalith Weeratunga

https://.co/tFGGrIzkCg 

#lka #SriLanka #COVID19LK #COVID19 #CovidVacÂ",False,0,,2021-01-27 06:55:28,False,,1354322112257740807,,"<a href=""https://getreal360.com"" rel=""nofollow"">GetReal360</a>",YouCanFoolMost,2,True,False,,
84,84,85,"Covid-19 vaccine  mandatory : Lalith Weeratunga

https://.co/tFGGrIzkCg 

#lka #SriLanka #COVID19LK #COVID19Â https://.co/YDqaq5gYqH",False,3,,2021-01-27 06:55:26,True,,1354322105656078338,,"<a href=""https://mobile.twitter.com"" rel=""nofollow"">Twitter Web App</a>",CeylonToday,2,False,False,,
85,85,86,"Indian Covid-19 vaccine  arrive tomorrow 

https://.co/uNrbgVH2S6 

#lka #SriLanka #COVIDVaccination #COVID19Â https://.co/h3aQ7Q4wJq",False,2,,2021-01-27 06:50:23,True,,1354320835696324609,,"<a href=""https://mobile.twitter.com"" rel=""nofollow"">Twitter Web App</a>",CeylonToday,1,False,False,,
86,86,87,"State Minister @ArundikaFernan1 tests positive  Covid-19 

https://.co/BEoQUlYT7Q 

#lka #SriLanka #COVID19Â https://.co/KUP3J3XQ0M",False,3,,2021-01-27 06:43:21,True,,1354319063493865472,,"<a href=""https://mobile.twitter.com"" rel=""nofollow"">Twitter Web App</a>",CeylonToday,0,False,False,,
87,87,88,"Police operations  enforce health guidelines  continue: DIG Ajith Rohana

https://.co/MCWfrWJQic 

#lkaÂ https://.co/PMYOGGXsn3",False,0,,2021-01-27 06:33:58,True,,1354316702771765248,,"<a href=""https://mobile.twitter.com"" rel=""nofollow"">Twitter Web App</a>",CeylonToday,0,False,False,,
88,88,89,@sumanthraman What u blabbered last year May-June  paid media  referring @BBCWorld assumption  #MotherIndiaÂ https://.co/3QC9q1WR72,False,1,sumanthraman,2021-01-27 03:58:26,True,1.3541097382087475e+18,1354277560025194497,54436268.0,"<a href=""http://twitter.com/download/android"" rel=""nofollow"">Twitter for Android</a>",irdab2,1,False,False,,
89,89,90,@BBCBreaking What u  predicting last year May?.. India  become  hub  #Corona  crores  people Â https://.co/xmcZbudF7V,False,0,BBCBreaking,2021-01-27 03:54:39,True,1.3541070973031465e+18,1354276609197449222,5402612.0,"<a href=""http://twitter.com/download/android"" rel=""nofollow"">Twitter for Android</a>",irdab2,0,False,False,,
90,90,91,"RT @CeylonToday: Three drivers test positive  Covid-19 

https://.co/yI3qTrIP5E 

#lka #SriLanka #COVID19SL #COVID19LK #Corona #coronavÂ",False,0,,2021-01-26 18:32:02,False,,1354135022756896768,,"<a href=""https://mobile.twitter.com"" rel=""nofollow"">Twitter Web App</a>",rehanumfernando,2,True,False,,
91,91,92,"RT @infodprtsl: <f0><U+009F><U+0091><U+0089><f0><U+009F><U+0091><U+0089>One covid-19 infection death  reported  Sri Lanka<f0><U+009F><U+0091><U+0088><f0><U+009F><U+0091><U+0088>
#Srilankan #Srilanka #lka #Lanka #Ceylon #DGI #Government #InforÂ",False,0,,2021-01-26 17:31:03,False,,1354119674267623424,,,UCRGalle,4,True,False,,
92,92,93,"RT @infodprtsl: <f0><U+009F><U+0091><U+0089><f0><U+009F><U+0091><U+0089>One covid-19 infection death  reported  Sri Lanka<f0><U+009F><U+0091><U+0088><f0><U+009F><U+0091><U+0088>
#Srilankan #Srilanka #lka #Lanka #Ceylon #DGI #Government #InforÂ",False,0,,2021-01-26 17:07:23,False,,1354113717407985667,,,SLNewsRTBot,4,True,False,,
93,93,94,"<f0><U+009F><U+0091><U+0089><f0><U+009F><U+0091><U+0089>One covid-19 infection death  reported  Sri Lanka<f0><U+009F><U+0091><U+0088><f0><U+009F><U+0091><U+0088>
#Srilankan #Srilanka #lka #Lanka #Ceylon #DGIÂ https://.co/QBc1UdeIvo",False,2,,2021-01-26 16:52:47,True,,1354110043659132935,,"<a href=""https://mobile.twitter.com"" rel=""nofollow"">Twitter Web App</a>",infodprtsl,4,False,False,,
94,94,95,"RT @infodprtsl: <f0><U+009F><U+0091><U+0089><f0><U+009F><U+0091><U+0089>Another 379 Covid-19 patients  reported<f0><U+009F><U+0091><U+0088><f0><U+009F><U+0091><U+0088>
#Srilankan #Srilanka #lka #Lanka #Ceylon #DGI #Government #Information #DepÂ",False,0,,2021-01-26 16:31:03,False,,1354104575050059777,,,UCRGalle,4,True,False,,
95,95,96,"RT @infodprtsl: <f0><U+009F><U+0091><U+0089><f0><U+009F><U+0091><U+0089>Another 379 Covid-19 patients  reported<f0><U+009F><U+0091><U+0088><f0><U+009F><U+0091><U+0088>
#Srilankan #Srilanka #lka #Lanka #Ceylon #DGI #Government #Information #DepÂ",False,0,,2021-01-26 16:23:14,False,,1354102606503833606,,,SLNewsRTBot,4,True,False,,
96,96,97,"<f0><U+009F><U+0091><U+0089><f0><U+009F><U+0091><U+0089>Another 379 Covid-19 patients  reported<f0><U+009F><U+0091><U+0088><f0><U+009F><U+0091><U+0088>
#Srilankan #Srilanka #lka #Lanka #Ceylon #DGI #GovernmentÂ https://.co/kwVXeY7Czv",False,2,,2021-01-26 16:15:12,True,,1354100586237616130,,"<a href=""https://mobile.twitter.com"" rel=""nofollow"">Twitter Web App</a>",infodprtsl,4,False,False,,
97,97,98,"To @MumbaiPolice
My vehicle  theft  Mumbai
Now I   tamilnadu
Time  #Corona I came  tamilnadu I   stÂ https://.co/PzYCx1PY2M",False,27,,2021-01-26 15:36:10,True,,1354090762389098496,,"<a href=""http://twitter.com/download/android"" rel=""nofollow"">Twitter for Android</a>",MickeyAshly2,1,False,False,,
98,98,99,"RT @infodprtsl: <f0><U+009F><U+0091><U+0089><f0><U+009F><U+0091><U+0089>369 Covid-19 patients  reported<f0><U+009F><U+0091><U+0088><f0><U+009F><U+0091><U+0088>
#Srilankan #Srilanka #lka #Lanka #Ceylon #DGI #Government #Information #DepartmentÂ",False,0,,2021-01-26 14:32:38,False,,1354074776701173761,,,UCRGalle,4,True,False,,
99,99,100,"RT @infodprtsl: <f0><U+009F><U+0091><U+0089><f0><U+009F><U+0091><U+0089>369 Covid-19 patients  reported<f0><U+009F><U+0091><U+0088><f0><U+009F><U+0091><U+0088>
#Srilankan #Srilanka #lka #Lanka #Ceylon #DGI #Government #Information #DepartmentÂ",False,0,,2021-01-26 14:32:07,False,,1354074643590766593,,,UCRGalle,4,True,False,,
100,100,101,"RT @DurgadeviAmbal1: #AariArujunan <U+2764>. #Corona time,  still  #treats  #fans well <f0><U+009F><U+0092><U+0096>. Reason,    #liked     #pictureÂ",False,0,,2021-01-26 14:12:55,False,,1354069813111394305,,"<a href=""http://twitter.com/download/android"" rel=""nofollow"">Twitter for Android</a>",Comali76383846,30,True,False,,
101,101,102,"RT @infodprtsl: <f0><U+009F><U+0091><U+0089><f0><U+009F><U+0091><U+0089>369 Covid-19 patients  reported<f0><U+009F><U+0091><U+0088><f0><U+009F><U+0091><U+0088>
#Srilankan #Srilanka #lka #Lanka #Ceylon #DGI #Government #Information #DepartmentÂ",False,0,,2021-01-26 14:05:12,False,,1354067869953380352,,,SLNewsRTBot,4,True,False,,
102,102,103,"RT @infodprtsl: <f0><U+009F><U+0091><U+0089><f0><U+009F><U+0091><U+0089>369 Covid-19 patients  reported<f0><U+009F><U+0091><U+0088><f0><U+009F><U+0091><U+0088>
#Srilankan #Srilanka #lka #Lanka #Ceylon #DGI #Government #Information #DepartmentÂ",False,0,,2021-01-26 14:04:40,False,,1354067736519995393,,,SLNewsRTBot,4,True,False,,
103,103,104,"<f0><U+009F><U+0091><U+0089><f0><U+009F><U+0091><U+0089>369 Covid-19 patients  reported<f0><U+009F><U+0091><U+0088><f0><U+009F><U+0091><U+0088>
#Srilankan #Srilanka #lka #Lanka #Ceylon #DGI #Government #InformationÂ https://.co/h3pW2DwvBU",False,5,,2021-01-26 13:59:00,True,,1354066312931192834,,"<a href=""https://mobile.twitter.com"" rel=""nofollow"">Twitter Web App</a>",infodprtsl,4,False,False,,
104,104,105,"<f0><U+009F><U+0091><U+0089><f0><U+009F><U+0091><U+0089>369 Covid-19 patients  reported<f0><U+009F><U+0091><U+0088><f0><U+009F><U+0091><U+0088>
#Srilankan #Srilanka #lka #Lanka #Ceylon #DGI #Government #InformationÂ https://.co/MmdlPdTXJ0",False,4,,2021-01-26 13:58:50,True,,1354066270359089152,,"<a href=""https://mobile.twitter.com"" rel=""nofollow"">Twitter Web App</a>",infodprtsl,4,False,False,,
105,105,106,"RT @newsradiolk: 369 COVID-19 cases detected  Sri Lanka thus far today, bringing  total number  cases  59,536 &amp; active infection cÂ",False,0,,2021-01-26 13:27:53,False,,1354058479103832069,,"<a href=""http://twitter.com/download/android"" rel=""nofollow"">Twitter for Android</a>",tharakasenavi,1,True,False,,
106,106,107,"369 COVID-19 cases detected  Sri Lanka thus far today, bringing  total number  cases  59,536 &amp; active infeÂ https://.co/iluyKb2O7J",False,0,,2021-01-26 12:55:20,True,,1354050287464538112,,"<a href=""https://mobile.twitter.com"" rel=""nofollow"">Twitter Web App</a>",newsradiolk,1,False,False,,
107,107,108,First batch  Frontline Workers  Field Staff  Amar Seva Sangam  inoculated (Covishield vaccine)   partÂ https://.co/T5tSeFyd55,False,3,,2021-01-26 12:25:12,True,,1354042705689501697,,"<a href=""http://twitter.com/download/android"" rel=""nofollow"">Twitter for Android</a>",amarseva,0,False,False,,
108,108,109,First batch  Frontline Workers  Field Staff  Amar Seva Sangam  inoculated (Covishield vaccine)   partÂ https://.co/4Z1twMSS9Z,False,2,,2021-01-26 12:21:10,True,,1354041690680553474,,"<a href=""http://twitter.com/download/android"" rel=""nofollow"">Twitter for Android</a>",amarseva,0,False,False,,
109,109,110,"My #Lockdown #Corona #SONG With #zeetamil #neethane_enthan_ponvasantham #serial Team

#Covid_19 #AWARENESS 

https://.co/5VV055iK09",False,0,,2021-01-26 12:10:32,False,,1354039015767420931,,"<a href=""https://mobile.twitter.com"" rel=""nofollow"">Twitter Web App</a>",Arunthathi_K,0,False,False,,
110,110,111,"Clinical trials  'Dhammika Syrup' still underway - @MoH_SriLanka 

https://.co/Wn9QxvvgK9 

#lka #SriLankaÂ https://.co/DOl81B3jkU",False,5,,2021-01-26 09:37:41,True,,1354000548857585665,,"<a href=""https://mobile.twitter.com"" rel=""nofollow"">Twitter Web App</a>",CeylonToday,2,False,False,,
111,111,112,"Three drivers test positive  Covid-19 

https://.co/yI3qTrIP5E 

#lka #SriLanka #COVID19SL #COVID19LK #CoronaÂ https://.co/pYfJOujvIC",False,3,,2021-01-26 07:12:19,True,,1353963966859456512,,"<a href=""https://mobile.twitter.com"" rel=""nofollow"">Twitter Web App</a>",CeylonToday,2,False,False,,
112,112,113,"#Corona #pneumonia #Chinnamma idly sapadalaya? 

Too much expectations <f0><U+009F><U+00A4><U+00AD> 

@sansbarrier @PrinceArihan @polimernews",False,0,,2021-01-26 04:19:45,False,,1353920538452709377,,"<a href=""http://twitter.com/download/iphone"" rel=""nofollow"">Twitter for iPhone</a>",ram86_MWaugh,0,False,False,,
113,113,114,"So far #CoronaVirus worldwide <f0><U+009F><U+008C><U+008E><U+2757>
<f0><U+009F><U+0098><U+00B7>100 million infected cases 
<f0><U+009F><U+0098><U+00B7>72 million recovered 
<f0><U+009F><U+0098><U+00B7>2.1 million deaths 
<f0><U+009F><U+0098><U+00B7>110,000Â https://.co/45bynRNR4H",False,36,,2021-01-26 01:29:12,True,,1353877616013402115,,"<a href=""http://twitter.com/download/android"" rel=""nofollow"">Twitter for Android</a>",SriLankaTweet,12,False,False,,
114,114,115,"RT @infodprtsl: <f0><U+009F><U+0091><U+0089><f0><U+009F><U+0091><U+0089>Four covid-19 infection deaths  reported  Sri Lanka<f0><U+009F><U+0091><U+0088><f0><U+009F><U+0091><U+0088>
#Srilankan #Srilanka #lka #Lanka #Ceylon #DGI #Government #InÂ",False,0,,2021-01-26 01:22:17,False,,1353875877973667845,,"<a href=""https://mobile.twitter.com"" rel=""nofollow"">Twitter Web App</a>",kataclysmichaos,3,True,False,,
115,115,116,"@MoH_SriLanka says 54%  public ready  accept Covid  vaccine 

https://.co/TSDICz3mTF 

#lka #SriLankaÂ https://.co/JQkJwWVpHS",False,1,MoH_SriLanka,2021-01-26 01:15:02,True,,1353874050980982784,1.1089890769363516e+18,"<a href=""https://mobile.twitter.com"" rel=""nofollow"">Twitter Web App</a>",CeylonToday,0,False,False,,
116,116,117,"RT @infodprtsl: <f0><U+009F><U+0091><U+0089><f0><U+009F><U+0091><U+0089>Four covid-19 infection deaths  reported  Sri Lanka<f0><U+009F><U+0091><U+0088><f0><U+009F><U+0091><U+0088>
#Srilankan #Srilanka #lka #Lanka #Ceylon #DGI #Government #InÂ",False,0,,2021-01-25 18:31:29,False,,1353772495590084615,,,UCRGalle,3,True,False,,
117,117,118,"RT @infodprtsl: <f0><U+009F><U+0091><U+0089><f0><U+009F><U+0091><U+0089>Four covid-19 infection deaths  reported  Sri Lanka<f0><U+009F><U+0091><U+0088><f0><U+009F><U+0091><U+0088>
#Srilankan #Srilanka #lka #Lanka #Ceylon #DGI #Government #InÂ",False,0,,2021-01-25 18:06:43,False,,1353766261252108288,,,SLNewsRTBot,3,True,False,,
118,118,119,"<f0><U+009F><U+0091><U+0089><f0><U+009F><U+0091><U+0089>Four covid-19 infection deaths  reported  Sri Lanka<f0><U+009F><U+0091><U+0088><f0><U+009F><U+0091><U+0088>
#Srilankan #Srilanka #lka #Lanka #Ceylon #DGIÂ https://.co/SzSAyZ6hqo",False,4,,2021-01-25 17:54:49,True,,1353763269295693827,,"<a href=""https://mobile.twitter.com"" rel=""nofollow"">Twitter Web App</a>",infodprtsl,3,False,False,,
119,119,120,"Be  COVID Warrior.Please use high quality Mask manufactured  ProbeLab India.

For  information please call +Â https://.co/2i4pQR276p",False,0,,2021-01-25 07:21:22,True,,1353603853351079941,,"<a href=""https://www.hootsuite.com"" rel=""nofollow"">Hootsuite Inc.</a>",probe_lab,0,False,False,,
120,120,121,"#SriLanka: Is The Heta Nama Lakshaya (Sixty-Nine Lakhs) Fizzling Out? 

#srilankan #Muslims #lanka #lka #COVID19Â https://.co/3plrfXe0Mx",False,0,,2021-01-25 05:34:51,True,,1353577050532012033,,"<a href=""https://mobile.twitter.com"" rel=""nofollow"">Twitter Web App</a>",Mohammed_Aashsd,0,False,False,,
121,121,122,"RT @newsdotlk: 2021.01.25-Media Report
<U+2757><U+2757><U+2757><U+2757> Today (25)  6.00  onwards
Released  isolation  newly isolated territories
#SrilankÂ",False,0,,2021-01-25 05:32:34,False,,1353576473861435394,,,UCRGalle,2,True,False,,
122,122,123,"RT @newsdotlk: <U+2666><U+FE0F><U+2666><U+FE0F> 2021-01-24 Media Report
Three deaths  Covid-19 infected   recorded yesterday (24)
#Srilankan #Srilanka #lka #Â",False,0,,2021-01-25 05:32:02,False,,1353576340495212544,,,UCRGalle,2,True,False,,
123,123,124,"Sticking  #Science Best Way  Beat Superstition, Politricks, #Corona  Communal #Viruses .

#srilanka #colomboÂ https://.co/56sibSIWXC",False,1,,2021-01-25 05:09:07,True,,1353570571615760384,,"<a href=""https://mobile.twitter.com"" rel=""nofollow"">Twitter Web App</a>",Mohammed_Aashsd,0,False,False,,
124,124,125,"RT @newsdotlk: 2021.01.25-Media Report
<U+2757><U+2757><U+2757><U+2757> Today (25)  6.00  onwards
Released  isolation  newly isolated territories
#SrilankÂ",False,0,,2021-01-25 04:53:59,False,,1353566765297627137,,,SLNewsRTBot,2,True,False,,
125,125,126,"RT @newsdotlk: <U+2666><U+FE0F><U+2666><U+FE0F> 2021-01-24 Media Report
Three deaths  Covid-19 infected   recorded yesterday (24)
#Srilankan #Srilanka #lka #Â",False,0,,2021-01-25 04:53:27,False,,1353566632329797632,,,SLNewsRTBot,2,True,False,,
126,126,127,"<U+2666><U+FE0F><U+2666><U+FE0F> 2021-01-24 Media Report
Three deaths  Covid-19 infected   recorded yesterday (24)
#SrilankanÂ https://.co/7j8UcIVv5m",False,3,,2021-01-25 04:41:29,True,,1353563618072260610,,"<a href=""https://mobile.twitter.com"" rel=""nofollow"">Twitter Web App</a>",newsdotlk,2,False,False,,
127,127,128,"2021.01.25-Media Report
<U+2757><U+2757><U+2757><U+2757> Today (25)  6.00  onwards
Released  isolation  newly isolated territoriesÂ https://.co/yeOibZzPod",False,2,,2021-01-25 04:38:43,True,,1353562921725530117,,"<a href=""https://mobile.twitter.com"" rel=""nofollow"">Twitter Web App</a>",newsdotlk,2,False,False,,
128,128,129,"RT @infodprtsl: <f0><U+009F><U+0091><U+0089>Two covid-19 infection deaths  reported  Sri Lanka
#Srilankan #Srilanka #lka #Lanka #Ceylon #DGI #Government #InformÂ",False,0,,2021-01-25 03:11:17,False,,1353540921594413057,,"<a href=""https://mobile.twitter.com"" rel=""nofollow"">Twitter Web App</a>",senehasasaviya,3,True,False,,
129,129,130,#Corona   PM  mask.  CM  mask https://.co/P3w7FjsVZd,False,0,,2021-01-24 09:30:11,False,,1353273883806162944,,"<a href=""http://twitter.com/download/iphone"" rel=""nofollow"">Twitter for iPhone</a>",pvish49,0,False,False,,
130,130,131,"RT @infodprtsl: <f0><U+009F><U+0091><U+0089>Two covid-19 infection deaths  reported  Sri Lanka
#Srilankan #Srilanka #lka #Lanka #Ceylon #DGI #Government #InformÂ",False,0,,2021-01-24 04:31:31,False,,1353198722306502657,,,UCRGalle,3,True,False,,
131,131,132,"RT @newsradiolk: Over 100 COVID-19 cases detected  Colombo, Gampaha  Kandy districts yesterday (23rd).
-197  Colombo
-110  KÂ",False,0,,2021-01-24 04:17:20,False,,1353195154908323840,,"<a href=""http://twitter.com/download/iphone"" rel=""nofollow"">Twitter for iPhone</a>",iamshakoor,5,True,False,,
132,132,133,"Scientists  revealed  #COVID19 really looks like. 
The virus  infected nearly 100 million people, killinÂ https://.co/FjepcHJWsI",False,126,,2021-01-24 04:06:36,True,,1353192450840522752,,"<a href=""http://twitter.com/download/android"" rel=""nofollow"">Twitter for Android</a>",SriLankaTweet,43,False,False,,
133,133,134,"RT @infodprtsl: <f0><U+009F><U+0091><U+0089>Two covid-19 infection deaths  reported  Sri Lanka
#Srilankan #Srilanka #lka #Lanka #Ceylon #DGI #Government #InformÂ",False,0,,2021-01-24 03:44:09,False,,1353186804816633857,,,SLNewsRTBot,3,True,False,,
134,134,135,"<f0><U+009F><U+0091><U+0089>Two covid-19 infection deaths  reported  Sri Lanka
#Srilankan #Srilanka #lka #Lanka #Ceylon #DGI #GovernmentÂ https://.co/HufrM2C8EC",False,5,,2021-01-24 03:39:51,True,,1353185722673614849,,"<a href=""https://mobile.twitter.com"" rel=""nofollow"">Twitter Web App</a>",infodprtsl,3,False,False,,
135,135,136,"RT @newsradiolk: Over 100 COVID-19 cases detected  Colombo, Gampaha  Kandy districts yesterday (23rd).
-197  Colombo
-110  KÂ",False,0,,2021-01-24 03:16:01,False,,1353179723719966720,,"<a href=""http://twitter.com/download/android"" rel=""nofollow"">Twitter for Android</a>",tharakasenavi,5,True,False,,
136,136,137,"RT @newsradiolk: Over 100 COVID-19 cases detected  Colombo, Gampaha  Kandy districts yesterday (23rd).
-197  Colombo
-110  KÂ",False,0,,2021-01-24 03:15:18,False,,1353179543662522369,,"<a href=""http://twitter.com/download/android"" rel=""nofollow"">Twitter for Android</a>",gopiharan,5,True,False,,
137,137,138,"Over 100 COVID-19 cases detected  Colombo, Gampaha  Kandy districts yesterday (23rd).
-197  Colombo
-110Â https://.co/L9ZtyAhzPp",False,0,,2021-01-24 02:43:53,True,,1353171634933420033,,"<a href=""https://mobile.twitter.com"" rel=""nofollow"">Twitter Web App</a>",newsradiolk,5,False,False,,
138,138,139,South Korean Catholics maintain pastoral services despite  significant income loss  low church attendances duriÂ https://.co/Lf3m4FNsUG,False,0,,2021-01-23 19:31:51,True,,1353062912345051136,,"<a href=""https://app.socialpilot.co/"" rel=""nofollow"">SocialPilot.co</a>",UCANSriLanka,0,False,False,,
139,139,140,"After Health Minister Tested Positive, Covid #vaccine   arrive  #lka  wednesday. #Corona #LKA",False,2,,2021-01-23 08:14:53,False,,1352892547945918464,,"<a href=""http://twitter.com/download/iphone"" rel=""nofollow"">Twitter for iPhone</a>",ShamranF,0,False,False,,
