,,,text,favorited,favoriteCount,replyToSN,created,truncated,replyToSID,id,replyToUID,statusSource,screenName,retweetCount,isRetweet,retweeted,longitude,latitude
0,0,1,"RT @infodprtsl: <f0><U+009F><U+0091><U+0089><f0><U+009F><U+0091><U+0089>Kosgama Police Division   designated   isolated area  released  isolation
#Srilankan #Srilanka #lka #LaÂ",False,0,,2021-01-03 00:06:14,False,,1345521816052363264,,,SLNewsRTBot,4,True,False,,
1,1,2,"#Covid-19 #Update*<f0><U+009F><U+00A6><U+00A0>
2021-01-02

#Three(03) #COVID19 related #deaths  502 new cases recorded  #Sri #Lanka <f0><U+009F><U+0087><U+00B1><f0><U+009F><U+0087><U+00B0>Â https://.co/cq8XnNutDt",False,2,,2021-01-02 14:34:12,True,,1345377859024654337,,"<a href=""http://twitter.com/download/iphone"" rel=""nofollow"">Twitter for iPhone</a>",Naveeth14,0,False,False,,
2,2,3,Union Health Minister Harsh Vardhan  said  covid vaccine   provided free  cost across  country.Â https://.co/BkgQugn8vn,False,0,,2021-01-02 07:59:24,True,,1345278503722262529,,"<a href=""http://twitter.com/download/android"" rel=""nofollow"">Twitter for Android</a>",CovaiPost,0,False,False,,
3,3,4,"#CFPSL condemned #Ali SabriÂ interferance   independent death management process.

#SriLanka #islalamophobiaÂ https://.co/KHBYkpDeIY",False,1,,2021-01-01 15:58:00,True,,1345036560433963011,,"<a href=""https://mobile.twitter.com"" rel=""nofollow"">Twitter Web App</a>",Mohammed_Aashsd,0,False,False,,
4,4,5,Coimbatore  among  cities included   nationwide trial run  mass Covid-19 vaccination  Saturday.Â https://.co/tWxZumm2uu,False,1,,2021-01-01 14:33:07,True,,1345015200454361088,,"<a href=""http://twitter.com/download/android"" rel=""nofollow"">Twitter for Android</a>",CovaiPost,1,False,False,,
5,5,6,"Need #Covid19 / #Corona Negative Certificate? ???

#KeralaTheater Reopen With 50% occ....
For
#MasterPongal  Jan 13Â https://.co/YiPryi0ekZ",False,0,,2021-01-01 13:26:44,True,,1344998494176641025,,"<a href=""http://twitter.com/download/android"" rel=""nofollow"">Twitter for Android</a>",Tamizh5665,0,False,False,,
6,6,7,"#Isolation #Update<f0><U+009F><U+009B><U+0091>

The #Kattankudy Police area  #Kalmunai 1, 1C, 1E, 2, 2A, 2B, 3, 3A, #KalmunaiKudi 1, 2 Â https://.co/zqsnydPots",False,3,,2021-01-01 07:45:23,True,,1344912589344669696,,"<a href=""http://twitter.com/download/iphone"" rel=""nofollow"">Twitter for iPhone</a>",Naveeth14,0,False,False,,
7,7,8,"Freedom  mutation  Copper protection..!
https://.co/mI8b7diGL3
#covid_19 #corona #coppermaskÂ https://.co/u35IO2SQJY",False,0,,2021-01-01 04:21:06,True,,1344861179244466177,,"<a href=""http://instagram.com"" rel=""nofollow"">Instagram</a>",sureshway,0,False,False,,
8,8,9,"#COVID19 #Update<f0><U+009F><U+00A6><U+00A0>

So far #today 5 #Deaths  592 News cases reported 

<U+25AA><U+FE0F>Total Cases - 43,299
<U+25AA><U+FE0F>Recoveries - 35,3Â https://.co/wP68tX7aPz",False,3,,2020-12-31 14:45:42,True,,1344655979804241920,,"<a href=""http://twitter.com/download/iphone"" rel=""nofollow"">Twitter for iPhone</a>",Naveeth14,0,False,False,,
9,9,10,"RT @PIBTvpm: On  last day   year, let' remember  salute  frontline #Corona Warriors!!

A Tribute  sand   brilliant @Â",False,0,,2020-12-31 09:37:53,False,,1344578514075303936,,"<a href=""https://mobile.twitter.com"" rel=""nofollow"">Twitter Web App</a>",dfptvm,1,True,False,,
10,10,11,"RT @PIBTvpm: @PMOIndia @narendramodi:

This last day   year, let' remember India' millions  doctors, health workers, sanitation woÂ",False,0,,2020-12-31 09:33:24,False,,1344577385400729600,,"<a href=""https://mobile.twitter.com"" rel=""nofollow"">Twitter Web App</a>",dfptvm,2,True,False,,
11,11,12,"RT @PIBTvpm: @PMOIndia @narendramodi:

This last day   year, let' remember India' millions  doctors, health workers, sanitation woÂ",False,0,,2020-12-31 08:44:49,False,,1344565159021277184,,"<a href=""https://mobile.twitter.com"" rel=""nofollow"">Twitter Web App</a>",PIBTvpm,2,True,False,,
12,12,13,"@PMOIndia @narendramodi:

This last day   year, let' remember India' millions  doctors, health workers, saÂ https://.co/wPsGYYPOsD",False,1,PMOIndia,2020-12-31 08:44:30,True,,1344565080009052160,471741741.0,"<a href=""https://mobile.twitter.com"" rel=""nofollow"">Twitter Web App</a>",PIBTvpm,2,False,False,,
13,13,14,"Lastday #2020yr I thought mostly  Bad memories   year.bcos  #Corona,#cyclones,#landslide,
#deaths,Â https://.co/JgVPlVZSmD",False,0,,2020-12-31 06:58:30,True,,1344538403237371906,,"<a href=""http://twitter.com/download/android"" rel=""nofollow"">Twitter for Android</a>",thamizhan2021,0,False,False,,
14,14,15,"On  last day   year, let' remember  salute  frontline #Corona Warriors!!

A Tribute  sand   bÂ https://.co/f8soSCDTw3",False,2,,2020-12-31 06:07:31,True,,1344525572777472001,,"<a href=""https://mobile.twitter.com"" rel=""nofollow"">Twitter Web App</a>",PIBTvpm,1,False,False,,
15,15,16,"Corona '   pandemic '    endemic ,    adapt  #corona @WHO @MoHFW_INDIA @PMOIndia",False,0,,2020-12-30 17:09:09,False,,1344329691071537152,,"<a href=""http://twitter.com/download/android"" rel=""nofollow"">Twitter for Android</a>",karthik_hunt,0,False,False,,
16,16,17,"#COVID19 #Update<f0><U+009F><U+00A6><U+00A0>
2020-12-30

So far #today 4 #Deaths  639 #New cases reported 

<U+25AA><U+FE0F>Total Cases - 42,702
<U+25AA><U+FE0F>RecoveÂ https://.co/W2o7pLJ6sr",False,1,,2020-12-30 17:07:58,True,,1344329394567983104,,"<a href=""http://twitter.com/download/iphone"" rel=""nofollow"">Twitter for iPhone</a>",Naveeth14,0,False,False,,
17,17,18,"RT @fanboysab: Zoom   eyes <f0><U+009F><U+0098><U+0088>
Action packed #Vaathi  coming !
inga mudinchuthu un vela #Corona ipa Vudu  aala #MasterPongal <f0><U+009F><U+0094><U+00A5> #MastÂ",False,0,,2020-12-30 16:36:25,False,,1344321453697613824,,"<a href=""https://mobile.twitter.com"" rel=""nofollow"">Twitter Web App</a>",Icon39661904,1,True,False,,
18,18,19,"Zoom   eyes <f0><U+009F><U+0098><U+0088>
Action packed #Vaathi  coming !
inga mudinchuthu un vela #Corona ipa Vudu  aalaÂ https://.co/3lVnzWID1U",False,3,,2020-12-30 16:08:50,True,,1344314510505459716,,"<a href=""http://twitter.com/download/android"" rel=""nofollow"">Twitter for Android</a>",fanboysab,1,False,False,,
19,19,20,"RT @infodprtsl: <f0><U+009F><U+0091><U+0089><f0><U+009F><U+0091><U+0089>Kosgama Police Division   designated   isolated area  released  isolation
#Srilankan #Srilanka #lka #LaÂ",False,0,,2020-12-30 13:20:48,False,,1344272223557754882,,"<a href=""https://about.twitter.com/products/tweetdeck"" rel=""nofollow"">TweetDeck</a>",erangatennakoon,4,True,False,,
20,20,21,"RT @infodprtsl: <f0><U+009F><U+0091><U+0089><f0><U+009F><U+0091><U+0089>Kosgama Police Division   designated   isolated area  released  isolation
#Srilankan #Srilanka #lka #LaÂ",False,0,,2020-12-30 12:31:03,False,,1344259707112984576,,,UCRGalle,4,True,False,,
21,21,22,"RT @infodprtsl: <f0><U+009F><U+0091><U+0089><f0><U+009F><U+0091><U+0089>Kosgama Police Division   designated   isolated area  released  isolation
#Srilankan #Srilanka #lka #LaÂ",False,0,,2020-12-30 12:04:33,False,,1344253037834100737,,,SLNewsRTBot,4,True,False,,
22,22,23,"<f0><U+009F><U+0091><U+0089><f0><U+009F><U+0091><U+0089>Kosgama Police Division   designated   isolated area  released  isolation
#Srilankan #SrilankaÂ https://.co/BTL1i9Svk4",False,4,,2020-12-30 12:02:28,True,,1344252512992301056,,"<a href=""https://mobile.twitter.com"" rel=""nofollow"">Twitter Web App</a>",infodprtsl,4,False,False,,
23,23,24,Good bye #Corona <f0><U+009F><U+008E><U+0089> https://.co/l2Pm0r0viA,False,0,,2020-12-30 11:45:57,False,,1344248353714913280,,"<a href=""http://twitter.com/download/android"" rel=""nofollow"">Twitter for Android</a>",vinee_says,0,False,False,,
24,24,25,"RT @dp_karthik: #Master Running Successfully across India  THEATERS - Poster   released  #VijaySethupathi' bday <U+2764><U+FE0F>

PS: If No #CÂ",False,0,,2020-12-30 11:26:15,False,,1344243399025520643,,"<a href=""http://twitter.com/download/android"" rel=""nofollow"">Twitter for Android</a>",vijayannafan007,106,True,False,,
25,25,26,"RT @dp_karthik: #Master Running Successfully across India  THEATERS - Poster   released  #VijaySethupathi' bday <U+2764><U+FE0F>

PS: If No #CÂ",False,0,,2020-12-30 10:24:58,False,,1344227976779448321,,"<a href=""http://twitter.com/download/android"" rel=""nofollow"">Twitter for Android</a>",JD_the_Culprit,106,True,False,,
26,26,27,"RT @dp_karthik: #Master Running Successfully across India  THEATERS - Poster   released  #VijaySethupathi' bday <U+2764><U+FE0F>

PS: If No #CÂ",False,0,,2020-12-30 09:27:54,False,,1344213612567543808,,"<a href=""http://twitter.com/download/android"" rel=""nofollow"">Twitter for Android</a>",iamviruuu,106,True,False,,
27,27,28,"RT @dp_karthik: #Master Running Successfully across India  THEATERS - Poster   released  #VijaySethupathi' bday <U+2764><U+FE0F>

PS: If No #CÂ",False,0,,2020-12-30 08:56:35,False,,1344205731709382657,,"<a href=""http://twitter.com/download/android"" rel=""nofollow"">Twitter for Android</a>",MichaelJuu2,106,True,False,,
28,28,29,"RT @dp_karthik: #Master Running Successfully across India  THEATERS - Poster   released  #VijaySethupathi' bday <U+2764><U+FE0F>

PS: If No #CÂ",False,0,,2020-12-30 08:40:56,False,,1344201794923024384,,"<a href=""http://twitter.com/download/android"" rel=""nofollow"">Twitter for Android</a>",babu1817,106,True,False,,
29,29,30,"Webinar  Public Health response  COVID-19 : An Update
Speakers : Prof Malik Peiris &amp; Prof Neelika Malavige  
OnÂ https://.co/lLZnN83ioC",False,0,,2020-12-30 08:27:27,True,,1344198402087792640,,"<a href=""http://twitter.com/download/android"" rel=""nofollow"">Twitter for Android</a>",sanoonmh,0,False,False,,
30,30,31,"RT @dp_karthik: #Master Running Successfully across India  THEATERS - Poster   released  #VijaySethupathi' bday <U+2764><U+FE0F>

PS: If No #CÂ",False,0,,2020-12-30 03:56:25,False,,1344130193162526721,,"<a href=""http://twitter.com/download/android"" rel=""nofollow"">Twitter for Android</a>",Santhos58268150,106,True,False,,
31,31,32,"RT @dp_karthik: #Master Running Successfully across India  THEATERS - Poster   released  #VijaySethupathi' bday <U+2764><U+FE0F>

PS: If No #CÂ",False,0,,2020-12-30 03:54:58,False,,1344129827343777795,,"<a href=""http://twitter.com/download/android"" rel=""nofollow"">Twitter for Android</a>",Itz_VJnandha,106,True,False,,
32,32,33,"RT @dp_karthik: #Master Running Successfully across India  THEATERS - Poster   released  #VijaySethupathi' bday <U+2764><U+FE0F>

PS: If No #CÂ",False,0,,2020-12-30 03:53:06,False,,1344129360303804416,,"<a href=""http://twitter.com/download/android"" rel=""nofollow"">Twitter for Android</a>",RahulVi07607015,106,True,False,,
33,33,34,"RT @dp_karthik: #Master Running Successfully across India  THEATERS - Poster   released  #VijaySethupathi' bday <U+2764><U+FE0F>

PS: If No #CÂ",False,0,,2020-12-30 02:59:10,False,,1344115786189717504,,"<a href=""http://twitter.com/download/android"" rel=""nofollow"">Twitter for Android</a>",Thayanithi44,106,True,False,,
34,34,35,"RT @dp_karthik: #Master Running Successfully across India  THEATERS - Poster   released  #VijaySethupathi' bday <U+2764><U+FE0F>

PS: If No #CÂ",False,0,,2020-12-30 02:47:32,False,,1344112858594865153,,"<a href=""http://twitter.com/download/android"" rel=""nofollow"">Twitter for Android</a>",Vignesh71877596,106,True,False,,
35,35,36,"RT @newsradiolk: One COVID-related death   recorded, increasing  death toll  195.
#SriLanka #LKA #Covid #COVID19 #Corona #COVIDÂ",False,0,,2020-12-30 02:45:53,False,,1344112444105494529,,"<a href=""http://twitter.com/download/iphone"" rel=""nofollow"">Twitter for iPhone</a>",Lady_Klaus,3,True,False,,
36,36,37,"RT @dp_karthik: #Master Running Successfully across India  THEATERS - Poster   released  #VijaySethupathi' bday <U+2764><U+FE0F>

PS: If No #CÂ",False,0,,2020-12-29 17:29:27,False,,1343972413185265665,,"<a href=""http://twitter.com/download/android"" rel=""nofollow"">Twitter for Android</a>",JOSHMS12,106,True,False,,
37,37,38,"RT @dp_karthik: #Master Running Successfully across India  THEATERS - Poster   released  #VijaySethupathi' bday <U+2764><U+FE0F>

PS: If No #CÂ",False,0,,2020-12-29 17:25:06,False,,1343971316651606016,,"<a href=""http://twitter.com/download/android"" rel=""nofollow"">Twitter for Android</a>",thananchjayanm,106,True,False,,
38,38,39,"RT @dp_karthik: #Master Running Successfully across India  THEATERS - Poster   released  #VijaySethupathi' bday <U+2764><U+FE0F>

PS: If No #CÂ",False,0,,2020-12-29 17:06:31,False,,1343966639914582016,,"<a href=""http://twitter.com/download/android"" rel=""nofollow"">Twitter for Android</a>",Nowshath_VJ,106,True,False,,
39,39,40,"RT @newsradiolk: One COVID-related death   recorded, increasing  death toll  195.
#SriLanka #LKA #Covid #COVID19 #Corona #COVIDÂ",False,0,,2020-12-29 16:50:23,False,,1343962580117680134,,"<a href=""http://twitter.com/download/iphone"" rel=""nofollow"">Twitter for iPhone</a>",iamshakoor,3,True,False,,
40,40,41,"RT @dp_karthik: #Master Running Successfully across India  THEATERS - Poster   released  #VijaySethupathi' bday <U+2764><U+FE0F>

PS: If No #CÂ",False,0,,2020-12-29 16:19:10,False,,1343954723699712000,,"<a href=""http://twitter.com/download/android"" rel=""nofollow"">Twitter for Android</a>",john_praveen16,106,True,False,,
41,41,42,"RT @dp_karthik: #Master Running Successfully across India  THEATERS - Poster   released  #VijaySethupathi' bday <U+2764><U+FE0F>

PS: If No #CÂ",False,0,,2020-12-29 15:13:28,False,,1343938190894313485,,"<a href=""http://twitter.com/download/android"" rel=""nofollow"">Twitter for Android</a>",DheepakVfc,106,True,False,,
42,42,43,"#Covid19 #Update<f0><U+009F><U+00A6><U+00A0>

<U+25AA><U+FE0F>- #One(01)  #COVID-19 related deaths   recorded increasing #SriLanka' #death tollÂ https://.co/x83jF2CEIR",False,2,,2020-12-29 14:59:08,True,,1343934583037980674,,"<a href=""http://twitter.com/download/iphone"" rel=""nofollow"">Twitter for iPhone</a>",Naveeth14,0,False,False,,
43,43,44,"RT @newsradiolk: One COVID-related death   recorded, increasing  death toll  195.
#SriLanka #LKA #Covid #COVID19 #Corona #COVIDÂ",False,0,,2020-12-29 14:57:23,False,,1343934143286059011,,"<a href=""http://twitter.com/download/iphone"" rel=""nofollow"">Twitter for iPhone</a>",anp66,3,True,False,,
44,44,45,"One COVID-related death   recorded, increasing  death toll  195.
#SriLanka #LKA #Covid #COVID19 #Corona #COVID19LK",False,1,,2020-12-29 14:57:15,False,,1343934108213231616,,"<a href=""https://mobile.twitter.com"" rel=""nofollow"">Twitter Web App</a>",newsradiolk,3,False,False,,
45,45,46,"RT @dp_karthik: #Master Running Successfully across India  THEATERS - Poster   released  #VijaySethupathi' bday <U+2764><U+FE0F>

PS: If No #CÂ",False,0,,2020-12-29 14:39:25,False,,1343929620014399495,,"<a href=""http://twitter.com/download/android"" rel=""nofollow"">Twitter for Android</a>",itz_satheesh2,106,True,False,,
46,46,47,"RT @dp_karthik: #Master Running Successfully across India  THEATERS - Poster   released  #VijaySethupathi' bday <U+2764><U+FE0F>

PS: If No #CÂ",False,0,,2020-12-29 14:35:44,False,,1343928693995970567,,"<a href=""http://twitter.com/download/android"" rel=""nofollow"">Twitter for Android</a>",ThalapathyThiy3,106,True,False,,
47,47,48,"RT @dp_karthik: #Master Running Successfully across India  THEATERS - Poster   released  #VijaySethupathi' bday <U+2764><U+FE0F>

PS: If No #CÂ",False,0,,2020-12-29 14:35:13,False,,1343928565750894593,,"<a href=""http://twitter.com/download/android"" rel=""nofollow"">Twitter for Android</a>",Pradheep0001,106,True,False,,
48,48,49,"RT @dp_karthik: #Master Running Successfully across India  THEATERS - Poster   released  #VijaySethupathi' bday <U+2764><U+FE0F>

PS: If No #CÂ",False,0,,2020-12-29 14:07:30,False,,1343921588249321473,,"<a href=""http://twitter.com/download/android"" rel=""nofollow"">Twitter for Android</a>",suryaprakash901,106,True,False,,
49,49,50,"RT @dp_karthik: #Master Running Successfully across India  THEATERS - Poster   released  #VijaySethupathi' bday <U+2764><U+FE0F>

PS: If No #CÂ",False,0,,2020-12-29 14:00:52,False,,1343919921479073796,,"<a href=""http://twitter.com/download/android"" rel=""nofollow"">Twitter for Android</a>",Raja64428913,106,True,False,,
50,50,51,"RT @dp_karthik: #Master Running Successfully across India  THEATERS - Poster   released  #VijaySethupathi' bday <U+2764><U+FE0F>

PS: If No #CÂ",False,0,,2020-12-29 13:57:55,False,,1343919179385233408,,"<a href=""http://twitter.com/download/android"" rel=""nofollow"">Twitter for Android</a>",TamilSe22552663,106,True,False,,
51,51,52,"RT @dp_karthik: #Master Running Successfully across India  THEATERS - Poster   released  #VijaySethupathi' bday <U+2764><U+FE0F>

PS: If No #CÂ",False,0,,2020-12-29 13:54:13,False,,1343918247171608576,,"<a href=""http://twitter.com/download/android"" rel=""nofollow"">Twitter for Android</a>",Yakeshmax1,106,True,False,,
52,52,53,"RT @dp_karthik: #Master Running Successfully across India  THEATERS - Poster   released  #VijaySethupathi' bday <U+2764><U+FE0F>

PS: If No #CÂ",False,0,,2020-12-29 13:53:52,False,,1343918159305142272,,"<a href=""http://twitter.com/download/android"" rel=""nofollow"">Twitter for Android</a>",Vjvk02179605,106,True,False,,
53,53,54,"RT @dp_karthik: #Master Running Successfully across India  THEATERS - Poster   released  #VijaySethupathi' bday <U+2764><U+FE0F>

PS: If No #CÂ",False,0,,2020-12-29 13:48:44,False,,1343916864909426689,,"<a href=""http://twitter.com/download/android"" rel=""nofollow"">Twitter for Android</a>",ThalapathyD5,106,True,False,,
54,54,55,"RT @dp_karthik: #Master Running Successfully across India  THEATERS - Poster   released  #VijaySethupathi' bday <U+2764><U+FE0F>

PS: If No #CÂ",False,0,,2020-12-29 13:44:32,False,,1343915811895853056,,"<a href=""http://twitter.com/download/android"" rel=""nofollow"">Twitter for Android</a>",MasterOffcal,106,True,False,,
55,55,56,"RT @dp_karthik: #Master Running Successfully across India  THEATERS - Poster   released  #VijaySethupathi' bday <U+2764><U+FE0F>

PS: If No #CÂ",False,0,,2020-12-29 13:38:19,False,,1343914245524635650,,"<a href=""http://twitter.com/download/android"" rel=""nofollow"">Twitter for Android</a>",itzakash55,106,True,False,,
56,56,57,"RT @dp_karthik: #Master Running Successfully across India  THEATERS - Poster   released  #VijaySethupathi' bday <U+2764><U+FE0F>

PS: If No #CÂ",False,0,,2020-12-29 13:34:49,False,,1343913363311489026,,"<a href=""http://twitter.com/download/android"" rel=""nofollow"">Twitter for Android</a>",AkashSethupathy,106,True,False,,
57,57,58,"RT @dp_karthik: #Master Running Successfully across India  THEATERS - Poster   released  #VijaySethupathi' bday <U+2764><U+FE0F>

PS: If No #CÂ",False,0,,2020-12-29 13:24:05,False,,1343910662095863810,,"<a href=""http://twitter.com/download/android"" rel=""nofollow"">Twitter for Android</a>",JDMASTER2020,106,True,False,,
58,58,59,"RT @dp_karthik: #Master Running Successfully across India  THEATERS - Poster   released  #VijaySethupathi' bday <U+2764><U+FE0F>

PS: If No #CÂ",False,0,,2020-12-29 13:22:53,False,,1343910360386965504,,"<a href=""http://twitter.com/download/android"" rel=""nofollow"">Twitter for Android</a>",Bigil82238970,106,True,False,,
59,59,60,"RT @dp_karthik: #Master Running Successfully across India  THEATERS - Poster   released  #VijaySethupathi' bday <U+2764><U+FE0F>

PS: If No #CÂ",False,0,,2020-12-29 13:20:38,False,,1343909796848668673,,"<a href=""http://twitter.com/download/android"" rel=""nofollow"">Twitter for Android</a>",Gowtham99416,106,True,False,,
60,60,61,"RT @dp_karthik: #Master Running Successfully across India  THEATERS - Poster   released  #VijaySethupathi' bday <U+2764><U+FE0F>

PS: If No #CÂ",False,0,,2020-12-29 13:20:27,False,,1343909747112591361,,"<a href=""http://twitter.com/download/android"" rel=""nofollow"">Twitter for Android</a>",RohitSiva45,106,True,False,,
61,61,62,"RT @dp_karthik: #Master Running Successfully across India  THEATERS - Poster   released  #VijaySethupathi' bday <U+2764><U+FE0F>

PS: If No #CÂ",False,0,,2020-12-29 13:19:48,False,,1343909583882911746,,"<a href=""http://twitter.com/download/android"" rel=""nofollow"">Twitter for Android</a>",Ashok5854,106,True,False,,
62,62,63,"RT @dp_karthik: #Master Running Successfully across India  THEATERS - Poster   released  #VijaySethupathi' bday <U+2764><U+FE0F>

PS: If No #CÂ",False,0,,2020-12-29 13:19:02,False,,1343909390684880898,,"<a href=""http://twitter.com/download/android"" rel=""nofollow"">Twitter for Android</a>",Kaththi_karthi2,106,True,False,,
63,63,64,"RT @dp_karthik: #Master Running Successfully across India  THEATERS - Poster   released  #VijaySethupathi' bday <U+2764><U+FE0F>

PS: If No #CÂ",False,0,,2020-12-29 13:10:41,False,,1343907291993526272,,"<a href=""http://twitter.com/download/android"" rel=""nofollow"">Twitter for Android</a>",NaveedKabeer3,106,True,False,,
64,64,65,"RT @dp_karthik: #Master Running Successfully across India  THEATERS - Poster   released  #VijaySethupathi' bday <U+2764><U+FE0F>

PS: If No #CÂ",False,0,,2020-12-29 13:09:52,False,,1343907087240159239,,"<a href=""http://twitter.com/download/android"" rel=""nofollow"">Twitter for Android</a>",msd_shiv,106,True,False,,
65,65,66,"RT @dp_karthik: #Master Running Successfully across India  THEATERS - Poster   released  #VijaySethupathi' bday <U+2764><U+FE0F>

PS: If No #CÂ",False,0,,2020-12-29 13:06:36,False,,1343906265668284417,,"<a href=""http://twitter.com/download/android"" rel=""nofollow"">Twitter for Android</a>",Jelly_bean_fl,106,True,False,,
66,66,67,"RT @dp_karthik: #Master Running Successfully across India  THEATERS - Poster   released  #VijaySethupathi' bday <U+2764><U+FE0F>

PS: If No #CÂ",False,0,,2020-12-29 13:05:35,False,,1343906007894917121,,"<a href=""http://twitter.com/download/android"" rel=""nofollow"">Twitter for Android</a>",Banu23334896,106,True,False,,
67,67,68,"RT @dp_karthik: #Master Running Successfully across India  THEATERS - Poster   released  #VijaySethupathi' bday <U+2764><U+FE0F>

PS: If No #CÂ",False,0,,2020-12-29 13:04:44,False,,1343905792383217664,,"<a href=""http://twitter.com/download/android"" rel=""nofollow"">Twitter for Android</a>",_Vaathi,106,True,False,,
68,68,69,"RT @dp_karthik: #Master Running Successfully across India  THEATERS - Poster   released  #VijaySethupathi' bday <U+2764><U+FE0F>

PS: If No #CÂ",False,0,,2020-12-29 12:55:03,False,,1343903358646546434,,"<a href=""http://twitter.com/download/android"" rel=""nofollow"">Twitter for Android</a>",KarunaSK45,106,True,False,,
69,69,70,"RT @dp_karthik: #Master Running Successfully across India  THEATERS - Poster   released  #VijaySethupathi' bday <U+2764><U+FE0F>

PS: If No #CÂ",False,0,,2020-12-29 12:54:32,False,,1343903228354646016,,"<a href=""http://twitter.com/download/android"" rel=""nofollow"">Twitter for Android</a>",Venkate37616949,106,True,False,,
70,70,71,"RT @dp_karthik: #Master Running Successfully across India  THEATERS - Poster   released  #VijaySethupathi' bday <U+2764><U+FE0F>

PS: If No #CÂ",False,0,,2020-12-29 12:54:16,False,,1343903161497473026,,"<a href=""http://twitter.com/download/android"" rel=""nofollow"">Twitter for Android</a>",pever_veratte,106,True,False,,
71,71,72,"RT @dp_karthik: #Master Running Successfully across India  THEATERS - Poster   released  #VijaySethupathi' bday <U+2764><U+FE0F>

PS: If No #CÂ",False,0,,2020-12-29 12:53:48,False,,1343903042605748224,,"<a href=""http://twitter.com/download/android"" rel=""nofollow"">Twitter for Android</a>",thalapathy_bmk,106,True,False,,
72,72,73,"RT @dp_karthik: #Master Running Successfully across India  THEATERS - Poster   released  #VijaySethupathi' bday <U+2764><U+FE0F>

PS: If No #CÂ",False,0,,2020-12-29 12:53:30,False,,1343902967364165633,,"<a href=""http://twitter.com/download/android"" rel=""nofollow"">Twitter for Android</a>",Saba_VJ,106,True,False,,
73,73,74,"RT @dp_karthik: #Master Running Successfully across India  THEATERS - Poster   released  #VijaySethupathi' bday <U+2764><U+FE0F>

PS: If No #CÂ",False,0,,2020-12-29 12:51:13,False,,1343902390886387714,,"<a href=""http://twitter.com/download/android"" rel=""nofollow"">Twitter for Android</a>",CJ90413306,106,True,False,,
74,74,75,"RT @dp_karthik: #Master Running Successfully across India  THEATERS - Poster   released  #VijaySethupathi' bday <U+2764><U+FE0F>

PS: If No #CÂ",False,0,,2020-12-29 12:43:21,False,,1343900414274490369,,"<a href=""http://twitter.com/download/android"" rel=""nofollow"">Twitter for Android</a>",Arunkum30413698,106,True,False,,
75,75,76,"RT @dp_karthik: #Master Running Successfully across India  THEATERS - Poster   released  #VijaySethupathi' bday <U+2764><U+FE0F>

PS: If No #CÂ",False,0,,2020-12-29 12:42:25,False,,1343900177153708032,,"<a href=""http://twitter.com/download/android"" rel=""nofollow"">Twitter for Android</a>",Rsanjay29493109,106,True,False,,
76,76,77,"RT @dp_karthik: #Master Running Successfully across India  THEATERS - Poster   released  #VijaySethupathi' bday <U+2764><U+FE0F>

PS: If No #CÂ",False,0,,2020-12-29 12:41:51,False,,1343900034048401408,,"<a href=""http://twitter.com/download/iphone"" rel=""nofollow"">Twitter for iPhone</a>",ThalapathyVIJ4Y,106,True,False,,
77,77,78,"RT @dp_karthik: #Master Running Successfully across India  THEATERS - Poster   released  #VijaySethupathi' bday <U+2764><U+FE0F>

PS: If No #CÂ",False,0,,2020-12-29 12:38:45,False,,1343899256948572163,,"<a href=""http://twitter.com/download/android"" rel=""nofollow"">Twitter for Android</a>",TjJoel24,106,True,False,,
78,78,79,"RT @dp_karthik: #Master Running Successfully across India  THEATERS - Poster   released  #VijaySethupathi' bday <U+2764><U+FE0F>

PS: If No #CÂ",False,0,,2020-12-29 12:36:53,False,,1343898786301497344,,"<a href=""http://twitter.com/download/android"" rel=""nofollow"">Twitter for Android</a>",Ragul87431009,106,True,False,,
79,79,80,"RT @dp_karthik: #Master Running Successfully across India  THEATERS - Poster   released  #VijaySethupathi' bday <U+2764><U+FE0F>

PS: If No #CÂ",False,0,,2020-12-29 12:36:42,False,,1343898738796838913,,"<a href=""http://twitter.com/download/android"" rel=""nofollow"">Twitter for Android</a>",ArasanMaster,106,True,False,,
80,80,81,"RT @dp_karthik: #Master Running Successfully across India  THEATERS - Poster   released  #VijaySethupathi' bday <U+2764><U+FE0F>

PS: If No #CÂ",False,0,,2020-12-29 12:34:39,False,,1343898222285111296,,"<a href=""http://twitter.com/download/android"" rel=""nofollow"">Twitter for Android</a>",sgaonwkrair,106,True,False,,
81,81,82,"RT @dp_karthik: #Master Running Successfully across India  THEATERS - Poster   released  #VijaySethupathi' bday <U+2764><U+FE0F>

PS: If No #CÂ",False,0,,2020-12-29 12:30:42,False,,1343897229287968768,,"<a href=""http://twitter.com/download/android"" rel=""nofollow"">Twitter for Android</a>",skvback,106,True,False,,
82,82,83,"RT @dp_karthik: #Master Running Successfully across India  THEATERS - Poster   released  #VijaySethupathi' bday <U+2764><U+FE0F>

PS: If No #CÂ",False,0,,2020-12-29 12:29:48,False,,1343897000903929856,,"<a href=""http://twitter.com/download/android"" rel=""nofollow"">Twitter for Android</a>",Dharshan4443,106,True,False,,
83,83,84,"RT @dp_karthik: #Master Running Successfully across India  THEATERS - Poster   released  #VijaySethupathi' bday <U+2764><U+FE0F>

PS: If No #CÂ",False,0,,2020-12-29 12:27:12,False,,1343896348421066752,,"<a href=""http://twitter.com/download/android"" rel=""nofollow"">Twitter for Android</a>",ThalaphathySk,106,True,False,,
84,84,85,"RT @dp_karthik: #Master Running Successfully across India  THEATERS - Poster   released  #VijaySethupathi' bday <U+2764><U+FE0F>

PS: If No #CÂ",False,0,,2020-12-29 12:23:16,False,,1343895358296866816,,"<a href=""http://twitter.com/download/android"" rel=""nofollow"">Twitter for Android</a>",Alwayslonely_07,106,True,False,,
85,85,86,"RT @dp_karthik: #Master Running Successfully across India  THEATERS - Poster   released  #VijaySethupathi' bday <U+2764><U+FE0F>

PS: If No #CÂ",False,0,,2020-12-29 12:22:38,False,,1343895199362080769,,"<a href=""http://twitter.com/download/android"" rel=""nofollow"">Twitter for Android</a>",Itz_ThalapathyR,106,True,False,,
86,86,87,"RT @dp_karthik: #Master Running Successfully across India  THEATERS - Poster   released  #VijaySethupathi' bday <U+2764><U+FE0F>

PS: If No #CÂ",False,0,,2020-12-29 12:21:46,False,,1343894979492466688,,"<a href=""http://twitter.com/download/android"" rel=""nofollow"">Twitter for Android</a>",Sekar22497077,106,True,False,,
87,87,88,"RT @dp_karthik: #Master Running Successfully across India  THEATERS - Poster   released  #VijaySethupathi' bday <U+2764><U+FE0F>

PS: If No #CÂ",False,0,,2020-12-29 12:21:27,False,,1343894903160406018,,"<a href=""http://twitter.com/download/android"" rel=""nofollow"">Twitter for Android</a>",Santhos31099345,106,True,False,,
88,88,89,"RT @dp_karthik: #Master Running Successfully across India  THEATERS - Poster   released  #VijaySethupathi' bday <U+2764><U+FE0F>

PS: If No #CÂ",False,0,,2020-12-29 12:20:32,False,,1343894669483069443,,"<a href=""http://twitter.com/download/android"" rel=""nofollow"">Twitter for Android</a>",varun_anilkumar,106,True,False,,
89,89,90,"RT @dp_karthik: #Master Running Successfully across India  THEATERS - Poster   released  #VijaySethupathi' bday <U+2764><U+FE0F>

PS: If No #CÂ",False,0,,2020-12-29 12:19:54,False,,1343894509264936961,,"<a href=""http://twitter.com/download/android"" rel=""nofollow"">Twitter for Android</a>",mahima_vj,106,True,False,,
90,90,91,"RT @dp_karthik: #Master Running Successfully across India  THEATERS - Poster   released  #VijaySethupathi' bday <U+2764><U+FE0F>

PS: If No #CÂ",False,0,,2020-12-29 12:19:14,False,,1343894343879335936,,"<a href=""http://twitter.com/download/android"" rel=""nofollow"">Twitter for Android</a>",raina_vjfan1,106,True,False,,
91,91,92,"RT @dp_karthik: #Master Running Successfully across India  THEATERS - Poster   released  #VijaySethupathi' bday <U+2764><U+FE0F>

PS: If No #CÂ",False,0,,2020-12-29 12:18:09,False,,1343894070570012673,,"<a href=""http://twitter.com/download/android"" rel=""nofollow"">Twitter for Android</a>",MYokkesh,106,True,False,,
92,92,93,"RT @dp_karthik: #Master Running Successfully across India  THEATERS - Poster   released  #VijaySethupathi' bday <U+2764><U+FE0F>

PS: If No #CÂ",False,0,,2020-12-29 12:17:02,False,,1343893788557602817,,"<a href=""http://twitter.com/download/android"" rel=""nofollow"">Twitter for Android</a>",RaghuRa63354366,106,True,False,,
93,93,94,"RT @dp_karthik: #Master Running Successfully across India  THEATERS - Poster   released  #VijaySethupathi' bday <U+2764><U+FE0F>

PS: If No #CÂ",False,0,,2020-12-29 12:16:29,False,,1343893651789815808,,"<a href=""http://twitter.com/download/android"" rel=""nofollow"">Twitter for Android</a>",jdoffl,106,True,False,,
94,94,95,"RT @dp_karthik: #Master Running Successfully across India  THEATERS - Poster   released  #VijaySethupathi' bday <U+2764><U+FE0F>

PS: If No #CÂ",False,0,,2020-12-29 12:16:20,False,,1343893613806145536,,"<a href=""http://twitter.com/download/android"" rel=""nofollow"">Twitter for Android</a>",PRADEEPBABUrk,106,True,False,,
95,95,96,"RT @dp_karthik: #Master Running Successfully across India  THEATERS - Poster   released  #VijaySethupathi' bday <U+2764><U+FE0F>

PS: If No #CÂ",False,0,,2020-12-29 12:16:04,False,,1343893546684674050,,"<a href=""http://twitter.com/download/android"" rel=""nofollow"">Twitter for Android</a>",Vj_govi143,106,True,False,,
96,96,97,"RT @dp_karthik: #Master Running Successfully across India  THEATERS - Poster   released  #VijaySethupathi' bday <U+2764><U+FE0F>

PS: If No #CÂ",False,0,,2020-12-29 12:15:08,False,,1343893312600621057,,"<a href=""http://twitter.com/download/android"" rel=""nofollow"">Twitter for Android</a>",JithuJilladi_,106,True,False,,
97,97,98,"RT @dp_karthik: #Master Running Successfully across India  THEATERS - Poster   released  #VijaySethupathi' bday <U+2764><U+FE0F>

PS: If No #CÂ",False,0,,2020-12-29 12:14:48,False,,1343893228861358086,,"<a href=""http://twitter.com/download/android"" rel=""nofollow"">Twitter for Android</a>",JdThalapathy,106,True,False,,
98,98,99,"RT @dp_karthik: #Master Running Successfully across India  THEATERS - Poster   released  #VijaySethupathi' bday <U+2764><U+FE0F>

PS: If No #CÂ",False,0,,2020-12-29 12:14:30,False,,1343893151203745792,,"<a href=""http://twitter.com/download/android"" rel=""nofollow"">Twitter for Android</a>",lovelysadeesh97,106,True,False,,
99,99,100,"RT @dp_karthik: #Master Running Successfully across India  THEATERS - Poster   released  #VijaySethupathi' bday <U+2764><U+FE0F>

PS: If No #CÂ",False,0,,2020-12-29 12:14:12,False,,1343893078369832960,,"<a href=""http://twitter.com/download/android"" rel=""nofollow"">Twitter for Android</a>",MsMugiii,106,True,False,,
100,100,101,"RT @dp_karthik: #Master Running Successfully across India  THEATERS - Poster   released  #VijaySethupathi' bday <U+2764><U+FE0F>

PS: If No #CÂ",False,0,,2020-12-29 12:14:04,False,,1343893044802686977,,"<a href=""http://twitter.com/download/android"" rel=""nofollow"">Twitter for Android</a>",AjithKu32262280,106,True,False,,
101,101,102,"RT @dp_karthik: #Master Running Successfully across India  THEATERS - Poster   released  #VijaySethupathi' bday <U+2764><U+FE0F>

PS: If No #CÂ",False,0,,2020-12-29 12:12:40,False,,1343892689738027008,,"<a href=""http://twitter.com/download/android"" rel=""nofollow"">Twitter for Android</a>",itz_Cigarette,106,True,False,,
102,102,103,"RT @dp_karthik: #Master Running Successfully across India  THEATERS - Poster   released  #VijaySethupathi' bday <U+2764><U+FE0F>

PS: If No #CÂ",False,0,,2020-12-29 12:11:45,False,,1343892460116692992,,"<a href=""http://twitter.com/download/android"" rel=""nofollow"">Twitter for Android</a>",Balaji2496,106,True,False,,
103,103,104,"RT @dp_karthik: #Master Running Successfully across India  THEATERS - Poster   released  #VijaySethupathi' bday <U+2764><U+FE0F>

PS: If No #CÂ",False,0,,2020-12-29 12:11:24,False,,1343892370710962177,,"<a href=""https://mobile.twitter.com"" rel=""nofollow"">Twitter Web App</a>",RAJI60200617,106,True,False,,
104,104,105,"RT @dp_karthik: #Master Running Successfully across India  THEATERS - Poster   released  #VijaySethupathi' bday <U+2764><U+FE0F>

PS: If No #CÂ",False,0,,2020-12-29 12:09:06,False,,1343891791569801218,,"<a href=""http://twitter.com/download/android"" rel=""nofollow"">Twitter for Android</a>",VijayRasigan85,106,True,False,,
105,105,106,"RT @dp_karthik: #Master Running Successfully across India  THEATERS - Poster   released  #VijaySethupathi' bday <U+2764><U+FE0F>

PS: If No #CÂ",False,0,,2020-12-29 12:08:16,False,,1343891581808463872,,"<a href=""http://twitter.com/download/android"" rel=""nofollow"">Twitter for Android</a>",Harisha64452927,106,True,False,,
106,106,107,"RT @dp_karthik: #Master Running Successfully across India  THEATERS - Poster   released  #VijaySethupathi' bday <U+2764><U+FE0F>

PS: If No #CÂ",False,0,,2020-12-29 12:06:26,False,,1343891123698167808,,"<a href=""http://twitter.com/download/android"" rel=""nofollow"">Twitter for Android</a>",MR_JD18,106,True,False,,
107,107,108,"RT @dp_karthik: #Master Running Successfully across India  THEATERS - Poster   released  #VijaySethupathi' bday <U+2764><U+FE0F>

PS: If No #CÂ",False,0,,2020-12-29 12:06:15,False,,1343891077829279745,,"<a href=""http://twitter.com/download/android"" rel=""nofollow"">Twitter for Android</a>",Vegasangee,106,True,False,,
108,108,109,"RT @dp_karthik: #Master Running Successfully across India  THEATERS - Poster   released  #VijaySethupathi' bday <U+2764><U+FE0F>

PS: If No #CÂ",False,0,,2020-12-29 12:05:21,False,,1343890849378283521,,"<a href=""http://twitter.com/download/iphone"" rel=""nofollow"">Twitter for iPhone</a>",mastercruiser01,106,True,False,,
109,109,110,"RT @dp_karthik: #Master Running Successfully across India  THEATERS - Poster   released  #VijaySethupathi' bday <U+2764><U+FE0F>

PS: If No #CÂ",False,0,,2020-12-29 12:04:58,False,,1343890753664155648,,"<a href=""http://twitter.com/download/android"" rel=""nofollow"">Twitter for Android</a>",m_jeethendra,106,True,False,,
110,110,111,"RT @dp_karthik: #Master Running Successfully across India  THEATERS - Poster   released  #VijaySethupathi' bday <U+2764><U+FE0F>

PS: If No #CÂ",False,0,,2020-12-29 12:04:05,False,,1343890532418740224,,"<a href=""http://twitter.com/download/android"" rel=""nofollow"">Twitter for Android</a>",Thasin97658044,106,True,False,,
111,111,112,"RT @dp_karthik: #Master Running Successfully across India  THEATERS - Poster   released  #VijaySethupathi' bday <U+2764><U+FE0F>

PS: If No #CÂ",False,0,,2020-12-29 12:03:36,False,,1343890409651486720,,"<a href=""http://twitter.com/download/android"" rel=""nofollow"">Twitter for Android</a>",Niranja29405599,106,True,False,,
112,112,113,"RT @dp_karthik: #Master Running Successfully across India  THEATERS - Poster   released  #VijaySethupathi' bday <U+2764><U+FE0F>

PS: If No #CÂ",False,0,,2020-12-29 12:02:55,False,,1343890236426711042,,"<a href=""http://twitter.com/download/android"" rel=""nofollow"">Twitter for Android</a>",VLreload,106,True,False,,
113,113,114,"RT @dp_karthik: #Master Running Successfully across India  THEATERS - Poster   released  #VijaySethupathi' bday <U+2764><U+FE0F>

PS: If No #CÂ",False,0,,2020-12-29 12:02:02,False,,1343890014581608448,,"<a href=""http://twitter.com/download/android"" rel=""nofollow"">Twitter for Android</a>",Sasidharanjill1,106,True,False,,
114,114,115,"RT @dp_karthik: #Master Running Successfully across India  THEATERS - Poster   released  #VijaySethupathi' bday <U+2764><U+FE0F>

PS: If No #CÂ",False,0,,2020-12-29 12:02:00,False,,1343890005677154306,,"<a href=""http://twitter.com/download/android"" rel=""nofollow"">Twitter for Android</a>",Vignesh91540671,106,True,False,,
115,115,116,"RT @dp_karthik: #Master Running Successfully across India  THEATERS - Poster   released  #VijaySethupathi' bday <U+2764><U+FE0F>

PS: If No #CÂ",False,0,,2020-12-29 12:01:59,False,,1343890002955014144,,"<a href=""http://twitter.com/download/android"" rel=""nofollow"">Twitter for Android</a>",iamvysakh2k,106,True,False,,
116,116,117,"RT @dp_karthik: #Master Running Successfully across India  THEATERS - Poster   released  #VijaySethupathi' bday <U+2764><U+FE0F>

PS: If No #CÂ",False,0,,2020-12-29 12:01:48,False,,1343889957979529216,,"<a href=""http://twitter.com/download/android"" rel=""nofollow"">Twitter for Android</a>",Senthil__VJ,106,True,False,,
117,117,118,"RT @dp_karthik: #Master Running Successfully across India  THEATERS - Poster   released  #VijaySethupathi' bday <U+2764><U+FE0F>

PS: If No #CÂ",False,0,,2020-12-29 12:01:21,False,,1343889844368363521,,"<a href=""http://twitter.com/download/android"" rel=""nofollow"">Twitter for Android</a>",gopikapt2,106,True,False,,
118,118,119,"RT @dp_karthik: #Master Running Successfully across India  THEATERS - Poster   released  #VijaySethupathi' bday <U+2764><U+FE0F>

PS: If No #CÂ",False,0,,2020-12-29 12:01:18,False,,1343889829956788224,,"<a href=""http://twitter.com/download/android"" rel=""nofollow"">Twitter for Android</a>",IamLogesh2,106,True,False,,
119,119,120,"RT @dp_karthik: #Master Running Successfully across India  THEATERS - Poster   released  #VijaySethupathi' bday <U+2764><U+FE0F>

PS: If No #CÂ",False,0,,2020-12-29 12:01:07,False,,1343889783643246592,,"<a href=""http://twitter.com/download/android"" rel=""nofollow"">Twitter for Android</a>",John_Dhurairaj,106,True,False,,
120,120,121,"RT @dp_karthik: #Master Running Successfully across India  THEATERS - Poster   released  #VijaySethupathi' bday <U+2764><U+FE0F>

PS: If No #CÂ",False,0,,2020-12-29 12:01:04,False,,1343889772247351296,,"<a href=""http://twitter.com/download/android"" rel=""nofollow"">Twitter for Android</a>",VJ_MALAYSIAN,106,True,False,,
121,121,122,"RT @dp_karthik: #Master Running Successfully across India  THEATERS - Poster   released  #VijaySethupathi' bday <U+2764><U+FE0F>

PS: If No #CÂ",False,0,,2020-12-29 12:00:54,False,,1343889728894996480,,"<a href=""http://twitter.com/download/android"" rel=""nofollow"">Twitter for Android</a>",Robert_Ghilli,106,True,False,,
122,122,123,"RT @dp_karthik: #Master Running Successfully across India  THEATERS - Poster   released  #VijaySethupathi' bday <U+2764><U+FE0F>

PS: If No #CÂ",False,0,,2020-12-29 12:00:45,False,,1343889691511164928,,"<a href=""https://mobile.twitter.com"" rel=""nofollow"">Twitter Web App</a>",jd_vaathi,106,True,False,,
123,123,124,"RT @dp_karthik: #Master Running Successfully across India  THEATERS - Poster   released  #VijaySethupathi' bday <U+2764><U+FE0F>

PS: If No #CÂ",False,0,,2020-12-29 12:00:34,False,,1343889644891426816,,"<a href=""http://twitter.com/download/android"" rel=""nofollow"">Twitter for Android</a>",Itz_VedhaMR,106,True,False,,
124,124,125,"RT @dp_karthik: #Master Running Successfully across India  THEATERS - Poster   released  #VijaySethupathi' bday <U+2764><U+FE0F>

PS: If No #CÂ",False,0,,2020-12-29 12:00:32,False,,1343889635760476161,,"<a href=""http://twitter.com/download/android"" rel=""nofollow"">Twitter for Android</a>",Anandhu_poonjar,106,True,False,,
125,125,126,"RT @dp_karthik: #Master Running Successfully across India  THEATERS - Poster   released  #VijaySethupathi' bday <U+2764><U+FE0F>

PS: If No #CÂ",False,0,,2020-12-29 12:00:23,False,,1343889598921904128,,"<a href=""http://twitter.com/download/android"" rel=""nofollow"">Twitter for Android</a>",VjSelvam2,106,True,False,,
126,126,127,"RT @dp_karthik: #Master Running Successfully across India  THEATERS - Poster   released  #VijaySethupathi' bday <U+2764><U+FE0F>

PS: If No #CÂ",False,0,,2020-12-29 12:00:11,False,,1343889548028178432,,"<a href=""http://twitter.com/download/android"" rel=""nofollow"">Twitter for Android</a>",Naveen15137643,106,True,False,,
127,127,128,"RT @dp_karthik: #Master Running Successfully across India  THEATERS - Poster   released  #VijaySethupathi' bday <U+2764><U+FE0F>

PS: If No #CÂ",False,0,,2020-12-29 12:00:04,False,,1343889519989276672,,"<a href=""http://twitter.com/download/android"" rel=""nofollow"">Twitter for Android</a>",Paulcam27523204,106,True,False,,
128,128,129,"RT @dp_karthik: #Master Running Successfully across India  THEATERS - Poster   released  #VijaySethupathi' bday <U+2764><U+FE0F>

PS: If No #CÂ",False,0,,2020-12-29 12:00:03,False,,1343889515866296320,,"<a href=""http://twitter.com/download/android"" rel=""nofollow"">Twitter for Android</a>",Maapimedias,106,True,False,,
129,129,130,"RT @dp_karthik: #Master Running Successfully across India  THEATERS - Poster   released  #VijaySethupathi' bday <U+2764><U+FE0F>

PS: If No #CÂ",False,0,,2020-12-29 11:59:48,False,,1343889451932499969,,"<a href=""http://twitter.com/download/android"" rel=""nofollow"">Twitter for Android</a>",SarkarBala619,106,True,False,,
130,130,131,"RT @dp_karthik: #Master Running Successfully across India  THEATERS - Poster   released  #VijaySethupathi' bday <U+2764><U+FE0F>

PS: If No #CÂ",False,0,,2020-12-29 11:59:35,False,,1343889397909913600,,"<a href=""http://twitter.com/download/android"" rel=""nofollow"">Twitter for Android</a>",JustinNirmal3,106,True,False,,
131,131,132,"RT @dp_karthik: #Master Running Successfully across India  THEATERS - Poster   released  #VijaySethupathi' bday <U+2764><U+FE0F>

PS: If No #CÂ",False,0,,2020-12-29 11:59:34,False,,1343889393732358145,,"<a href=""http://twitter.com/download/android"" rel=""nofollow"">Twitter for Android</a>",RavinRaja2,106,True,False,,
132,132,133,"RT @dp_karthik: #Master Running Successfully across India  THEATERS - Poster   released  #VijaySethupathi' bday <U+2764><U+FE0F>

PS: If No #CÂ",False,0,,2020-12-29 11:59:11,False,,1343889297749905409,,"<a href=""http://twitter.com/download/android"" rel=""nofollow"">Twitter for Android</a>",MasterVJFan,106,True,False,,
133,133,134,"RT @dp_karthik: #Master Running Successfully across India  THEATERS - Poster   released  #VijaySethupathi' bday <U+2764><U+FE0F>

PS: If No #CÂ",False,0,,2020-12-29 11:59:08,False,,1343889284906946560,,"<a href=""http://twitter.com/download/android"" rel=""nofollow"">Twitter for Android</a>",Balamur05056166,106,True,False,,
134,134,135,"#Master Running Successfully across India  THEATERS - Poster   released  #VijaySethupathi' bday <U+2764><U+FE0F>

PS:Â https://.co/fafEgj3Y12",False,279,,2020-12-29 11:58:54,True,,1343889227847671808,,"<a href=""http://twitter.com/download/android"" rel=""nofollow"">Twitter for Android</a>",dp_karthik,106,False,False,,
135,135,136,"According  @ImamsOnline, UAE Fatwa Council  ruled  #corona vaccines  permissible even   containsÂ https://.co/858cWqBPy6",False,2,,2020-12-29 09:01:37,True,,1343844610792013825,,"<a href=""http://twitter.com/download/iphone"" rel=""nofollow"">Twitter for iPhone</a>",Sesiri,0,False,False,,
136,136,137,"@NorbertElekes One UK returnee  Tamil Nadu  tested positive   new strain  #COVID19, says Health SecretÂ https://.co/0mzHJ4AjdI",False,0,NorbertElekes,2020-12-29 05:33:22,True,1.3437916767127552e+18,1343792204930695170,292558545.0,"<a href=""http://twitter.com/download/android"" rel=""nofollow"">Twitter for Android</a>",CalmnessWins,0,False,False,,
137,137,138,IsnÂ #COVID<U+30FC>19  respiratory disease?  good awareness  wearing mask - #corona come .. welcome Corona <f0><U+009F><U+0098><U+0082> https://.co/NKZelnyNWK,False,0,,2020-12-29 01:36:31,False,,1343732596975529989,,"<a href=""http://twitter.com/download/iphone"" rel=""nofollow"">Twitter for iPhone</a>",aslamsajaam,0,False,False,,
138,138,139,"All   need  know   mutated strain   Corona virus

#coronavirus #covid #corona #stayhomeÂ https://.co/HAedtlfPRn",False,0,,2020-12-28 12:39:40,True,,1343537096158453760,,"<a href=""http://twitter.com/download/android"" rel=""nofollow"">Twitter for Android</a>",CovaiPost,0,False,False,,
139,139,140,Does  cover #Corona? https://.co/N63C91clLU,False,2,,2020-12-28 10:16:20,False,,1343501026683285512,,"<a href=""http://twitter.com/download/android"" rel=""nofollow"">Twitter for Android</a>",krithiha,0,False,False,,
140,140,141,"If  true    disappointed  @actorvijay     thala fan, This festival season  big movies releaÂ https://.co/l5VpghGIoD",False,0,,2020-12-28 08:04:52,True,,1343467941036052483,,"<a href=""http://twitter.com/download/android"" rel=""nofollow"">Twitter for Android</a>",madursan,0,False,False,,
141,141,142,This new #Corona strain   alarming. I really really wish  doesnt cause much damage unlike  predecessor. Prayers <f0><U+009F><U+0099><U+008F><f0><U+009F><U+008F><U+00BB><f0><U+009F><U+00A4><U+009E><f0><U+009F><U+008F><U+00BB>,False,0,,2020-12-28 06:42:18,False,,1343447161652924416,,"<a href=""http://twitter.com/download/android"" rel=""nofollow"">Twitter for Android</a>",sivakirubaM,0,False,False,,
142,142,143,"#Corona mind voice <f0><U+009F><U+0091><U+0087><f0><U+009F><U+0091><U+0087>

I like   approach.....<f0><U+009F><U+0098><U+0098><f0><U+009F><U+0098><U+008D>

#lka 
#Covid_19 https://.co/51Lczceujr",False,0,,2020-12-27 18:45:04,False,,1343266665870475265,,"<a href=""http://twitter.com/download/android"" rel=""nofollow"">Twitter for Android</a>",H_S_KandyHamu,0,False,False,,
143,143,144,@ANI It  clear  Corona  come  India  BJP Minister' invitation! Because Corona listens  Ramdas AthawaÂ https://.co/8yp5hj4Gh8,False,17,ANI,2020-12-27 16:36:09,True,1.3431685732465992e+18,1343234221733646337,355989081.0,"<a href=""http://twitter.com/download/android"" rel=""nofollow"">Twitter for Android</a>",Beahumane1st,8,False,False,,
144,144,145,"RT @swapnyk: Dear @narendramodi Ji ,

I think  India #Corona  pandemic    Parliamentarians 

Sorry  tell  professionals Â",False,0,,2020-12-27 06:23:21,False,,1343080007514562560,,"<a href=""http://twitter.com/download/android"" rel=""nofollow"">Twitter for Android</a>",HYuvakumar,1,True,False,,
145,145,146,"Dear @narendramodi Ji ,

I think  India #Corona  pandemic    Parliamentarians 

Sorry  tell  profesÂ https://.co/lnBeq2SW5I",False,2,,2020-12-27 06:15:14,True,,1343077962959048704,,"<a href=""http://twitter.com/download/android"" rel=""nofollow"">Twitter for Android</a>",swapnyk,1,False,False,,
146,146,147,"@CurranSM Yess... Whole world  positive cases
#corona<f0><U+009F><U+0098><U+00B7>",False,0,CurranSM,2020-12-26 17:41:02,False,1.3413516415435694e+18,1342888164684427269,2531566719.0,"<a href=""http://twitter.com/download/android"" rel=""nofollow"">Twitter for Android</a>",heartin_memes,0,False,False,,
147,147,148,"#COVID19 #Update<f0><U+009F><U+00A6><U+00A0>

<U+25AA><U+FE0F>- A 67- year-old  #Colombo15 #died  #COVID-19, raising  country' #death toll  187.Â https://.co/lKMADSam1R",False,1,,2020-12-26 15:42:34,True,,1342858351311527936,,"<a href=""http://twitter.com/download/iphone"" rel=""nofollow"">Twitter for iPhone</a>",Naveeth14,0,False,False,,
148,148,149,Nilgiris recorded 11 fresh Covid cases  Saturday.With   total number  cases  gone upto 7874.Â https://.co/WjihEQCZlz,False,0,,2020-12-26 15:05:57,True,,1342849137264377857,,"<a href=""http://twitter.com/download/android"" rel=""nofollow"">Twitter for Android</a>",CovaiPost,0,False,False,,
149,149,150,"RT @NaniKeralaFC: <f0><U+009F><U+0091><U+0089>Natural Star #Nani Market Shocking Trade Experts Even  #Corona Crisis 

<f0><U+009F><U+0091><U+0089>#Nani Upcoming Film #TuckJagadish Rights BougÂ",False,0,,2020-12-26 13:18:28,False,,1342822085656100864,,"<a href=""http://twitter.com/download/android"" rel=""nofollow"">Twitter for Android</a>",Anandhu21480809,35,True,False,,
