,,,text,favorited,favoriteCount,replyToSN,created,truncated,replyToSID,id,replyToUID,statusSource,screenName,retweetCount,isRetweet,retweeted,longitude,latitude
0,0,1,"<U+203C><U+FE0F> HEALTH MINISTER TESTS POSITIVE <f0><U+009F><U+00A6><U+00A0><U+203C><U+FE0F>

According   BBC Sinhala service, Sri LankaÂ Health Minister Pavithra WÂ https://.co/S01S9E0Ce6",False,50,,2021-01-22 19:07:24,True,,1352694369250402305,,"<a href=""http://twitter.com/download/iphone"" rel=""nofollow"">Twitter for iPhone</a>",AthaudaDasuni,8,False,False,,
1,1,2,"@PTTVOnlineNews <U+0BAA><U+0BC1><U+0BA4><U+0BBF><U+0BAF><U+0BA4><U+0BB0><U+0BC1><U+0BA4><U+0BB2>...!! <U+0BAA><U+0BC0><U+0BA4><U+0BBF> <U+0B95><U+0BBF><U+0BB3><U+0BAA><U+0BCD><U+0BAA><U+0BBF><U+0BB5><U+0BBF><U+0B9F><U+0BC1>!!
@PrakashJavdekar  @drharshvardhan @nsitharaman @annamalai_k Â https://.co/3UR47OtaWJ",False,1,PTTVOnlineNews,2021-01-22 17:44:54,True,1.3526713553054843e+18,1352673607047016448,622872390.0,"<a href=""http://twitter.com/download/android"" rel=""nofollow"">Twitter for Android</a>",Raj_Fuhrer59,0,False,False,,
2,2,3,"RT @Kodungolan737: While  one  predict   wl get #Corona,   something dicey  #Sasikala' plight. Particularly  ligÂ",False,0,,2021-01-22 17:37:25,False,,1352671727608754178,,"<a href=""http://twitter.com/download/android"" rel=""nofollow"">Twitter for Android</a>",26rose1,24,True,False,,
3,3,4,"RT @infodprtsl: <f0><U+009F><U+0091><U+0089>438 Covid-19 patients  reported
#Srilankan #Srilanka #lka #Lanka #Ceylon #DGI #Government #Information #Department #NeÂ",False,0,,2021-01-22 17:33:07,False,,1352670645386149889,,,UCRGalle,2,True,False,,
4,4,5,"RT @infodprtsl: <f0><U+009F><U+0091><U+0089>Two covid-19 infection deaths  reported  Sri Lanka
#Srilankan #Srilanka #lka #Lanka #Ceylon #DGI #Government #InformÂ",False,0,,2021-01-22 17:32:36,False,,1352670511764021251,,,UCRGalle,2,True,False,,
5,5,6,"RT @Newshub_lk: ÂI  assaulted  Dhammika Bandara, demanded  ransom  &amp; forced  eat   phoneÂ Â Dentist (Video) https://.co/wÂ",False,0,,2021-01-22 16:49:00,False,,1352659540777594883,,"<a href=""http://twitter.com/download/iphone"" rel=""nofollow"">Twitter for iPhone</a>",riseup_sl,12,True,False,,
6,6,7,"<f0><U+009F><U+0091><U+0089>Two covid-19 infection deaths  reported  Sri Lanka
#Srilankan #Srilanka #lka #Lanka #Ceylon #DGI #GovernmentÂ https://.co/koRHur76Cu",False,3,,2021-01-22 16:35:35,True,,1352656166589968386,,"<a href=""https://mobile.twitter.com"" rel=""nofollow"">Twitter Web App</a>",infodprtsl,2,False,False,,
7,7,8,"<f0><U+009F><U+0091><U+0089>438 Covid-19 patients  reported
#Srilankan #Srilanka #lka #Lanka #Ceylon #DGI #Government #InformationÂ https://.co/bsPDrgjsvO",False,4,,2021-01-22 16:34:54,True,,1352655994514526215,,"<a href=""https://mobile.twitter.com"" rel=""nofollow"">Twitter Web App</a>",infodprtsl,2,False,False,,
8,8,9,"RT @DurgadeviAmbal1: #AariArujunan <U+2764>. #Corona time,  still  #treats  #fans well <f0><U+009F><U+0092><U+0096>. Reason,    #liked     #pictureÂ",False,0,,2021-01-22 16:10:14,False,,1352649786738892801,,"<a href=""https://mobile.twitter.com"" rel=""nofollow"">Twitter Web App</a>",SrideviVeerase1,27,True,False,,
9,9,10,"RT @Newshub_lk: ÂI  assaulted  Dhammika Bandara, demanded  ransom  &amp; forced  eat   phoneÂ Â Dentist (Video) https://.co/wÂ",False,0,,2021-01-22 15:26:02,False,,1352638663189028867,,"<a href=""http://twitter.com/download/iphone"" rel=""nofollow"">Twitter for iPhone</a>",SriLanka,12,True,False,,
10,10,11,"RT @infodprtsl: <f0><U+009F><U+0091><U+0089>346 Covid-19 patients  reported
#Srilankan #Srilanka #lka #Lanka #Ceylon #DGI #Government #Information #Department #NeÂ",False,0,,2021-01-22 14:31:01,False,,1352624815748874240,,,UCRGalle,2,True,False,,
11,11,12,"RT @Kodungolan737: While  one  predict   wl get #Corona,   something dicey  #Sasikala' plight. Particularly  ligÂ",False,0,,2021-01-22 14:25:12,False,,1352623353769684992,,"<a href=""http://twitter.com/download/android"" rel=""nofollow"">Twitter for Android</a>",VinodSajeev,24,True,False,,
12,12,13,"<f0><U+009F><U+0091><U+0089>346 Covid-19 patients  reported
#Srilankan #Srilanka #lka #Lanka #Ceylon #DGI #Government #InformationÂ https://.co/ntUZaG82dC",False,3,,2021-01-22 13:45:16,True,,1352613301818175490,,"<a href=""https://mobile.twitter.com"" rel=""nofollow"">Twitter Web App</a>",infodprtsl,2,False,False,,
13,13,14,"RT @Kodungolan737: While  one  predict   wl get #Corona,   something dicey  #Sasikala' plight. Particularly  ligÂ",False,0,,2021-01-22 10:53:38,False,,1352570109907374082,,"<a href=""https://mobile.twitter.com"" rel=""nofollow"">Twitter Web App</a>",SunjayJK,24,True,False,,
14,14,15,"RT @Newshub_lk: ÂI  assaulted  Dhammika Bandara, demanded  ransom  &amp; forced  eat   phoneÂ Â Dentist (Video) https://.co/wÂ",False,0,,2021-01-22 10:48:10,False,,1352568732758007808,,"<a href=""https://mobile.twitter.com"" rel=""nofollow"">Twitter Web App</a>",Lasaa_V,12,True,False,,
15,15,16,"RT @Newshub_lk: ÂI  assaulted  Dhammika Bandara, demanded  ransom  &amp; forced  eat   phoneÂ Â Dentist (Video) https://.co/wÂ",False,0,,2021-01-22 10:27:02,False,,1352563417069060097,,"<a href=""http://twitter.com/download/android"" rel=""nofollow"">Twitter for Android</a>",vg123e,12,True,False,,
16,16,17,"RT @DurgadeviAmbal1: #AariArujunan <U+2764>. #Corona time,  still  #treats  #fans well <f0><U+009F><U+0092><U+0096>. Reason,    #liked     #pictureÂ",False,0,,2021-01-22 09:58:47,False,,1352556307220361216,,"<a href=""http://twitter.com/download/android"" rel=""nofollow"">Twitter for Android</a>",kajal5550,27,True,False,,
17,17,18,"RT @Kodungolan737: While  one  predict   wl get #Corona,   something dicey  #Sasikala' plight. Particularly  ligÂ",False,0,,2021-01-22 09:32:29,False,,1352549686578565120,,"<a href=""http://twitter.com/download/android"" rel=""nofollow"">Twitter for Android</a>",NageshraoH,24,True,False,,
18,18,19,"RT @Kodungolan737: While  one  predict   wl get #Corona,   something dicey  #Sasikala' plight. Particularly  ligÂ",False,0,,2021-01-22 09:30:04,False,,1352549079591628801,,"<a href=""http://twitter.com/download/android"" rel=""nofollow"">Twitter for Android</a>",masterofhind,24,True,False,,
19,19,20,"RT @Newshub_lk: ÂI  assaulted  Dhammika Bandara, demanded  ransom  &amp; forced  eat   phoneÂ Â Dentist (Video) https://.co/wÂ",False,0,,2021-01-22 08:58:02,False,,1352541018349047808,,"<a href=""http://twitter.com/download/android"" rel=""nofollow"">Twitter for Android</a>",Maximuslk,12,True,False,,
20,20,21,"RT @Kodungolan737: While  one  predict   wl get #Corona,   something dicey  #Sasikala' plight. Particularly  ligÂ",False,0,,2021-01-22 08:54:21,False,,1352540093345538049,,"<a href=""http://twitter.com/download/android"" rel=""nofollow"">Twitter for Android</a>",naanthannaan,24,True,False,,
21,21,22,"RT @Newshub_lk: ÂI  assaulted  Dhammika Bandara, demanded  ransom  &amp; forced  eat   phoneÂ Â Dentist (Video) https://.co/wÂ",False,0,,2021-01-22 08:11:56,False,,1352529415201144836,,"<a href=""http://twitter.com/download/android"" rel=""nofollow"">Twitter for Android</a>",NishiTwt,12,True,False,,
22,22,23,"RT @Newshub_lk: ÂI  assaulted  Dhammika Bandara, demanded  ransom  &amp; forced  eat   phoneÂ Â Dentist (Video) https://.co/wÂ",False,0,,2021-01-22 08:02:38,False,,1352527075450753024,,"<a href=""https://mobile.twitter.com"" rel=""nofollow"">Twitter Web App</a>",indika27,12,True,False,,
23,23,24,"Vaccine tourism replaces vacation travel

 #Corona  #COVID19  #LasVegas #Tourism  #vacations 

Read More:
https://.co/5vUK6PrJA0",False,0,,2021-01-22 07:58:15,False,,1352525973380456448,,"<a href=""https://mobile.twitter.com"" rel=""nofollow"">Twitter Web App</a>",Updatenews360E,0,False,False,,
24,24,25,"RT @Newshub_lk: ÂI  assaulted  Dhammika Bandara, demanded  ransom  &amp; forced  eat   phoneÂ Â Dentist (Video) https://.co/wÂ",False,0,,2021-01-22 07:54:40,False,,1352525071047393281,,"<a href=""http://twitter.com/download/iphone"" rel=""nofollow"">Twitter for iPhone</a>",laka_puit,12,True,False,,
25,25,26,"RT @Kodungolan737: While  one  predict   wl get #Corona,   something dicey  #Sasikala' plight. Particularly  ligÂ",False,0,,2021-01-22 07:51:42,False,,1352524325027524610,,"<a href=""http://twitter.com/download/android"" rel=""nofollow"">Twitter for Android</a>",a_arunprasath,24,True,False,,
26,26,27,"RT @Newshub_lk: ÂI  assaulted  Dhammika Bandara, demanded  ransom  &amp; forced  eat   phoneÂ Â Dentist (Video) https://.co/wÂ",False,0,,2021-01-22 07:50:23,False,,1352523992603701249,,"<a href=""http://twitter.com/download/android"" rel=""nofollow"">Twitter for Android</a>",TennakoonAruna,12,True,False,,
27,27,28,"RT @Kodungolan737: While  one  predict   wl get #Corona,   something dicey  #Sasikala' plight. Particularly  ligÂ",False,0,,2021-01-22 07:46:49,False,,1352523098092785665,,"<a href=""http://twitter.com/download/android"" rel=""nofollow"">Twitter for Android</a>",Sathyavlpm,24,True,False,,
28,28,29,"RT @Newshub_lk: ÂI  assaulted  Dhammika Bandara, demanded  ransom  &amp; forced  eat   phoneÂ Â Dentist (Video) https://.co/wÂ",False,0,,2021-01-22 07:27:44,False,,1352518295379795970,,"<a href=""http://twitter.com/download/android"" rel=""nofollow"">Twitter for Android</a>",dhananjaya81,12,True,False,,
29,29,30,"14545 new #Corona  cases across India

#coronavirus #COVID19  #India   

Read More:
https://.co/8GPYb4aNam",False,0,,2021-01-22 07:26:28,False,,1352517977011220482,,"<a href=""https://mobile.twitter.com"" rel=""nofollow"">Twitter Web App</a>",Updatenews360E,0,False,False,,
30,30,31,"ÂI  assaulted  Dhammika Bandara, demanded  ransom  &amp; forced  eat   phoneÂ Â Dentist (Video)Â https://.co/vtJYmCFf9x",False,33,,2021-01-22 07:16:18,True,,1352515415726026752,,"<a href=""https://mobile.twitter.com"" rel=""nofollow"">Twitter Web App</a>",Newshub_lk,12,False,False,,
31,31,32,#Trump #administration   #strategy  #Corona https://.co/2lSbkNdwQm,False,0,,2021-01-22 06:31:35,False,,1352504165105360896,,"<a href=""https://mobile.twitter.com"" rel=""nofollow"">Twitter Web App</a>",adole53654229,0,False,False,,
32,32,33,"RT @Kodungolan737: While  one  predict   wl get #Corona,   something dicey  #Sasikala' plight. Particularly  ligÂ",False,0,,2021-01-22 06:26:23,False,,1352502854762651650,,"<a href=""http://twitter.com/download/android"" rel=""nofollow"">Twitter for Android</a>",Dr_Strange_PhD,24,True,False,,
33,33,34,"RT @Kodungolan737: While  one  predict   wl get #Corona,   something dicey  #Sasikala' plight. Particularly  ligÂ",False,0,,2021-01-22 06:22:57,False,,1352501992480890881,,"<a href=""http://twitter.com/download/android"" rel=""nofollow"">Twitter for Android</a>",KUMARAN1573,24,True,False,,
34,34,35,"RT @Kodungolan737: While  one  predict   wl get #Corona,   something dicey  #Sasikala' plight. Particularly  ligÂ",False,0,,2021-01-22 05:55:06,False,,1352494983547408385,,"<a href=""http://twitter.com/download/iphone"" rel=""nofollow"">Twitter for iPhone</a>",RichardJonatha,24,True,False,,
35,35,36,"RT @Kodungolan737: While  one  predict   wl get #Corona,   something dicey  #Sasikala' plight. Particularly  ligÂ",False,0,,2021-01-22 05:41:43,False,,1352491614577381378,,"<a href=""http://twitter.com/download/iphone"" rel=""nofollow"">Twitter for iPhone</a>",aasishalex,24,True,False,,
36,36,37,"RT @Kodungolan737: While  one  predict   wl get #Corona,   something dicey  #Sasikala' plight. Particularly  ligÂ",False,0,,2021-01-22 05:39:04,False,,1352490945657319424,,"<a href=""https://mobile.twitter.com"" rel=""nofollow"">Twitter Web App</a>",Tamil1947,24,True,False,,
37,37,38,"RT @Kodungolan737: While  one  predict   wl get #Corona,   something dicey  #Sasikala' plight. Particularly  ligÂ",False,0,,2021-01-22 05:36:36,False,,1352490324556345346,,"<a href=""http://twitter.com/download/android"" rel=""nofollow"">Twitter for Android</a>",oops200711,24,True,False,,
38,38,39,"RT @Kodungolan737: While  one  predict   wl get #Corona,   something dicey  #Sasikala' plight. Particularly  ligÂ",False,0,,2021-01-22 05:28:14,False,,1352488221205262339,,"<a href=""http://twitter.com/download/android"" rel=""nofollow"">Twitter for Android</a>",KishanThar,24,True,False,,
39,39,40,"RT @Kodungolan737: While  one  predict   wl get #Corona,   something dicey  #Sasikala' plight. Particularly  ligÂ",False,0,,2021-01-22 05:19:45,False,,1352486087487176707,,"<a href=""http://twitter.com/download/android"" rel=""nofollow"">Twitter for Android</a>",Toknow86969453,24,True,False,,
40,40,41,"RT @Kodungolan737: While  one  predict   wl get #Corona,   something dicey  #Sasikala' plight. Particularly  ligÂ",False,0,,2021-01-22 05:17:03,False,,1352485405543649282,,"<a href=""https://mobile.twitter.com"" rel=""nofollow"">Twitter Web App</a>",Swami20946629,24,True,False,,
41,41,42,"RT @Kodungolan737: While  one  predict   wl get #Corona,   something dicey  #Sasikala' plight. Particularly  ligÂ",False,0,,2021-01-22 05:13:32,False,,1352484520671408129,,"<a href=""http://twitter.com/download/iphone"" rel=""nofollow"">Twitter for iPhone</a>",AjasLily,24,True,False,,
42,42,43,"RT @Kodungolan737: While  one  predict   wl get #Corona,   something dicey  #Sasikala' plight. Particularly  ligÂ",False,0,,2021-01-22 04:41:16,False,,1352476402856194050,,"<a href=""https://mobile.twitter.com"" rel=""nofollow"">Twitter Web App</a>",SubratK82634557,24,True,False,,
43,43,44,"RT @Kodungolan737: While  one  predict   wl get #Corona,   something dicey  #Sasikala' plight. Particularly  ligÂ",False,0,,2021-01-22 04:35:55,False,,1352475056262287360,,"<a href=""http://twitter.com/download/iphone"" rel=""nofollow"">Twitter for iPhone</a>",esk_imho,24,True,False,,
44,44,45,"RT @Kodungolan737: While  one  predict   wl get #Corona,   something dicey  #Sasikala' plight. Particularly  ligÂ",False,0,,2021-01-22 04:34:17,False,,1352474641982513155,,"<a href=""https://mobile.twitter.com"" rel=""nofollow"">Twitter Web App</a>",kayan2727,24,True,False,,
45,45,46,"RT @Kodungolan737: While  one  predict   wl get #Corona,   something dicey  #Sasikala' plight. Particularly  ligÂ",False,0,,2021-01-22 04:27:11,False,,1352472859080355841,,"<a href=""http://twitter.com/download/android"" rel=""nofollow"">Twitter for Android</a>",kajarajA81,24,True,False,,
46,46,47,"RT @Kodungolan737: While  one  predict   wl get #Corona,   something dicey  #Sasikala' plight. Particularly  ligÂ",False,0,,2021-01-22 04:26:06,False,,1352472584214876160,,"<a href=""http://twitter.com/download/android"" rel=""nofollow"">Twitter for Android</a>",dselvakumar9,24,True,False,,
47,47,48,"While  one  predict   wl get #Corona,   something dicey  #Sasikala' plight. Particularly Â https://.co/4t1LeY0H6q",False,84,,2021-01-22 04:25:25,True,,1352472412139339776,,"<a href=""http://twitter.com/download/android"" rel=""nofollow"">Twitter for Android</a>",Kodungolan737,24,False,False,,
48,48,49,"RT @DurgadeviAmbal1: #AariArujunan <U+2764>. #Corona time,  still  #treats  #fans well <f0><U+009F><U+0092><U+0096>. Reason,    #liked     #pictureÂ",False,0,,2021-01-22 02:04:32,False,,1352436957347868672,,"<a href=""http://twitter.com/download/android"" rel=""nofollow"">Twitter for Android</a>",ArunKum17728298,27,True,False,,
49,49,50,"RT @DurgadeviAmbal1: #AariArujunan <U+2764>. #Corona time,  still  #treats  #fans well <f0><U+009F><U+0092><U+0096>. Reason,    #liked     #pictureÂ",False,0,,2021-01-21 16:23:12,False,,1352290662066999299,,"<a href=""http://twitter.com/download/android"" rel=""nofollow"">Twitter for Android</a>",Amuthan45795928,27,True,False,,
50,50,51,"RT @DurgadeviAmbal1: #AariArujunan <U+2764>. #Corona time,  still  #treats  #fans well <f0><U+009F><U+0092><U+0096>. Reason,    #liked     #pictureÂ",False,0,,2021-01-21 15:15:06,False,,1352273522333138944,,"<a href=""http://twitter.com/download/android"" rel=""nofollow"">Twitter for Android</a>",anupavangal,27,True,False,,
51,51,52,"RT @DurgadeviAmbal1: #AariArujunan <U+2764>. #Corona time,  still  #treats  #fans well <f0><U+009F><U+0092><U+0096>. Reason,    #liked     #pictureÂ",False,0,,2021-01-21 15:01:23,False,,1352270071561936897,,"<a href=""https://mobile.twitter.com"" rel=""nofollow"">Twitter Web App</a>",NarumalarG,27,True,False,,
52,52,53,"RT @DurgadeviAmbal1: #AariArujunan <U+2764>. #Corona time,  still  #treats  #fans well <f0><U+009F><U+0092><U+0096>. Reason,    #liked     #pictureÂ",False,0,,2021-01-21 13:45:32,False,,1352250980809641985,,"<a href=""http://twitter.com/download/android"" rel=""nofollow"">Twitter for Android</a>",aarii_fever,27,True,False,,
53,53,54,"RT @DurgadeviAmbal1: #AariArujunan <U+2764>. #Corona time,  still  #treats  #fans well <f0><U+009F><U+0092><U+0096>. Reason,    #liked     #pictureÂ",False,0,,2021-01-21 13:02:09,False,,1352240062981804035,,"<a href=""http://twitter.com/download/android"" rel=""nofollow"">Twitter for Android</a>",NarmadhaDevi16,27,True,False,,
54,54,55,"""Drive Through Prize Giving"", 
  concept!
Drive Through prize giving  Musaeus College.
#SriLankaÂ https://.co/Ayc625It5T",False,2,,2021-01-21 12:51:09,True,,1352237296846856192,,"<a href=""https://mobile.twitter.com"" rel=""nofollow"">Twitter Web App</a>",SamanthaLive365,0,False,False,,
55,55,56,"RT @DurgadeviAmbal1: #AariArujunan <U+2764>. #Corona time,  still  #treats  #fans well <f0><U+009F><U+0092><U+0096>. Reason,    #liked     #pictureÂ",False,0,,2021-01-21 12:40:29,False,,1352234612836061186,,"<a href=""http://twitter.com/download/android"" rel=""nofollow"">Twitter for Android</a>",Sabastiansaba06,27,True,False,,
56,56,57,"RT @DurgadeviAmbal1: #AariArujunan <U+2764>. #Corona time,  still  #treats  #fans well <f0><U+009F><U+0092><U+0096>. Reason,    #liked     #pictureÂ",False,0,,2021-01-21 12:22:26,False,,1352230067829542917,,"<a href=""http://twitter.com/download/android"" rel=""nofollow"">Twitter for Android</a>",billakarthick1,27,True,False,,
57,57,58,"RT @newsradiolk: 770 COVID-19 cases detected yesterday (20th);
-270  Colombo
-80  Gampaha
-56   Matara  Galle
-54  KÂ",False,0,,2021-01-21 12:03:13,False,,1352225233072173057,,"<a href=""http://twitter.com/download/android"" rel=""nofollow"">Twitter for Android</a>",2Hamdhi,5,True,False,,
58,58,59,"RT @DurgadeviAmbal1: #AariArujunan <U+2764>. #Corona time,  still  #treats  #fans well <f0><U+009F><U+0092><U+0096>. Reason,    #liked     #pictureÂ",False,0,,2021-01-21 11:07:44,False,,1352211271588868101,,"<a href=""http://twitter.com/download/android"" rel=""nofollow"">Twitter for Android</a>",ProtoAntagonist,27,True,False,,
59,59,60,"RT @DurgadeviAmbal1: #AariArujunan <U+2764>. #Corona time,  still  #treats  #fans well <f0><U+009F><U+0092><U+0096>. Reason,    #liked     #pictureÂ",False,0,,2021-01-21 10:29:13,False,,1352201579479265282,,"<a href=""http://twitter.com/download/android"" rel=""nofollow"">Twitter for Android</a>",Raghu07925077,27,True,False,,
60,60,61,"RT @DurgadeviAmbal1: #AariArujunan <U+2764>. #Corona time,  still  #treats  #fans well <f0><U+009F><U+0092><U+0096>. Reason,    #liked     #pictureÂ",False,0,,2021-01-21 10:29:12,False,,1352201574483976193,,"<a href=""http://twitter.com/download/iphone"" rel=""nofollow"">Twitter for iPhone</a>",halith4m,27,True,False,,
61,61,62,"RT @DurgadeviAmbal1: #AariArujunan <U+2764>. #Corona time,  still  #treats  #fans well <f0><U+009F><U+0092><U+0096>. Reason,    #liked     #pictureÂ",False,0,,2021-01-21 10:19:50,False,,1352199218203566081,,"<a href=""http://twitter.com/download/android"" rel=""nofollow"">Twitter for Android</a>",JewelAyi,27,True,False,,
62,62,63,"RT @DurgadeviAmbal1: #AariArujunan <U+2764>. #Corona time,  still  #treats  #fans well <f0><U+009F><U+0092><U+0096>. Reason,    #liked     #pictureÂ",False,0,,2021-01-21 10:18:17,False,,1352198825268527108,,"<a href=""http://twitter.com/download/android"" rel=""nofollow"">Twitter for Android</a>",AceRainbo,27,True,False,,
63,63,64,"RT @DurgadeviAmbal1: #AariArujunan <U+2764>. #Corona time,  still  #treats  #fans well <f0><U+009F><U+0092><U+0096>. Reason,    #liked     #pictureÂ",False,0,,2021-01-21 10:15:11,False,,1352198044733698051,,"<a href=""http://twitter.com/download/android"" rel=""nofollow"">Twitter for Android</a>",mahima_vj,27,True,False,,
64,64,65,"RT @DurgadeviAmbal1: #AariArujunan <U+2764>. #Corona time,  still  #treats  #fans well <f0><U+009F><U+0092><U+0096>. Reason,    #liked     #pictureÂ",False,0,,2021-01-21 10:14:44,False,,1352197932024385536,,"<a href=""http://twitter.com/download/android"" rel=""nofollow"">Twitter for Android</a>",ThalapathyNiyas,27,True,False,,
65,65,66,"RT @DurgadeviAmbal1: #AariArujunan <U+2764>. #Corona time,  still  #treats  #fans well <f0><U+009F><U+0092><U+0096>. Reason,    #liked     #pictureÂ",False,0,,2021-01-21 10:07:19,False,,1352196067509506049,,"<a href=""http://twitter.com/download/android"" rel=""nofollow"">Twitter for Android</a>",VdKI6wAp9Y4H86z,27,True,False,,
66,66,67,"RT @DurgadeviAmbal1: #AariArujunan <U+2764>. #Corona time,  still  #treats  #fans well <f0><U+009F><U+0092><U+0096>. Reason,    #liked     #pictureÂ",False,0,,2021-01-21 10:05:05,False,,1352195505485275138,,"<a href=""https://mobile.twitter.com"" rel=""nofollow"">Twitter Web App</a>",MaheshKumarY5,27,True,False,,
67,67,68,"RT @DurgadeviAmbal1: #AariArujunan <U+2764>. #Corona time,  still  #treats  #fans well <f0><U+009F><U+0092><U+0096>. Reason,    #liked     #pictureÂ",False,0,,2021-01-21 10:00:05,False,,1352194248150401024,,"<a href=""http://twitter.com/download/android"" rel=""nofollow"">Twitter for Android</a>",shanthag42,27,True,False,,
68,68,69,"RT @DurgadeviAmbal1: #AariArujunan <U+2764>. #Corona time,  still  #treats  #fans well <f0><U+009F><U+0092><U+0096>. Reason,    #liked     #pictureÂ",False,0,,2021-01-21 09:32:08,False,,1352187210821378054,,"<a href=""https://mobile.twitter.com"" rel=""nofollow"">Twitter Web App</a>",Kavinbro2,27,True,False,,
69,69,70,"RT @DurgadeviAmbal1: #AariArujunan <U+2764>. #Corona time,  still  #treats  #fans well <f0><U+009F><U+0092><U+0096>. Reason,    #liked     #pictureÂ",False,0,,2021-01-21 09:31:57,False,,1352187164977577986,,"<a href=""http://twitter.com/download/android"" rel=""nofollow"">Twitter for Android</a>",misspriyatharsi,27,True,False,,
70,70,71,"RT @DurgadeviAmbal1: #AariArujunan <U+2764>. #Corona time,  still  #treats  #fans well <f0><U+009F><U+0092><U+0096>. Reason,    #liked     #pictureÂ",False,0,,2021-01-21 09:28:51,False,,1352186386300997634,,"<a href=""http://twitter.com/download/iphone"" rel=""nofollow"">Twitter for iPhone</a>",jeevathas1,27,True,False,,
71,71,72,"RT @DurgadeviAmbal1: #AariArujunan <U+2764>. #Corona time,  still  #treats  #fans well <f0><U+009F><U+0092><U+0096>. Reason,    #liked     #pictureÂ",False,0,,2021-01-21 09:25:33,False,,1352185555774148608,,"<a href=""http://twitter.com/download/android"" rel=""nofollow"">Twitter for Android</a>",Aariarujuna,27,True,False,,
72,72,73,"RT @DurgadeviAmbal1: #AariArujunan <U+2764>. #Corona time,  still  #treats  #fans well <f0><U+009F><U+0092><U+0096>. Reason,    #liked     #pictureÂ",False,0,,2021-01-21 09:18:09,False,,1352183691540238337,,"<a href=""http://twitter.com/download/android"" rel=""nofollow"">Twitter for Android</a>",Aariannamass,27,True,False,,
73,73,74,"RT @DurgadeviAmbal1: #AariArujunan <U+2764>. #Corona time,  still  #treats  #fans well <f0><U+009F><U+0092><U+0096>. Reason,    #liked     #pictureÂ",False,0,,2021-01-21 09:10:33,False,,1352181781672325120,,"<a href=""https://mobile.twitter.com"" rel=""nofollow"">Twitter Web App</a>",KettavanTwits,27,True,False,,
74,74,75,"#AariArujunan <U+2764>. #Corona time,  still  #treats  #fans well <f0><U+009F><U+0092><U+0096>. Reason,    #liked    Â https://.co/7mUoxRvEy1",False,166,,2021-01-21 09:00:22,True,,1352179216788320260,,"<a href=""https://mobile.twitter.com"" rel=""nofollow"">Twitter Web App</a>",DurgadeviAmbal1,27,False,False,,
75,75,76,"RT @newsradiolk: 770 COVID-19 cases detected yesterday (20th);
-270  Colombo
-80  Gampaha
-56   Matara  Galle
-54  KÂ",False,0,,2021-01-21 04:14:40,False,,1352107319442563073,,"<a href=""http://twitter.com/download/android"" rel=""nofollow"">Twitter for Android</a>",Rafih369,5,True,False,,
76,76,77,"RT @newsradiolk: 770 COVID-19 cases detected yesterday (20th);
-270  Colombo
-80  Gampaha
-56   Matara  Galle
-54  KÂ",False,0,,2021-01-21 03:56:47,False,,1352102820351254528,,"<a href=""http://twitter.com/download/iphone"" rel=""nofollow"">Twitter for iPhone</a>",iamshakoor,5,True,False,,
77,77,78,"RT @newsradiolk: 770 COVID-19 cases detected yesterday (20th);
-270  Colombo
-80  Gampaha
-56   Matara  Galle
-54  KÂ",False,0,,2021-01-21 03:48:45,False,,1352100798365270017,,"<a href=""http://twitter.com/download/android"" rel=""nofollow"">Twitter for Android</a>",gopiharan,5,True,False,,
78,78,79,"RT @newsradiolk: 770 COVID-19 cases detected yesterday (20th);
-270  Colombo
-80  Gampaha
-56   Matara  Galle
-54  KÂ",False,0,,2021-01-21 03:36:00,False,,1352097589718614018,,"<a href=""https://mobile.twitter.com"" rel=""nofollow"">Twitter Web App</a>",Lasaa_V,5,True,False,,
79,79,80,"770 COVID-19 cases detected yesterday (20th);
-270  Colombo
-80  Gampaha
-56   Matara  Galle
-54Â https://.co/NL7HvNtPgW",False,2,,2021-01-21 03:34:52,True,,1352097305013477378,,"<a href=""https://mobile.twitter.com"" rel=""nofollow"">Twitter Web App</a>",newsradiolk,5,False,False,,
80,80,81,"#DefeatAntiFarmerLaws 

For #EIA  got #Corona.
For #FarmersBill    hearing opinion  #States  Â https://.co/AFpRiD2DY9",False,2,,2021-01-21 01:01:11,True,,1352058627683545088,,"<a href=""http://twitter.com/download/android"" rel=""nofollow"">Twitter for Android</a>",gopi_samsan,5,False,False,,
81,81,82,"RT @cs_disola: Dear @nsitharaman '
The business   suffered setbacks due  #Lockdown  #Corona   asking  freebies Â",False,0,,2021-01-20 17:25:42,False,,1351944002799484929,,"<a href=""http://twitter.com/download/android"" rel=""nofollow"">Twitter for Android</a>",Gauravcs1989,13,True,False,,
82,82,83,"RT @cs_disola: Dear @nsitharaman '
The business   suffered setbacks due  #Lockdown  #Corona   asking  freebies Â",False,0,,2021-01-20 16:18:20,False,,1351927046029537282,,"<a href=""http://twitter.com/download/android"" rel=""nofollow"">Twitter for Android</a>",vivekzpa,13,True,False,,
83,83,84,"RT @cs_disola: Dear @nsitharaman '
The business   suffered setbacks due  #Lockdown  #Corona   asking  freebies Â",False,0,,2021-01-20 15:47:31,False,,1351919292120326145,,"<a href=""http://twitter.com/download/android"" rel=""nofollow"">Twitter for Android</a>",Senthil07328965,13,True,False,,
84,84,85,"RT @cs_disola: Dear @nsitharaman '
The business   suffered setbacks due  #Lockdown  #Corona   asking  freebies Â",False,0,,2021-01-20 10:35:34,False,,1351840789467262981,,"<a href=""https://mobile.twitter.com"" rel=""nofollow"">Twitter Web App</a>",HemantC08266292,13,True,False,,
85,85,86,"Me  already     problems: *<f0><U+009F><U+0099><U+0083>*

#coronavirus #Corona #LongTermEffects https://.co/mSofif0MHU",False,0,,2021-01-20 10:01:48,False,,1351832289852866561,,"<a href=""http://twitter.com/download/android"" rel=""nofollow"">Twitter for Android</a>",MadhunikaaR,0,False,False,,
86,86,87,"RT @cs_disola: Dear @nsitharaman '
The business   suffered setbacks due  #Lockdown  #Corona   asking  freebies Â",False,0,,2021-01-20 07:49:37,False,,1351799026736222208,,"<a href=""http://twitter.com/download/android"" rel=""nofollow"">Twitter for Android</a>",CSTTR07,13,True,False,,
87,87,88,"RT @cs_disola: Dear @nsitharaman '
The business   suffered setbacks due  #Lockdown  #Corona   asking  freebies Â",False,0,,2021-01-20 07:29:00,False,,1351793835135782913,,"<a href=""http://twitter.com/download/iphone"" rel=""nofollow"">Twitter for iPhone</a>",spanchal05,13,True,False,,
88,88,89,"RT @cs_disola: Dear @nsitharaman '
The business   suffered setbacks due  #Lockdown  #Corona   asking  freebies Â",False,0,,2021-01-20 06:59:34,False,,1351786431568519171,,"<a href=""http://twitter.com/download/android"" rel=""nofollow"">Twitter for Android</a>",cs_disola,13,True,False,,
89,89,90,"RT @cs_disola: Dear @nsitharaman '
The business   suffered setbacks due  #Lockdown  #Corona   asking  freebies Â",False,0,,2021-01-20 06:50:01,False,,1351784028148441090,,"<a href=""http://twitter.com/download/android"" rel=""nofollow"">Twitter for Android</a>",SomaniMilan,13,True,False,,
90,90,91,"RT @cs_disola: Dear @nsitharaman '
The business   suffered setbacks due  #Lockdown  #Corona   asking  freebies Â",False,0,,2021-01-20 06:49:10,False,,1351783813677019136,,"<a href=""http://twitter.com/download/android"" rel=""nofollow"">Twitter for Android</a>",Prerna10347427,13,True,False,,
91,91,92,"RT @cs_disola: Dear @nsitharaman '
The business   suffered setbacks due  #Lockdown  #Corona   asking  freebies Â",False,0,,2021-01-20 06:42:41,False,,1351782179999633409,,"<a href=""https://mobile.twitter.com"" rel=""nofollow"">Twitter Web App</a>",CS_Vir_Sanghavi,13,True,False,,
92,92,93,"RT @cs_disola: Dear @nsitharaman '
The business   suffered setbacks due  #Lockdown  #Corona   asking  freebies Â",False,0,,2021-01-20 06:36:52,False,,1351780715529031682,,"<a href=""http://twitter.com/download/android"" rel=""nofollow"">Twitter for Android</a>",Jaspree89108198,13,True,False,,
93,93,94,"RT @cs_disola: Dear @nsitharaman '
The business   suffered setbacks due  #Lockdown  #Corona   asking  freebies Â",False,0,,2021-01-20 06:33:08,False,,1351779778651586560,,"<a href=""http://twitter.com/download/android"" rel=""nofollow"">Twitter for Android</a>",Juirg,13,True,False,,
94,94,95,"Dear @nsitharaman '
The business   suffered setbacks due  #Lockdown  #Corona   asking  frÂ https://.co/Z6DqhLvU75",False,3,,2021-01-20 06:29:47,True,,1351778932991803392,,"<a href=""http://twitter.com/download/android"" rel=""nofollow"">Twitter for Android</a>",cs_disola,13,False,False,,
95,95,96,"What would  call  Rambuttan ?
#corona ?
Bloody losers https://.co/1GoXRnYfT2",False,3,,2021-01-19 21:28:59,False,,1351642837364797440,,"<a href=""http://twitter.com/download/android"" rel=""nofollow"">Twitter for Android</a>",munnarboy,1,False,False,,
96,96,97,"Hate staying  home. I   person   living   Outer World (Trips, Classes, etc...). But,  I  Â https://.co/AZUQlzP1Lr",False,0,,2021-01-19 10:25:22,True,,1351475834431840256,,"<a href=""https://mobile.twitter.com"" rel=""nofollow"">Twitter Web App</a>",CalderaGeethaka,0,False,False,,
97,97,98,In  village  think  infected  COVID-19  I wear  mask. #COVID19 #Corona #coronavirus,False,3,,2021-01-19 03:57:55,False,,1351378330130366465,,"<a href=""http://twitter.com/download/android"" rel=""nofollow"">Twitter for Android</a>",raghulanrcs,0,False,False,,
98,98,99,"RT @CeylonToday: Two  staffers   hotel  Galle test positive  COVID-19

https://.co/599VsaXaHJ 

#lka #SriLanka #ENGvSL #GalleÂ",False,0,,2021-01-18 16:34:38,False,,1351206375192469508,,"<a href=""https://mobile.twitter.com"" rel=""nofollow"">Twitter Web App</a>",Lasaa_V,2,True,False,,
99,99,100,"After sitting  home  many Mondays  lockdown  restrictions  ,  Monday, Today,  I  calling  Blu MÂ https://.co/B0Fq7vfOqs",False,0,,2021-01-18 13:40:06,True,,1351162450180243459,,"<a href=""http://twitter.com/download/android"" rel=""nofollow"">Twitter for Android</a>",knobzy,0,False,False,,
100,100,101,"How India  led  fight  #Corona pandemic!

Working  PM Modi' mantra  proactive  effective 'tracÂ https://.co/UbDTAjHmau",False,0,,2021-01-18 11:29:34,True,,1351129602228445184,,"<a href=""https://mobile.twitter.com"" rel=""nofollow"">Twitter Web App</a>",Subhahar3,0,False,False,,
101,101,102,"How India  led  fight  #Corona pandemic!

Standing    11 new cases per million population,Â https://.co/f2TRGpCsSf",False,0,,2021-01-18 11:25:39,True,,1351128615614881792,,"<a href=""https://mobile.twitter.com"" rel=""nofollow"">Twitter Web App</a>",Subhahar3,0,False,False,,
102,102,103,"RT @CeylonToday: Two  staffers   hotel  Galle test positive  COVID-19

https://.co/599VsaXaHJ 

#lka #SriLanka #ENGvSL #GalleÂ",False,0,,2021-01-18 10:31:33,False,,1351115002388877314,,,UCRGalle,2,True,False,,
103,103,104,"RT @CeylonToday: Staff  Dalada Maligawa   tested positive  Covid 

https://.co/mVMd3oEdQM 

#lka #SriLanka #ToothRelic #COVID1Â",False,0,,2021-01-18 10:19:26,False,,1351111951603159043,,"<a href=""https://mobile.twitter.com"" rel=""nofollow"">Twitter Web App</a>",Lasaa_V,1,True,False,,
104,104,105,"Staff  Dalada Maligawa   tested positive  Covid 

https://.co/mVMd3oEdQM 

#lka #SriLanka #ToothRelicÂ https://.co/umkqzxCFT2",False,4,,2021-01-18 10:18:21,True,,1351111677555695616,,"<a href=""https://mobile.twitter.com"" rel=""nofollow"">Twitter Web App</a>",CeylonToday,1,False,False,,
105,105,106,"Two  staffers   hotel  Galle test positive  COVID-19

https://.co/599VsaXaHJ 

#lka #SriLanka #ENGvSLÂ https://.co/aOz6G4TO7Y",False,3,,2021-01-18 10:09:16,True,,1351109392435965960,,"<a href=""https://mobile.twitter.com"" rel=""nofollow"">Twitter Web App</a>",CeylonToday,2,False,False,,
106,106,107,First fruits  #corona vaccine rollout '  seen  weeks' https://.co/qQZDIMeGDb,False,0,,2021-01-17 15:32:47,False,,1350828422348455936,,"<a href=""http://twitter.com/download/android"" rel=""nofollow"">Twitter for Android</a>",vigneshtp,0,False,False,,
107,107,108,"My heartfelt congratulations  thanks  @BharatBiotech  @SerumInstIndia.In  short span  time, two #coronaÂ https://.co/NI9e5ftz2c",False,2,,2021-01-17 08:15:41,True,,1350718422854713344,,"<a href=""http://twitter.com/download/android"" rel=""nofollow"">Twitter for Android</a>",winyourfailures,0,False,False,,
108,108,109,"boost helth ,immune Power  single drinks,  helth Problems solved  two months
8921642674.
#anxietyÂ https://.co/1njEH7EAxI",False,0,,2021-01-16 16:25:25,True,,1350479280954753025,,"<a href=""http://twitter.com/download/android"" rel=""nofollow"">Twitter for Android</a>",InddigiwayT,0,False,False,,
109,109,110,"#Tuitionclasses  #resume

Permission   granted  resume tuition classes   country excluding  Â https://.co/jK92KjvA4y",False,3,,2021-01-16 11:30:12,True,,1350404986304299011,,"<a href=""http://twitter.com/download/iphone"" rel=""nofollow"">Twitter for iPhone</a>",Naveeth14,0,False,False,,
110,110,111,"Indian PM @narendramodi  launches COVID-19 Vaccine Programme 

https://.co/1vDBHisirx 

#India #IndiaFightsCoronaÂ https://.co/mtZoKq4sU7",False,2,,2021-01-16 08:34:04,True,,1350360659553210374,,"<a href=""https://mobile.twitter.com"" rel=""nofollow"">Twitter Web App</a>",CeylonToday,1,False,False,,
111,111,112,"Get  vaccinated  letÂ end  pandemic together.
.
.
#vaccinecovid19 #vaccinetime #vaccineÂ https://.co/t2cIquPJgD",False,1,,2021-01-16 04:10:53,True,,1350294428695498753,,"<a href=""https://mobile.twitter.com"" rel=""nofollow"">Twitter Web App</a>",vpslakeshore,0,False,False,,
112,112,113,"#Corona   virus
 nobody  desirous
everyone knows   dangerous
  beginning    disastrouÂ https://.co/h6AGrFJS1X",False,2,,2021-01-15 21:21:54,True,,1350191502815686656,,"<a href=""https://mobile.twitter.com"" rel=""nofollow"">Twitter Web App</a>",AnandGuruji3,0,False,False,,
113,113,114,@madan3  abt #Corona ,False,0,madan3,2021-01-15 07:10:36,False,1.3499581818169426e+18,1349977266952970240,110397597.0,"<a href=""http://twitter.com/download/android"" rel=""nofollow"">Twitter for Android</a>",MURUGANMSM,0,False,False,,
114,114,115,"RT @infodprtsl: <f0><U+009F><U+0091><U+0089>Four covid-19 infection deaths  reported  Sri Lanka
#Srilankan #Srilanka #lka #Lanka #Ceylon #DGI #Government #InforÂ",False,0,,2021-01-15 05:52:12,False,,1349957535445311498,,"<a href=""https://mobile.twitter.com"" rel=""nofollow"">Twitter Web App</a>",rehanumfernando,5,True,False,,
115,115,116,"RT @infodprtsl: <f0><U+009F><U+0091><U+0089>Four covid-19 infection deaths  reported  Sri Lanka
#Srilankan #Srilanka #lka #Lanka #Ceylon #DGI #Government #InforÂ",False,0,,2021-01-15 05:44:42,False,,1349955649774317569,,"<a href=""http://twitter.com/download/iphone"" rel=""nofollow"">Twitter for iPhone</a>",kataclysmichaos,5,True,False,,
116,116,117,"RT @infodprtsl: <f0><U+009F><U+0091><U+0089>Four covid-19 infection deaths  reported  Sri Lanka
#Srilankan #Srilanka #lka #Lanka #Ceylon #DGI #Government #InforÂ",False,0,,2021-01-15 05:32:38,False,,1349952612133597185,,,UCRGalle,5,True,False,,
117,117,118,"RT @infodprtsl: <f0><U+009F><U+0091><U+0089>Four covid-19 infection deaths  reported  Sri Lanka
#Srilankan #Srilanka #lka #Lanka #Ceylon #DGI #Government #InforÂ",False,0,,2021-01-15 03:38:47,False,,1349923961505673219,,"<a href=""http://twitter.com/download/android"" rel=""nofollow"">Twitter for Android</a>",Dr_plaquenill,5,True,False,,
118,118,119,"<f0><U+009F><U+0091><U+0089>Four covid-19 infection deaths  reported  Sri Lanka
#Srilankan #Srilanka #lka #Lanka #Ceylon #DGIÂ https://.co/5nHOkc5vmC",False,5,,2021-01-15 03:32:22,True,,1349922348602847233,,"<a href=""https://mobile.twitter.com"" rel=""nofollow"">Twitter Web App</a>",infodprtsl,5,False,False,,
