,,,text,favorited,favoriteCount,replyToSN,created,truncated,replyToSID,id,replyToUID,statusSource,screenName,retweetCount,isRetweet,retweeted,longitude,latitude
0,0,1,"Get Ready &lt;3 
#kinduradari #cyclone #cyclonemusic #Dance https://.co/ekkoye0U33",False,0,,2021-01-06 19:57:06,False,,1346908673608568832,,"<a href=""http://twitter.com/download/android"" rel=""nofollow"">Twitter for Android</a>",j2ks3_,0,False,False,,
1,1,2,"RT @CLEANTEKINDIA: Cyclone dust collector  used  extract high volume heavy debris  fine dust. 
VISIT US AT https://.co/6m0u9YqHXIÂ",False,0,,2021-01-05 15:22:13,False,,1346477108785152001,,"<a href=""https://mobile.twitter.com"" rel=""nofollow"">Twitter Web App</a>",CLEANTEKINDIA,1,True,False,,
2,2,3,"Cyclone dust collector  used  extract high volume heavy debris  fine dust. 
VISIT US ATÂ https://.co/lFJY2fNpBO",False,0,,2021-01-05 15:21:43,True,,1346476980317818882,,"<a href=""https://mobile.twitter.com"" rel=""nofollow"">Twitter Web App</a>",CLEANTEKINDIA,1,False,False,,
