,,,text,favorited,favoriteCount,replyToSN,created,truncated,replyToSID,id,replyToUID,statusSource,screenName,retweetCount,isRetweet,retweeted,longitude,latitude
0,0,1,"RT @RootcareerRCS: Send  2020  gratitude,  Enter 2021  determination
#Gratitude #Determination #Singapore #SG #India #TamilnaÂ",False,0,,2020-12-31 07:35:27,False,,1344547704291016704,,"<a href=""http://twitter.com/download/android"" rel=""nofollow"">Twitter for Android</a>",patchamalai,1,True,False,,
1,1,2,"Send  2020  gratitude,  Enter 2021  determination
#Gratitude #Determination #Singapore #SG #IndiaÂ https://.co/NzwzxjBlQt",False,2,,2020-12-31 07:33:38,True,,1344547244033228803,,"<a href=""https://dashboard.godaddy.com"" rel=""nofollow"">GoDaddy Social App</a>",RootcareerRCS,1,False,False,,
