,,,text,favorited,favoriteCount,replyToSN,created,truncated,replyToSID,id,replyToUID,statusSource,screenName,retweetCount,isRetweet,retweeted,longitude,latitude
0,0,1,RT @CyriacSebin: 2.32 lakh worth #rain shed <f0><U+009F><U+0098><U+0082> https://.co/8A0uRMejY8,False,0,,2021-02-26 10:34:52,False,,1365248961452253184,,"<a href=""http://twitter.com/download/android"" rel=""nofollow"">Twitter for Android</a>",Dravidianstock8,1,True,False,,
1,1,2,"@aswathiguna Hi , #Rain industries  results came  mins ago  comments   stock pls",False,0,aswathiguna,2021-02-25 11:39:10,False,1.3649016571385774e+18,1364902756394307584,7.604623418927473e+17,"<a href=""http://twitter.com/download/android"" rel=""nofollow"">Twitter for Android</a>",kotty4u,0,False,False,,
2,2,3,"#RAIN

@darshanvmehta1  said  9.46   ( price   147 )  ' going . Now '  160. Thank Â https://.co/sKVwuN6gzk",False,0,,2021-02-23 05:56:52,True,,1364091837678374919,,"<a href=""http://twitter.com/download/android"" rel=""nofollow"">Twitter for Android</a>",saai9997,0,False,False,,
3,3,4,"Let' beat  traffic   starts  pour <f0><U+009F><U+009A><U+0095><f0><U+009F><U+009B><U+00BA><f0><U+009F><U+009B><U+00B5><U+2601><U+FE0F>
https://.co/E8WETjYyVi

#colombo #srilankaÂ https://.co/HWE7PDnKx9",False,19,,2021-02-22 17:26:01,True,,1363902882303512577,,"<a href=""http://twitter.com/download/android"" rel=""nofollow"">Twitter for Android</a>",nazly,0,False,False,,
4,4,5,"RT @meeras_thoughts: Her mind  still shaded   unknown dark clouds, stuck somewhere without raining <U+2601><U+FE0F><U+2601><U+FE0F><f0><U+009F><U+008C><U+00A7><U+FE0F><f0><U+009F><U+008C><U+00A7><U+FE0F>

#rain #raining",False,0,,2021-02-22 13:22:43,False,,1363841651127422983,,"<a href=""https://mobile.twitter.com"" rel=""nofollow"">Twitter Web App</a>",meeras_thoughts,3,True,False,,
5,5,6,RT @purusoth1999: Heavy  #rain   #Pondicherry  midnight. https://.co/qBhqchrecc,False,0,,2021-02-22 05:32:31,False,,1363723320726753282,,"<a href=""http://twitter.com/download/iphone"" rel=""nofollow"">Twitter for iPhone</a>",Sanjays81301051,1,True,False,,
6,6,7,RT @DawnPDSi: Umm    #Dubai #rain pics?,False,0,,2021-02-21 08:49:30,False,,1363410507227570188,,"<a href=""http://twitter.com/download/android"" rel=""nofollow"">Twitter for Android</a>",carlsl,1,True,False,,
7,7,8,Umm    #Dubai #rain pics?,False,4,,2021-02-21 08:46:16,False,,1363409692504989698,,"<a href=""http://twitter.com/download/iphone"" rel=""nofollow"">Twitter for iPhone</a>",DawnPDSi,1,False,False,,
8,8,9,"RT @PrakashRajVK: #Rain  hailstorm  somwarpet Nidta, ankanahalli village area  #Kodagu district @CMofKarnataka @KarnatakaWorld @KarÂ",False,0,,2021-02-21 07:39:26,False,,1363392874910392328,,"<a href=""http://twitter.com/download/android"" rel=""nofollow"">Twitter for Android</a>",vinnyrockscoorg,1,True,False,,
9,9,10,"RT @ennodakaruthu: #puducherryrain
With   day night #rain  #puducherry https://.co/1x3vcH4vyl",False,0,,2021-02-21 07:23:09,False,,1363388776081330182,,"<a href=""http://twitter.com/download/android"" rel=""nofollow"">Twitter for Android</a>",aiccgmdossan,1,True,False,,
10,10,11,"#puducherryrain
With   day night #rain  #puducherry https://.co/1x3vcH4vyl",False,0,,2021-02-21 07:15:22,False,,1363386817748340739,,"<a href=""http://twitter.com/download/android"" rel=""nofollow"">Twitter for Android</a>",ennodakaruthu,1,False,False,,
11,11,12,#Pondicherry White town flooded #rain https://.co/PAJ6bCXWP0,False,1,,2021-02-21 05:37:18,False,,1363362140279631879,,"<a href=""http://twitter.com/download/android"" rel=""nofollow"">Twitter for Android</a>",charlsaffrin,0,False,False,,
12,12,13,Heavy  #rain   #Pondicherry  midnight. https://.co/qBhqchrecc,False,3,,2021-02-21 03:20:11,False,,1363327630490046467,,"<a href=""http://twitter.com/download/android"" rel=""nofollow"">Twitter for Android</a>",purusoth1999,1,False,False,,
13,13,14,"Whenever I get back  home,  gives  visit <f0><U+009F><U+008C><U+00A7><U+FE0F>

#unexpected #Rain
#Mettur
#HomeSweetHome
#Thalaivar
#RajinikanthÂ https://.co/eVqEdsbjoD",False,2,,2021-02-20 12:36:57,True,,1363105358051352577,,"<a href=""http://twitter.com/download/android"" rel=""nofollow"">Twitter for Android</a>",DrRuban_S,0,False,False,,
14,14,15,"#Rain  hailstorm  somwarpet Nidta, ankanahalli village area  #Kodagu district @CMofKarnatakaÂ https://.co/YUkA6EcIQn",False,5,,2021-02-19 20:47:27,True,,1362866408921706500,,"<a href=""https://mobile.twitter.com"" rel=""nofollow"">Twitter Web App</a>",PrakashRajVK,1,False,False,,
15,15,16,"Good rain   pondy. 
#Rain #Pondicherry",False,1,,2021-02-19 16:56:59,False,,1362808410098438144,,"<a href=""http://twitter.com/download/android"" rel=""nofollow"">Twitter for Android</a>",iyyappan_ram,0,False,False,,
