,,,text,favorited,favoriteCount,replyToSN,created,truncated,replyToSID,id,replyToUID,statusSource,screenName,retweetCount,isRetweet,retweeted,longitude,latitude
0,0,1,RT @DawnPDSi: Umm    #Dubai #rain pics?,False,0,,2021-02-21 08:49:30,False,,1363410507227570188,,"<a href=""http://twitter.com/download/android"" rel=""nofollow"">Twitter for Android</a>",carlsl,1,True,False,,
1,1,2,Umm    #Dubai #rain pics?,False,4,,2021-02-21 08:46:16,False,,1363409692504989698,,"<a href=""http://twitter.com/download/iphone"" rel=""nofollow"">Twitter for iPhone</a>",DawnPDSi,1,False,False,,
2,2,3,"RT @PrakashRajVK: #Rain  hailstorm  somwarpet Nidta, ankanahalli village area  #Kodagu district @CMofKarnataka @KarnatakaWorld @KarÂ",False,0,,2021-02-21 07:39:26,False,,1363392874910392328,,"<a href=""http://twitter.com/download/android"" rel=""nofollow"">Twitter for Android</a>",vinnyrockscoorg,1,True,False,,
3,3,4,"RT @ennodakaruthu: #puducherryrain
With   day night #rain  #puducherry https://.co/1x3vcH4vyl",False,0,,2021-02-21 07:23:09,False,,1363388776081330182,,"<a href=""http://twitter.com/download/android"" rel=""nofollow"">Twitter for Android</a>",aiccgmdossan,1,True,False,,
4,4,5,"#puducherryrain
With   day night #rain  #puducherry https://.co/1x3vcH4vyl",False,0,,2021-02-21 07:15:22,False,,1363386817748340739,,"<a href=""http://twitter.com/download/android"" rel=""nofollow"">Twitter for Android</a>",ennodakaruthu,1,False,False,,
5,5,6,#Pondicherry White town flooded #rain https://.co/PAJ6bCXWP0,False,1,,2021-02-21 05:37:18,False,,1363362140279631879,,"<a href=""http://twitter.com/download/android"" rel=""nofollow"">Twitter for Android</a>",charlsaffrin,0,False,False,,
6,6,7,Heavy  #rain   #Pondicherry  midnight. https://.co/qBhqchrecc,False,3,,2021-02-21 03:20:11,False,,1363327630490046467,,"<a href=""http://twitter.com/download/android"" rel=""nofollow"">Twitter for Android</a>",purusoth1999,0,False,False,,
7,7,8,"Whenever I get back  home,  gives  visit <f0><U+009F><U+008C><U+00A7><U+FE0F>

#unexpected #Rain
#Mettur
#HomeSweetHome
#Thalaivar
#RajinikanthÂ https://.co/eVqEdsbjoD",False,1,,2021-02-20 12:36:57,True,,1363105358051352577,,"<a href=""http://twitter.com/download/android"" rel=""nofollow"">Twitter for Android</a>",DrRuban_S,0,False,False,,
8,8,9,"#Rain  hailstorm  somwarpet Nidta, ankanahalli village area  #Kodagu district @CMofKarnatakaÂ https://.co/YUkA6EcIQn",False,5,,2021-02-19 20:47:27,True,,1362866408921706500,,"<a href=""https://mobile.twitter.com"" rel=""nofollow"">Twitter Web App</a>",PrakashRajVK,1,False,False,,
9,9,10,"Good rain   pondy. 
#Rain #Pondicherry",False,1,,2021-02-19 16:56:59,False,,1362808410098438144,,"<a href=""http://twitter.com/download/android"" rel=""nofollow"">Twitter for Android</a>",iyyappan_ram,0,False,False,,
10,10,11,Some people feel  #rain  #FridayVibes https://.co/pJadwlSGcN,False,1,,2021-02-19 01:51:05,False,,1362580431778971654,,"<a href=""http://twitter.com/download/android"" rel=""nofollow"">Twitter for Android</a>",bijugovind,0,False,False,,
