,,,text,favorited,favoriteCount,replyToSN,created,truncated,replyToSID,id,replyToUID,statusSource,screenName,retweetCount,isRetweet,retweeted,longitude,latitude
0,0,1,"CLEANVACINDIA https://.co/sx6IJzTxHg

https://.co/6m0u9Y976a
Cyclone dust collector  used  extract  highÂ https://.co/Dp8bBc14qm",False,0,,2021-01-16 15:27:58,True,,1350464820492062720,,"<a href=""https://mobile.twitter.com"" rel=""nofollow"">Twitter Web App</a>",CLEANTEKINDIA,1,False,False,,
1,1,2,Love  respect   idea  initiative. I personally engaged  advocating  cycling since 2002. OrganizedÂ https://.co/3m7hgNu3Kw,False,1,,2021-01-15 19:03:48,True,,1350156748686913538,,"<a href=""https://mobile.twitter.com"" rel=""nofollow"">Twitter Web App</a>",Rangaslk,0,False,False,,
