,,,text,favorited,favoriteCount,replyToSN,created,truncated,replyToSID,id,replyToUID,statusSource,screenName,retweetCount,isRetweet,retweeted,longitude,latitude
0,0,1,"Your time  limited   earth <f0><U+009F><U+008C><U+008D>..!!
       So make every moment  best ..!!

#Mawth  -#Death-                 
     #copied<U+2728>",False,11,,2021-01-28 01:53:19,False,,1354608461892513792,,"<a href=""http://twitter.com/download/iphone"" rel=""nofollow"">Twitter for iPhone</a>",NazeemAfrah,1,False,False,,
1,1,2,"@FlyWithIX @MoCA_GoI @HardeepSPuri @IndEmbDoha GIVE BACK MY MONEY !! 

@FlyWithIX   even care   custoÂ https://.co/wPOztdM3Fe",False,0,FlyWithIX,2021-01-27 12:11:12,True,1.3539343605047665e+18,1354401571442839552,1.2800610026969334e+18,"<a href=""http://twitter.com/download/iphone"" rel=""nofollow"">Twitter for iPhone</a>",GokulaK32355117,0,False,False,,
2,2,3,"Another Covid-19 death reported  Sri Lanka making  death toll  288, confirmed  Department  Government IÂ https://.co/o17h5ihTLd",False,0,,2021-01-26 15:37:59,True,,1354091219010387969,,"<a href=""https://about.twitter.com/products/tweetdeck"" rel=""nofollow"">TweetDeck</a>",observerlk,0,False,False,,
3,3,4,"I wonder... When  wake   seeing  beautiful dream   death, Is  ok   feel disappointed  yoÂ https://.co/FlRr70AXxU",False,0,,2021-01-25 04:21:33,True,,1353558602506625024,,"<a href=""http://twitter.com/download/iphone"" rel=""nofollow"">Twitter for iPhone</a>",anoopkam,0,False,False,,
4,4,5,"02  Covid-19 deaths confirmed  Sri Lanka, confirmed  Department  Government Information
#death #COVID19SL https://.co/7LNro4WqvN",False,0,,2021-01-23 17:10:19,False,,1353027292457541632,,"<a href=""http://twitter.com/download/android"" rel=""nofollow"">Twitter for Android</a>",observerlk,0,False,False,,
5,5,6,"02  Covid-19 deaths confirmed  Sri Lanka, confirmed  Department  Government Information
#death #COVID19SL https://.co/7LNro4EP7d",False,0,,2021-01-23 16:57:57,False,,1353024180162240512,,"<a href=""http://twitter.com/download/android"" rel=""nofollow"">Twitter for Android</a>",observerlk,0,False,False,,
