,,,text,favorited,favoriteCount,replyToSN,created,truncated,replyToSID,id,replyToUID,statusSource,screenName,retweetCount,isRetweet,retweeted,longitude,latitude
0,0,1,"RT @MalwanaPlus: Two   COVID-19 related deaths reported: 71, 86 year old  Ratnapura 
increasing  death toll  Sri Lanka  215Â",False,0,,2021-01-05 17:18:02,False,,1346506252491243520,,"<a href=""http://twitter.com/download/android"" rel=""nofollow"">Twitter for Android</a>",Makkiyarazik1,1,True,False,,
1,1,2,uncover  happens   die   mix  scientific research  stories  people    near-deÂ https://.co/XuxKMlHkgg,False,0,,2021-01-04 20:47:21,True,,1346196542055714817,,"<a href=""http://twitter.com/download/android"" rel=""nofollow"">Twitter for Android</a>",nadun_don,0,False,False,,
2,2,3,"Two   COVID-19 related deaths reported: 71, 86 year old  Ratnapura 
increasing  death toll  Sri LankaÂ https://.co/8Q0lv2hIG1",False,0,,2021-01-04 17:19:00,True,,1346144107521949703,,"<a href=""http://twitter.com/download/android"" rel=""nofollow"">Twitter for Android</a>",MalwanaPlus,1,False,False,,
3,3,4,"Caged   casket
sorrow engraved   smile
Laughing heard 'er hymns 

#death #haikuchallenge
#poetrylovers  #poetrycommunity 
#SriLankan",False,1,,2021-01-04 04:50:42,False,,1345955795284807680,,"<a href=""http://twitter.com/download/android"" rel=""nofollow"">Twitter for Android</a>",Indrajith_Ravi_,0,False,False,,
4,4,5,"When death came   Crematorium crashing 

Twenty-four people,    attending  funeral,  killed Â https://.co/eCwjC7DJEb",False,0,,2021-01-04 03:09:51,True,,1345930412300746755,,"<a href=""https://mobile.twitter.com"" rel=""nofollow"">Twitter Web App</a>",mathrubhumieng,0,False,False,,
5,5,6,"Another 04 Covid-19 deaths reported  Sri Lanka, confirmed  Department  Government Information
#DEATHÂ https://.co/6oczQBNRbf",False,0,,2020-12-30 17:03:13,True,,1344328199799406592,,"<a href=""https://about.twitter.com/products/tweetdeck"" rel=""nofollow"">TweetDeck</a>",observerlk,0,False,False,,
