,,,text,favorited,favoriteCount,replyToSN,created,truncated,replyToSID,id,replyToUID,statusSource,screenName,retweetCount,isRetweet,retweeted,longitude,latitude
0,0,1,"#Hinduism #SwamiVivekananda #Karma #yoga #life #death 

Quote 77 : ""If  want   life,    die every moment  """,False,0,,2021-02-15 15:07:58,False,,1361331425203474442,,"<a href=""https://mobile.twitter.com"" rel=""nofollow"">Twitter Web App</a>",VivekanandB,0,False,False,,
1,1,2,"#Hinduism #SwamiVivekananda #Karma #yoga #death #life

Quote 71 : ""The  way  go beyond death   give   love  life""",False,0,,2021-02-15 14:59:21,False,,1361329255511040008,,"<a href=""https://mobile.twitter.com"" rel=""nofollow"">Twitter Web App</a>",VivekanandB,0,False,False,,
2,2,3,"Understanding funeral traditions  important.  allows "" glimpse view  another' world"". RememberÂ https://.co/bVJM7RMGjT",False,1,,2021-02-13 15:03:27,True,,1360605511448555523,,"<a href=""https://mobile.twitter.com"" rel=""nofollow"">Twitter Web App</a>",ousl_gayani,0,False,False,,
3,3,4,#Death    end,False,0,,2021-02-09 07:22:13,False,,1359039887974912000,,"<a href=""http://twitter.com/download/iphone"" rel=""nofollow"">Twitter for iPhone</a>",SidhiqNaseer,0,False,False,,
4,4,5,"Argument leads  murder  Balangoda 

https://.co/h72N6OdSjI 

#lka #SriLanka #murder #death #Balangoda #Police #argument #conflict",False,1,,2021-02-09 04:16:17,False,,1358993096411762697,,"<a href=""https://mobile.twitter.com"" rel=""nofollow"">Twitter Web App</a>",CeylonToday,0,False,False,,
5,5,6,"A 20-year-old   shot dead allegedly taking part   ""prank"" robbery  filmed  YouTube.
@BBCWorld
#YouTube #Robbery #Death",False,0,,2021-02-09 02:02:07,False,,1358959331593515011,,"<a href=""http://twitter.com/download/android"" rel=""nofollow"">Twitter for Android</a>",yuganOffcial,0,False,False,,
