,,,text,favorited,favoriteCount,replyToSN,created,truncated,replyToSID,id,replyToUID,statusSource,screenName,retweetCount,isRetweet,retweeted,longitude,latitude
0,0,1,"#BREAKING 
<U+2B55>Death toll  earthquake  Sulawesi, Indonesia  risen  34.

#earthquake #Indonesia #Sulawesi #Death",False,1,yuganOffcial,2021-01-15 07:12:29,False,1.3498905730800353e+18,1349977740888297479,1.343032398238208e+18,"<a href=""http://twitter.com/download/android"" rel=""nofollow"">Twitter for Android</a>",yuganOffcial,0,False,False,,
1,1,2,"RT @mathrubhumieng: Relatives, locals allege mystery  death  minor girl  CWC care, stage protest https://.co/WQcLD1xMLJ #Death",False,0,,2021-01-13 08:32:32,False,,1349273110134943744,,"<a href=""https://dlvrit.com/"" rel=""nofollow"">dlvr.it</a>",mathrubhumi,1,True,False,,
2,2,3,"Relatives, locals allege mystery  death  minor girl  CWC care, stage protest https://.co/WQcLD1xMLJ #Death",False,0,,2021-01-13 08:32:02,False,,1349272983219494914,,"<a href=""https://dlvrit.com/"" rel=""nofollow"">dlvr.it</a>",mathrubhumieng,1,False,False,,
