,,,text,favorited,favoriteCount,replyToSN,created,truncated,replyToSID,id,replyToUID,statusSource,screenName,retweetCount,isRetweet,retweeted,longitude,latitude
0,0,1,"02  Covid-19 deaths confirmed  Sri Lanka, confirmed  Department  Government Information
#death #COVID19SL https://.co/7LNro4WqvN",False,0,,2021-01-23 17:10:19,False,,1353027292457541632,,"<a href=""http://twitter.com/download/android"" rel=""nofollow"">Twitter for Android</a>",observerlk,0,False,False,,
1,1,2,"02  Covid-19 deaths confirmed  Sri Lanka, confirmed  Department  Government Information
#death #COVID19SL https://.co/7LNro4EP7d",False,0,,2021-01-23 16:57:57,False,,1353024180162240512,,"<a href=""http://twitter.com/download/android"" rel=""nofollow"">Twitter for Android</a>",observerlk,0,False,False,,
2,2,3,"Once  yeet,  never go back. <f0><U+009F><U+0099><U+0082>

#thoughs #darkness #death #Philosophy #yeet #justme #dumb #brainthings #ahman",False,0,,2021-01-20 08:33:04,False,,1351809961827811329,,"<a href=""http://twitter.com/download/android"" rel=""nofollow"">Twitter for Android</a>",7thresonance,0,False,False,,
3,3,4,"RT @PoetryofDespair: When I die, I' look  Keats   afterlife
<U+2661>
#poem #poetsofinstagram #poems #poem #pain #people #poetrycommunityÂ",False,0,,2021-01-20 05:41:06,False,,1351766682751143937,,"<a href=""https://twitter.com/_ThinkBot"" rel=""nofollow"">_ThinkBot</a>",_ThinkBot,2,True,False,,
4,4,5,"RT @PoetryofDespair: When I die, I' look  Keats   afterlife
<U+2661>
#poem #poetsofinstagram #poems #poem #pain #people #poetrycommunityÂ",False,0,,2021-01-20 05:40:38,False,,1351766567659335681,,"<a href=""http://twitter.com/download/android"" rel=""nofollow"">Twitter for Android</a>",AnneAmayaSilva,2,True,False,,
5,5,6,"When I die, I' look  Keats   afterlife
<U+2661>
#poem #poetsofinstagram #poems #poem #pain #peopleÂ https://.co/1pVO35PrDD",False,6,,2021-01-20 05:39:31,True,,1351766285432983552,,"<a href=""http://twitter.com/download/android"" rel=""nofollow"">Twitter for Android</a>",PoetryofDespair,2,False,False,,
6,6,7,Things  I want  talk ; You' never hear  end   #Editorial #philosophy #facts #family #ArnabGateÂ https://.co/MDIHEfRwXA,False,0,,2021-01-17 20:39:01,True,,1350905486086795264,,"<a href=""http://twitter.com/download/android"" rel=""nofollow"">Twitter for Android</a>",seegerblues,0,False,False,,
