,,,text,favorited,favoriteCount,replyToSN,created,truncated,replyToSID,id,replyToUID,statusSource,screenName,retweetCount,isRetweet,retweeted,longitude,latitude
0,0,1,"Another 04 Covid-19 deaths reported  Sri Lanka, confirmed  Department  Government Information
#DEATHÂ https://.co/6oczQBNRbf",False,0,,2020-12-30 17:03:13,True,,1344328199799406592,,"<a href=""https://about.twitter.com/products/tweetdeck"" rel=""nofollow"">TweetDeck</a>",observerlk,0,False,False,,
1,1,2,"NARA launches special probe  death  Dutch monk 

#lka #SriLanka #Netherlandmonk #death #murder #Investigation https://.co/J593PufP26",False,0,,2020-12-30 07:01:26,False,,1344176756207415297,,"<a href=""https://about.twitter.com/products/tweetdeck"" rel=""nofollow"">TweetDeck</a>",SriLankaMirror,0,False,False,,
2,2,3,"#Covid19 #Update<f0><U+009F><U+00A6><U+00A0>

<U+25AA><U+FE0F>- #One(01)  #COVID-19 related deaths   recorded increasing #SriLanka' #death tollÂ https://.co/x83jF2CEIR",False,2,,2020-12-29 14:59:08,True,,1343934583037980674,,"<a href=""http://twitter.com/download/iphone"" rel=""nofollow"">Twitter for iPhone</a>",Naveeth14,0,False,False,,
3,3,4,"#COVID19 #Update<f0><U+009F><U+00A6><U+00A0>

<U+25AA><U+FE0F>- #Four(04)  #COVID-19 related #fatalities confirmed   country, raising  #death Â https://.co/dWyInRHkJt",False,4,,2020-12-27 16:32:58,True,,1343233420625924098,,"<a href=""http://twitter.com/download/iphone"" rel=""nofollow"">Twitter for iPhone</a>",Naveeth14,0,False,False,,
4,4,5,"#COVID19 #Update<f0><U+009F><U+00A6><U+00A0>

<U+25AA><U+FE0F>- A 67- year-old  #Colombo15 #died  #COVID-19, raising  country' #death toll  187.Â https://.co/lKMADSam1R",False,1,,2020-12-26 15:42:34,True,,1342858351311527936,,"<a href=""http://twitter.com/download/iphone"" rel=""nofollow"">Twitter for iPhone</a>",Naveeth14,0,False,False,,
5,5,6,51-Year-Old Woman Found Dead At Karakonam Home; 26-Year-Old Husband In Police Custody https://.co/0S9xHzn2P0 #Death,False,1,,2020-12-26 07:20:02,False,,1342731885273784320,,"<a href=""https://dlvrit.com/"" rel=""nofollow"">dlvr.it</a>",mathrubhuminews,0,False,False,,
6,6,7,"#COVID19 #Update<f0><U+009F><U+00A6><U+00A0>

<U+25AA><U+FE0F>- Another #COVID 19 #death   reported,    54-year-old male  #Akkaraipattu. TÂ https://.co/Qd5b5taTBf",False,1,,2020-12-25 17:32:58,True,,1342523744946855939,,"<a href=""http://twitter.com/download/iphone"" rel=""nofollow"">Twitter for iPhone</a>",Naveeth14,0,False,False,,
7,7,8,"#BREAKING 
TO CHOSE HOW U R DONE WITH IT AFTER UR DEATH IS YOUR RIGHT. ISLAMIS HAVE THEIR R8 TO BE BURIED. 'WHO' ENÂ https://.co/VZJLjMTE6Q",False,1,,2020-12-25 17:24:40,True,,1342521655902367744,,"<a href=""https://mobile.twitter.com"" rel=""nofollow"">Twitter Web App</a>",Wikiayiyaa,0,False,False,,
