,,,text,favorited,favoriteCount,replyToSN,created,truncated,replyToSID,id,replyToUID,statusSource,screenName,retweetCount,isRetweet,retweeted,longitude,latitude
0,0,1,"Pakistani PM @ImranKhanPTI applauds SL decision  allow burials

Read   -https://.co/KjpIBVMU3A

#lkaÂ https://.co/7m0KzEvG4s",False,2,,2021-02-26 11:37:13,True,,1365264654390284289,,"<a href=""https://mobile.twitter.com"" rel=""nofollow"">Twitter Web App</a>",CeylonToday,0,False,False,,
1,1,2,"RT @CeylonToday: Remains   fishing cat discovered  Kotagala tea estate 

https://.co/jOnRRr14hJ 

#lka #SriLanka #wildlife #AnimalRigÂ",False,0,,2021-02-24 09:29:31,False,,1364507740500946947,,"<a href=""https://mobile.twitter.com"" rel=""nofollow"">Twitter Web App</a>",Lasaa_V,1,True,False,,
2,2,3,"Remains   fishing cat discovered  Kotagala tea estate 

https://.co/jOnRRr14hJ 

#lka #SriLanka #wildlifeÂ https://.co/lEZMGqeQOR",False,3,,2021-02-24 06:31:28,True,,1364462932709371904,,"<a href=""https://mobile.twitter.com"" rel=""nofollow"">Twitter Web App</a>",CeylonToday,1,False,False,,
3,3,4,"A temporary #ban   imposed  #Tourists  spending night   Mini WorldÂ End, Madolsima   MeegahakiwÂ https://.co/tm3yoAlQU0",False,1,,2021-02-22 10:10:09,True,,1363793191011446784,,"<a href=""https://about.twitter.com/products/tweetdeck"" rel=""nofollow"">TweetDeck</a>",observerlk,0,False,False,,
